{"type":"FeatureCollection","features":[{"type":"Feature","properties":{"origin":"osaka","minutes":59.4},"geometry":{"type":"Polygon","coordinates":[[[135.42,34.688],[135.42499999999998,34.688],[135.42499999999998,34.692],[135.42,34.692],[135.42,34.688]]]}},{"type":"Feature","properties":{"origin":"osaka","minutes":58.9},"geometry":{"type":"Polygon","coordinates":[[[135.42,34.692],[135.42499999999998,34.692],[135.42499999999998,34.696],[135.42,34.696],[135.42,34.692]]]}},{"type":"Feature","properties":{"origin":"osaka","minutes":58.5},"geometry":{"type":"Polygon","coordinates":[[[135.42,34.696000000000005],[135.42499999999998,34.696000000000005],[135.42499999999998,34.7],[135.42,34.7],[135.42,34.696000000000005]]]}},{"type":"Feature","properties":{"origin":"osaka","minutes":58.4},"geometry":{"type":"Polygon","coordinates":[[[135.42,34.7],[135.42499999999998,34.7],[135.42499999999998,34.704],[135.42,34.704],[135.42,34.7]]]}},{"type":"Feature","properties":{"origin":"osaka","minutes":58.5},"geometry":{"type":"Polygon","coordinates":[[[135.42,34.704],[135.42499999999998,34.704],[135.42499999999998,34.708],[135.42,34.708],[135.42,34.704]]]}},{"type":"Feature","properties":{"origin":"osaka","minutes":58.8},"geometry":{"type":"Polygon","coordinates":[[[135.42,34.708000000000006],[135.42499999999998,34.708000000000006],[135.42499999999998,34.712],[135.42,34.712],[135.42,34.708000000000006]]]}},{"type":"Feature","properties":{"origin":"osaka","minutes":59.3},"geometry":{"type":"Polygon","coordinates":[[[135.42,34.712],[135.42499999999998,34.712],[135.42499999999998,34.716],[135.42,34.716],[135.42,34.712]]]}},{"type":"Feature","properties":{"origin":"osaka","minutes":60.0},"geometry":{"type":"Polygon","coordinates":[[[135.42,34.716],[135.42499999999998,34.716],[135.42499999999998,34.72],[135.42,34.72],[135.42,34.716]]]}},{"type":"Feature","properties":{"origin":"osaka","minutes":59.2},"geometry":{"type":"Polygon","coordinates":[[[135.42499999999998,34.676],[135.42999999999998,34.676],[135.42999999999998,34.68],[135.42499999999998,34.68],[135.42499999999998,34.676]]]}},{"type":"Feature","properties":{"origin":"osaka","minutes":57.9},"geometry":{"type":"Polygon","coordinates":[[[135.42499999999998,34.68],[135.42999999999998,34.68],[135.42999999999998,34.684],[135.42499999999998,34.684],[135.42499999999998,34.68]]]}},{"type":"Feature","properties":{"origin":"osaka","minutes":56.9},"geometry":{"type":"Polygon","coordinates":[[[135.42499999999998,34.684000000000005],[135.42999999999998,34.684000000000005],[135.42999999999998,34.688],[135.42499999999998,34.688],[135.42499999999998,34.684000000000005]]]}},{"type":"Feature","properties":{"origin":"osaka","minutes":56.1},"geometry":{"type":"Polygon","coordinates":[[[135.42499999999998,34.688],[135.42999999999998,34.688],[135.42999999999998,34.692],[135.42499999999998,34.692],[135.42499999999998,34.688]]]}},{"type":"Feature","properties":{"origin":"osaka","minutes":55.5},"geometry":{"type":"Polygon","coordinates":[[[135.42499999999998,34.692],[135.42999999999998,34.692],[135.42999999999998,34.696],[135.42499999999998,34.696],[135.42499999999998,34.692]]]}},{"type":"Feature","properties":{"origin":"osaka","minutes":55.1},"geometry":{"type":"Polygon","coordinates":[[[135.42499999999998,34.696000000000005],[135.42999999999998,34.696000000000005],[135.42999999999998,34.7],[135.42499999999998,34.7],[135.42499999999998,34.696000000000005]]]}},{"type":"Feature","properties":{"origin":"osaka","minutes":54.9},"geometry":{"type":"Polygon","coordinates":[[[135.42499999999998,34.7],[135.42999999999998,34.7],[135.42999999999998,34.704],[135.42499999999998,34.704],[135.42499999999998,34.7]]]}},{"type":"Feature","properties":{"origin":"osaka","minutes":55.0},"geometry":{"type":"Polygon","coordinates":[[[135.42499999999998,34.704],[135.42999999999998,34.704],[135.42999999999998,34.708],[135.42499999999998,34.708],[135.42499999999998,34.704]]]}},{"type":"Feature","properties":{"origin":"osaka","minutes":55.4},"geometry":{"type":"Polygon","coordinates":[[[135.42499999999998,34.708000000000006],[135.42999999999998,34.708000000000006],[135.42999999999998,34.712],[135.42499999999998,34.712],[135.42499999999998,34.708000000000006]]]}},{"type":"Feature","properties":{"origin":"osaka","minutes":55.9},"geometry":{"type":"Polygon","coordinates":[[[135.42499999999998,34.712],[135.42999999999998,34.712],[135.42999999999998,34.716],[135.42499999999998,34.716],[135.42499999999998,34.712]]]}},{"type":"Feature","properties":{"origin":"osaka","minutes":56.7},"geometry":{"type":"Polygon","coordinates":[[[135.42499999999998,34.716],[135.42999999999998,34.716],[135.42999999999998,34.72],[135.42499999999998,34.72],[135.42499999999998,34.716]]]}},{"type":"Feature","properties":{"origin":"osaka","minutes":57.7},"geometry":{"type":"Polygon","coordinates":[[[135.42499999999998,34.72],[135.42999999999998,34.72],[135.42999999999998,34.724],[135.42499999999998,34.724],[135.42499999999998,34.72]]]}},{"type":"Feature","properties":{"origin":"osaka","minutes":58.9},"geometry":{"type":"Polygon","coordinates":[[[135.42499999999998,34.724000000000004],[135.42999999999998,34.724000000000004],[135.42999999999998,34.728],[135.42499999999998,34.728],[135.42499999999998,34.724000000000004]]]}},{"type":"Feature","properties":{"origin":"osaka","minutes":59.2},"geometry":{"type":"Polygon","coordinates":[[[135.43,34.668],[135.435,34.668],[135.435,34.672],[135.43,34.672],[135.43,34.668]]]}},{"type":"Feature","properties":{"origin":"osaka","minutes":57.6},"geometry":{"type":"Polygon","coordinates":[[[135.43,34.672000000000004],[135.435,34.672000000000004],[135.435,34.676],[135.43,34.676],[135.43,34.672000000000004]]]}},{"type":"Feature","properties":{"origin":"osaka","minutes":56.1},"geometry":{"type":"Polygon","coordinates":[[[135.43,34.676],[135.435,34.676],[135.435,34.68],[135.43,34.68],[135.43,34.676]]]}},{"type":"Feature","properties":{"origin":"osaka","minutes":54.7},"geometry":{"type":"Polygon","coordinates":[[[135.43,34.68],[135.435,34.68],[135.435,34.684],[135.43,34.684],[135.43,34.68]]]}},{"type":"Feature","properties":{"origin":"osaka","minutes":53.6},"geometry":{"type":"Polygon","coordinates":[[[135.43,34.684000000000005],[135.435,34.684000000000005],[135.435,34.688],[135.43,34.688],[135.43,34.684000000000005]]]}},{"type":"Feature","properties":{"origin":"osaka","minutes":52.7},"geometry":{"type":"Polygon","coordinates":[[[135.43,34.688],[135.435,34.688],[135.435,34.692],[135.43,34.692],[135.43,34.688]]]}},{"type":"Feature","properties":{"origin":"osaka","minutes":52.1},"geometry":{"type":"Polygon","coordinates":[[[135.43,34.692],[135.435,34.692],[135.435,34.696],[135.43,34.696],[135.43,34.692]]]}},{"type":"Feature","properties":{"origin":"osaka","minutes":51.7},"geometry":{"type":"Polygon","coordinates":[[[135.43,34.696000000000005],[135.435,34.696000000000005],[135.435,34.7],[135.43,34.7],[135.43,34.696000000000005]]]}},{"type":"Feature","properties":{"origin":"osaka","minutes":51.5},"geometry":{"type":"Polygon","coordinates":[[[135.43,34.7],[135.435,34.7],[135.435,34.704],[135.43,34.704],[135.43,34.7]]]}},{"type":"Feature","properties":{"origin":"osaka","minutes":51.6},"geometry":{"type":"Polygon","coordinates":[[[135.43,34.704],[135.435,34.704],[135.435,34.708],[135.43,34.708],[135.43,34.704]]]}},{"type":"Feature","properties":{"origin":"osaka","minutes":52.0},"geometry":{"type":"Polygon","coordinates":[[[135.43,34.708000000000006],[135.435,34.708000000000006],[135.435,34.712],[135.43,34.712],[135.43,34.708000000000006]]]}},{"type":"Feature","properties":{"origin":"osaka","minutes":52.5},"geometry":{"type":"Polygon","coordinates":[[[135.43,34.712],[135.435,34.712],[135.435,34.716],[135.43,34.716],[135.43,34.712]]]}},{"type":"Feature","properties":{"origin":"osaka","minutes":53.4},"geometry":{"type":"Polygon","coordinates":[[[135.43,34.716],[135.435,34.716],[135.435,34.72],[135.43,34.72],[135.43,34.716]]]}},{"type":"Feature","properties":{"origin":"osaka","minutes":54.4},"geometry":{"type":"Polygon","coordinates":[[[135.43,34.72],[135.435,34.72],[135.435,34.724],[135.43,34.724],[135.43,34.72]]]}},{"type":"Feature","properties":{"origin":"osaka","minutes":55.7},"geometry":{"type":"Polygon","coordinates":[[[135.43,34.724000000000004],[135.435,34.724000000000004],[135.435,34.728],[135.43,34.728],[135.43,34.724000000000004]]]}},{"type":"Feature","properties":{"origin":"osaka","minutes":57.2},"geometry":{"type":"Polygon","coordinates":[[[135.43,34.728],[135.435,34.728],[135.435,34.732],[135.43,34.732],[135.43,34.728]]]}},{"type":"Feature","properties":{"origin":"osaka","minutes":58.8},"geometry":{"type":"Polygon","coordinates":[[[135.43,34.732],[135.435,34.732],[135.435,34.736],[135.43,34.736],[135.43,34.732]]]}},{"type":"Feature","properties":{"origin":"osaka","minutes":58.3},"geometry":{"type":"Polygon","coordinates":[[[135.435,34.664],[135.44,34.664],[135.44,34.668],[135.435,34.668],[135.435,34.664]]]}},{"type":"Feature","properties":{"origin":"osaka","minutes":56.4},"geometry":{"type":"Polygon","coordinates":[[[135.435,34.668],[135.44,34.668],[135.44,34.672],[135.435,34.672],[135.435,34.668]]]}},{"type":"Feature","properties":{"origin":"osaka","minutes":54.6},"geometry":{"type":"Polygon","coordinates":[[[135.435,34.672000000000004],[135.44,34.672000000000004],[135.44,34.676],[135.435,34.676],[135.435,34.672000000000004]]]}},{"type":"Feature","properties":{"origin":"osaka","minutes":53.0},"geometry":{"type":"Polygon","coordinates":[[[135.435,34.676],[135.44,34.676],[135.44,34.68],[135.435,34.68],[135.435,34.676]]]}},{"type":"Feature","properties":{"origin":"osaka","minutes":51.6},"geometry":{"type":"Polygon","coordinates":[[[135.435,34.68],[135.44,34.68],[135.44,34.684],[135.435,34.684],[135.435,34.68]]]}},{"type":"Feature","properties":{"origin":"osaka","minutes":50.4},"geometry":{"type":"Polygon","coordinates":[[[135.435,34.684000000000005],[135.44,34.684000000000005],[135.44,34.688],[135.435,34.688],[135.435,34.684000000000005]]]}},{"type":"Feature","properties":{"origin":"osaka","minutes":49.4},"geometry":{"type":"Polygon","coordinates":[[[135.435,34.688],[135.44,34.688],[135.44,34.692],[135.435,34.692],[135.435,34.688]]]}},{"type":"Feature","properties":{"origin":"osaka","minutes":48.7},"geometry":{"type":"Polygon","coordinates":[[[135.435,34.692],[135.44,34.692],[135.44,34.696],[135.435,34.696],[135.435,34.692]]]}},{"type":"Feature","properties":{"origin":"osaka","minutes":48.3},"geometry":{"type":"Polygon","coordinates":[[[135.435,34.696000000000005],[135.44,34.696000000000005],[135.44,34.7],[135.435,34.7],[135.435,34.696000000000005]]]}},{"type":"Feature","properties":{"origin":"osaka","minutes":48.1},"geometry":{"type":"Polygon","coordinates":[[[135.435,34.7],[135.44,34.7],[135.44,34.704],[135.435,34.704],[135.435,34.7]]]}},{"type":"Feature","properties":{"origin":"osaka","minutes":48.2},"geometry":{"type":"Polygon","coordinates":[[[135.435,34.704],[135.44,34.704],[135.44,34.708],[135.435,34.708],[135.435,34.704]]]}},{"type":"Feature","properties":{"origin":"osaka","minutes":48.6},"geometry":{"type":"Polygon","coordinates":[[[135.435,34.708000000000006],[135.44,34.708000000000006],[135.44,34.712],[135.435,34.712],[135.435,34.708000000000006]]]}},{"type":"Feature","properties":{"origin":"osaka","minutes":49.2},"geometry":{"type":"Polygon","coordinates":[[[135.435,34.712],[135.44,34.712],[135.44,34.716],[135.435,34.716],[135.435,34.712]]]}},{"type":"Feature","properties":{"origin":"osaka","minutes":50.1},"geometry":{"type":"Polygon","coordinates":[[[135.435,34.716],[135.44,34.716],[135.44,34.72],[135.435,34.72],[135.435,34.716]]]}},{"type":"Feature","properties":{"origin":"osaka","minutes":51.2},"geometry":{"type":"Polygon","coordinates":[[[135.435,34.72],[135.44,34.72],[135.44,34.724],[135.435,34.724],[135.435,34.72]]]}},{"type":"Feature","properties":{"origin":"osaka","minutes":52.6},"geometry":{"type":"Polygon","coordinates":[[[135.435,34.724000000000004],[135.44,34.724000000000004],[135.44,34.728],[135.435,34.728],[135.435,34.724000000000004]]]}},{"type":"Feature","properties":{"origin":"osaka","minutes":54.2},"geometry":{"type":"Polygon","coordinates":[[[135.435,34.728],[135.44,34.728],[135.44,34.732],[135.435,34.732],[135.435,34.728]]]}},{"type":"Feature","properties":{"origin":"osaka","minutes":55.9},"geometry":{"type":"Polygon","coordinates":[[[135.435,34.732],[135.44,34.732],[135.44,34.736],[135.435,34.736],[135.435,34.732]]]}},{"type":"Feature","properties":{"origin":"osaka","minutes":57.8},"geometry":{"type":"Polygon","coordinates":[[[135.435,34.736000000000004],[135.44,34.736000000000004],[135.44,34.74],[135.435,34.74],[135.435,34.736000000000004]]]}},{"type":"Feature","properties":{"origin":"osaka","minutes":59.8},"geometry":{"type":"Polygon","coordinates":[[[135.435,34.74],[135.44,34.74],[135.44,34.744],[135.435,34.744],[135.435,34.74]]]}},{"type":"Feature","properties":{"origin":"osaka","minutes":57.8},"geometry":{"type":"Polygon","coordinates":[[[135.44,34.660000000000004],[135.445,34.660000000000004],[135.445,34.664],[135.44,34.664],[135.44,34.660000000000004]]]}},{"type":"Feature","properties":{"origin":"osaka","minutes":55.6},"geometry":{"type":"Polygon","coordinates":[[[135.44,34.664],[135.445,34.664],[135.445,34.668],[135.44,34.668],[135.44,34.664]]]}},{"type":"Feature","properties":{"origin":"osaka","minutes":53.6},"geometry":{"type":"Polygon","coordinates":[[[135.44,34.668],[135.445,34.668],[135.445,34.672],[135.44,34.672],[135.44,34.668]]]}},{"type":"Feature","properties":{"origin":"osaka","minutes":51.7},"geometry":{"type":"Polygon","coordinates":[[[135.44,34.672000000000004],[135.445,34.672000000000004],[135.445,34.676],[135.44,34.676],[135.44,34.672000000000004]]]}},{"type":"Feature","properties":{"origin":"osaka","minutes":49.9},"geometry":{"type":"Polygon","coordinates":[[[135.44,34.676],[135.445,34.676],[135.445,34.68],[135.44,34.68],[135.44,34.676]]]}},{"type":"Feature","properties":{"origin":"osaka","minutes":48.4},"geometry":{"type":"Polygon","coordinates":[[[135.44,34.68],[135.445,34.68],[135.445,34.684],[135.44,34.684],[135.44,34.68]]]}},{"type":"Feature","properties":{"origin":"osaka","minutes":47.1},"geometry":{"type":"Polygon","coordinates":[[[135.44,34.684000000000005],[135.445,34.684000000000005],[135.445,34.688],[135.44,34.688],[135.44,34.684000000000005]]]}},{"type":"Feature","properties":{"origin":"osaka","minutes":46.1},"geometry":{"type":"Polygon","coordinates":[[[135.44,34.688],[135.445,34.688],[135.445,34.692],[135.44,34.692],[135.44,34.688]]]}},{"type":"Feature","properties":{"origin":"osaka","minutes":45.3},"geometry":{"type":"Polygon","coordinates":[[[135.44,34.692],[135.445,34.692],[135.445,34.696],[135.44,34.696],[135.44,34.692]]]}},{"type":"Feature","properties":{"origin":"osaka","minutes":44.8},"geometry":{"type":"Polygon","coordinates":[[[135.44,34.696000000000005],[135.445,34.696000000000005],[135.445,34.7],[135.44,34.7],[135.44,34.696000000000005]]]}},{"type":"Feature","properties":{"origin":"osaka","minutes":44.6},"geometry":{"type":"Polygon","coordinates":[[[135.44,34.7],[135.445,34.7],[135.445,34.704],[135.44,34.704],[135.44,34.7]]]}},{"type":"Feature","properties":{"origin":"osaka","minutes":44.8},"geometry":{"type":"Polygon","coordinates":[[[135.44,34.704],[135.445,34.704],[135.445,34.708],[135.44,34.708],[135.44,34.704]]]}},{"type":"Feature","properties":{"origin":"osaka","minutes":45.2},"geometry":{"type":"Polygon","coordinates":[[[135.44,34.708000000000006],[135.445,34.708000000000006],[135.445,34.712],[135.44,34.712],[135.44,34.708000000000006]]]}},{"type":"Feature","properties":{"origin":"osaka","minutes":45.9},"geometry":{"type":"Polygon","coordinates":[[[135.44,34.712],[135.445,34.712],[135.445,34.716],[135.44,34.716],[135.44,34.712]]]}},{"type":"Feature","properties":{"origin":"osaka","minutes":46.9},"geometry":{"type":"Polygon","coordinates":[[[135.44,34.716],[135.445,34.716],[135.445,34.72],[135.44,34.72],[135.44,34.716]]]}},{"type":"Feature","properties":{"origin":"osaka","minutes":48.1},"geometry":{"type":"Polygon","coordinates":[[[135.44,34.72],[135.445,34.72],[135.445,34.724],[135.44,34.724],[135.44,34.72]]]}},{"type":"Feature","properties":{"origin":"osaka","minutes":49.5},"geometry":{"type":"Polygon","coordinates":[[[135.44,34.724000000000004],[135.445,34.724000000000004],[135.445,34.728],[135.44,34.728],[135.44,34.724000000000004]]]}},{"type":"Feature","properties":{"origin":"osaka","minutes":51.2},"geometry":{"type":"Polygon","coordinates":[[[135.44,34.728],[135.445,34.728],[135.445,34.732],[135.44,34.732],[135.44,34.728]]]}},{"type":"Feature","properties":{"origin":"osaka","minutes":53.1},"geometry":{"type":"Polygon","coordinates":[[[135.44,34.732],[135.445,34.732],[135.445,34.736],[135.44,34.736],[135.44,34.732]]]}},{"type":"Feature","properties":{"origin":"osaka","minutes":55.1},"geometry":{"type":"Polygon","coordinates":[[[135.44,34.736000000000004],[135.445,34.736000000000004],[135.445,34.74],[135.44,34.74],[135.44,34.736000000000004]]]}},{"type":"Feature","properties":{"origin":"osaka","minutes":57.2},"geometry":{"type":"Polygon","coordinates":[[[135.44,34.74],[135.445,34.74],[135.445,34.744],[135.44,34.744],[135.44,34.74]]]}},{"type":"Feature","properties":{"origin":"osaka","minutes":59.5},"geometry":{"type":"Polygon","coordinates":[[[135.44,34.744],[135.445,34.744],[135.445,34.748],[135.44,34.748],[135.44,34.744]]]}},{"type":"Feature","properties":{"origin":"osaka","minutes":57.8},"geometry":{"type":"Polygon","coordinates":[[[135.445,34.656],[135.45,34.656],[135.45,34.66],[135.445,34.66],[135.445,34.656]]]}},{"type":"Feature","properties":{"origin":"osaka","minutes":55.3},"geometry":{"type":"Polygon","coordinates":[[[135.445,34.660000000000004],[135.45,34.660000000000004],[135.45,34.664],[135.445,34.664],[135.445,34.660000000000004]]]}},{"type":"Feature","properties":{"origin":"osaka","minutes":53.0},"geometry":{"type":"Polygon","coordinates":[[[135.445,34.664],[135.45,34.664],[135.45,34.668],[135.445,34.668],[135.445,34.664]]]}},{"type":"Feature","properties":{"origin":"osaka","minutes":50.8},"geometry":{"type":"Polygon","coordinates":[[[135.445,34.668],[135.45,34.668],[135.45,34.672],[135.445,34.672],[135.445,34.668]]]}},{"type":"Feature","properties":{"origin":"osaka","minutes":48.8},"geometry":{"type":"Polygon","coordinates":[[[135.445,34.672000000000004],[135.45,34.672000000000004],[135.45,34.676],[135.445,34.676],[135.445,34.672000000000004]]]}},{"type":"Feature","properties":{"origin":"osaka","minutes":47.0},"geometry":{"type":"Polygon","coordinates":[[[135.445,34.676],[135.45,34.676],[135.45,34.68],[135.445,34.68],[135.445,34.676]]]}},{"type":"Feature","properties":{"origin":"osaka","minutes":45.3},"geometry":{"type":"Polygon","coordinates":[[[135.445,34.68],[135.45,34.68],[135.45,34.684],[135.445,34.684],[135.445,34.68]]]}},{"type":"Feature","properties":{"origin":"osaka","minutes":43.9},"geometry":{"type":"Polygon","coordinates":[[[135.445,34.684000000000005],[135.45,34.684000000000005],[135.45,34.688],[135.445,34.688],[135.445,34.684000000000005]]]}},{"type":"Feature","properties":{"origin":"osaka","minutes":42.8},"geometry":{"type":"Polygon","coordinates":[[[135.445,34.688],[135.45,34.688],[135.45,34.692],[135.445,34.692],[135.445,34.688]]]}},{"type":"Feature","properties":{"origin":"osaka","minutes":42.0},"geometry":{"type":"Polygon","coordinates":[[[135.445,34.692],[135.45,34.692],[135.45,34.696],[135.445,34.696],[135.445,34.692]]]}},{"type":"Feature","properties":{"origin":"osaka","minutes":41.4},"geometry":{"type":"Polygon","coordinates":[[[135.445,34.696000000000005],[135.45,34.696000000000005],[135.45,34.7],[135.445,34.7],[135.445,34.696000000000005]]]}},{"type":"Feature","properties":{"origin":"osaka","minutes":41.2},"geometry":{"type":"Polygon","coordinates":[[[135.445,34.7],[135.45,34.7],[135.45,34.704],[135.445,34.704],[135.445,34.7]]]}},{"type":"Feature","properties":{"origin":"osaka","minutes":41.3},"geometry":{"type":"Polygon","coordinates":[[[135.445,34.704],[135.45,34.704],[135.45,34.708],[135.445,34.708],[135.445,34.704]]]}},{"type":"Feature","properties":{"origin":"osaka","minutes":41.8},"geometry":{"type":"Polygon","coordinates":[[[135.445,34.708000000000006],[135.45,34.708000000000006],[135.45,34.712],[135.445,34.712],[135.445,34.708000000000006]]]}},{"type":"Feature","properties":{"origin":"osaka","minutes":42.6},"geometry":{"type":"Polygon","coordinates":[[[135.445,34.712],[135.45,34.712],[135.45,34.716],[135.445,34.716],[135.445,34.712]]]}},{"type":"Feature","properties":{"origin":"osaka","minutes":43.6},"geometry":{"type":"Polygon","coordinates":[[[135.445,34.716],[135.45,34.716],[135.45,34.72],[135.445,34.72],[135.445,34.716]]]}},{"type":"Feature","properties":{"origin":"osaka","minutes":45.0},"geometry":{"type":"Polygon","coordinates":[[[135.445,34.72],[135.45,34.72],[135.45,34.724],[135.445,34.724],[135.445,34.72]]]}},{"type":"Feature","properties":{"origin":"osaka","minutes":46.5},"geometry":{"type":"Polygon","coordinates":[[[135.445,34.724000000000004],[135.45,34.724000000000004],[135.45,34.728],[135.445,34.728],[135.445,34.724000000000004]]]}},{"type":"Feature","properties":{"origin":"osaka","minutes":48.3},"geometry":{"type":"Polygon","coordinates":[[[135.445,34.728],[135.45,34.728],[135.45,34.732],[135.445,34.732],[135.445,34.728]]]}},{"type":"Feature","properties":{"origin":"osaka","minutes":50.3},"geometry":{"type":"Polygon","coordinates":[[[135.445,34.732],[135.45,34.732],[135.45,34.736],[135.445,34.736],[135.445,34.732]]]}},{"type":"Feature","properties":{"origin":"osaka","minutes":52.5},"geometry":{"type":"Polygon","coordinates":[[[135.445,34.736000000000004],[135.45,34.736000000000004],[135.45,34.74],[135.445,34.74],[135.445,34.736000000000004]]]}},{"type":"Feature","properties":{"origin":"osaka","minutes":54.7},"geometry":{"type":"Polygon","coordinates":[[[135.445,34.74],[135.45,34.74],[135.45,34.744],[135.445,34.744],[135.445,34.74]]]}},{"type":"Feature","properties":{"origin":"osaka","minutes":57.1},"geometry":{"type":"Polygon","coordinates":[[[135.445,34.744],[135.45,34.744],[135.45,34.748],[135.445,34.748],[135.445,34.744]]]}},{"type":"Feature","properties":{"origin":"osaka","minutes":59.6},"geometry":{"type":"Polygon","coordinates":[[[135.445,34.748000000000005],[135.45,34.748000000000005],[135.45,34.752],[135.445,34.752],[135.445,34.748000000000005]]]}},{"type":"Feature","properties":{"origin":"osaka","minutes":58.2},"geometry":{"type":"Polygon","coordinates":[[[135.45,34.652],[135.45499999999998,34.652],[135.45499999999998,34.656],[135.45,34.656],[135.45,34.652]]]}},{"type":"Feature","properties":{"origin":"osaka","minutes":55.5},"geometry":{"type":"Polygon","coordinates":[[[135.45,34.656],[135.45499999999998,34.656],[135.45499999999998,34.66],[135.45,34.66],[135.45,34.656]]]}},{"type":"Feature","properties":{"origin":"osaka","minutes":53.0},"geometry":{"type":"Polygon","coordinates":[[[135.45,34.660000000000004],[135.45499999999998,34.660000000000004],[135.45499999999998,34.664],[135.45,34.664],[135.45,34.660000000000004]]]}},{"type":"Feature","properties":{"origin":"osaka","minutes":50.5},"geometry":{"type":"Polygon","coordinates":[[[135.45,34.664],[135.45499999999998,34.664],[135.45499999999998,34.668],[135.45,34.668],[135.45,34.664]]]}},{"type":"Feature","properties":{"origin":"osaka","minutes":48.2},"geometry":{"type":"Polygon","coordinates":[[[135.45,34.668],[135.45499999999998,34.668],[135.45499999999998,34.672],[135.45,34.672],[135.45,34.668]]]}},{"type":"Feature","properties":{"origin":"osaka","minutes":46.1},"geometry":{"type":"Polygon","coordinates":[[[135.45,34.672000000000004],[135.45499999999998,34.672000000000004],[135.45499999999998,34.676],[135.45,34.676],[135.45,34.672000000000004]]]}},{"type":"Feature","properties":{"origin":"osaka","minutes":44.1},"geometry":{"type":"Polygon","coordinates":[[[135.45,34.676],[135.45499999999998,34.676],[135.45499999999998,34.68],[135.45,34.68],[135.45,34.676]]]}},{"type":"Feature","properties":{"origin":"osaka","minutes":42.3},"geometry":{"type":"Polygon","coordinates":[[[135.45,34.68],[135.45499999999998,34.68],[135.45499999999998,34.684],[135.45,34.684],[135.45,34.68]]]}},{"type":"Feature","properties":{"origin":"osaka","minutes":40.8},"geometry":{"type":"Polygon","coordinates":[[[135.45,34.684000000000005],[135.45499999999998,34.684000000000005],[135.45499999999998,34.688],[135.45,34.688],[135.45,34.684000000000005]]]}},{"type":"Feature","properties":{"origin":"osaka","minutes":39.5},"geometry":{"type":"Polygon","coordinates":[[[135.45,34.688],[135.45499999999998,34.688],[135.45499999999998,34.692],[135.45,34.692],[135.45,34.688]]]}},{"type":"Feature","properties":{"origin":"osaka","minutes":38.6},"geometry":{"type":"Polygon","coordinates":[[[135.45,34.692],[135.45499999999998,34.692],[135.45499999999998,34.696],[135.45,34.696],[135.45,34.692]]]}},{"type":"Feature","properties":{"origin":"osaka","minutes":38.0},"geometry":{"type":"Polygon","coordinates":[[[135.45,34.696000000000005],[135.45499999999998,34.696000000000005],[135.45499999999998,34.7],[135.45,34.7],[135.45,34.696000000000005]]]}},{"type":"Feature","properties":{"origin":"osaka","minutes":37.8},"geometry":{"type":"Polygon","coordinates":[[[135.45,34.7],[135.45499999999998,34.7],[135.45499999999998,34.704],[135.45,34.704],[135.45,34.7]]]}},{"type":"Feature","properties":{"origin":"osaka","minutes":37.9},"geometry":{"type":"Polygon","coordinates":[[[135.45,34.704],[135.45499999999998,34.704],[135.45499999999998,34.708],[135.45,34.708],[135.45,34.704]]]}},{"type":"Feature","properties":{"origin":"osaka","minutes":38.4},"geometry":{"type":"Polygon","coordinates":[[[135.45,34.708000000000006],[135.45499999999998,34.708000000000006],[135.45499999999998,34.712],[135.45,34.712],[135.45,34.708000000000006]]]}},{"type":"Feature","properties":{"origin":"osaka","minutes":39.3},"geometry":{"type":"Polygon","coordinates":[[[135.45,34.712],[135.45499999999998,34.712],[135.45499999999998,34.716],[135.45,34.716],[135.45,34.712]]]}},{"type":"Feature","properties":{"origin":"osaka","minutes":40.5},"geometry":{"type":"Polygon","coordinates":[[[135.45,34.716],[135.45499999999998,34.716],[135.45499999999998,34.72],[135.45,34.72],[135.45,34.716]]]}},{"type":"Feature","properties":{"origin":"osaka","minutes":41.9},"geometry":{"type":"Polygon","coordinates":[[[135.45,34.72],[135.45499999999998,34.72],[135.45499999999998,34.724],[135.45,34.724],[135.45,34.72]]]}},{"type":"Feature","properties":{"origin":"osaka","minutes":43.6},"geometry":{"type":"Polygon","coordinates":[[[135.45,34.724000000000004],[135.45499999999998,34.724000000000004],[135.45499999999998,34.728],[135.45,34.728],[135.45,34.724000000000004]]]}},{"type":"Feature","properties":{"origin":"osaka","minutes":45.6},"geometry":{"type":"Polygon","coordinates":[[[135.45,34.728],[135.45499999999998,34.728],[135.45499999999998,34.732],[135.45,34.732],[135.45,34.728]]]}},{"type":"Feature","properties":{"origin":"osaka","minutes":47.7},"geometry":{"type":"Polygon","coordinates":[[[135.45,34.732],[135.45499999999998,34.732],[135.45499999999998,34.736],[135.45,34.736],[135.45,34.732]]]}},{"type":"Feature","properties":{"origin":"osaka","minutes":50.0},"geometry":{"type":"Polygon","coordinates":[[[135.45,34.736000000000004],[135.45499999999998,34.736000000000004],[135.45499999999998,34.74],[135.45,34.74],[135.45,34.736000000000004]]]}},{"type":"Feature","properties":{"origin":"osaka","minutes":52.4},"geometry":{"type":"Polygon","coordinates":[[[135.45,34.74],[135.45499999999998,34.74],[135.45499999999998,34.744],[135.45,34.744],[135.45,34.74]]]}},{"type":"Feature","properties":{"origin":"osaka","minutes":54.9},"geometry":{"type":"Polygon","coordinates":[[[135.45,34.744],[135.45499999999998,34.744],[135.45499999999998,34.748],[135.45,34.748],[135.45,34.744]]]}},{"type":"Feature","properties":{"origin":"osaka","minutes":57.5},"geometry":{"type":"Polygon","coordinates":[[[135.45,34.748000000000005],[135.45499999999998,34.748000000000005],[135.45499999999998,34.752],[135.45,34.752],[135.45,34.748000000000005]]]}},{"type":"Feature","properties":{"origin":"osaka","minutes":59.0},"geometry":{"type":"Polygon","coordinates":[[[135.45499999999998,34.648],[135.45999999999998,34.648],[135.45999999999998,34.652],[135.45499999999998,34.652],[135.45499999999998,34.648]]]}},{"type":"Feature","properties":{"origin":"osaka","minutes":56.2},"geometry":{"type":"Polygon","coordinates":[[[135.45499999999998,34.652],[135.45999999999998,34.652],[135.45999999999998,34.656],[135.45499999999998,34.656],[135.45499999999998,34.652]]]}},{"type":"Feature","properties":{"origin":"osaka","minutes":53.5},"geometry":{"type":"Polygon","coordinates":[[[135.45499999999998,34.656],[135.45999999999998,34.656],[135.45999999999998,34.66],[135.45499999999998,34.66],[135.45499999999998,34.656]]]}},{"type":"Feature","properties":{"origin":"osaka","minutes":50.8},"geometry":{"type":"Polygon","coordinates":[[[135.45499999999998,34.660000000000004],[135.45999999999998,34.660000000000004],[135.45999999999998,34.664],[135.45499999999998,34.664],[135.45499999999998,34.660000000000004]]]}},{"type":"Feature","properties":{"origin":"osaka","minutes":48.2},"geometry":{"type":"Polygon","coordinates":[[[135.45499999999998,34.664],[135.45999999999998,34.664],[135.45999999999998,34.668],[135.45499999999998,34.668],[135.45499999999998,34.664]]]}},{"type":"Feature","properties":{"origin":"osaka","minutes":45.8},"geometry":{"type":"Polygon","coordinates":[[[135.45499999999998,34.668],[135.45999999999998,34.668],[135.45999999999998,34.672],[135.45499999999998,34.672],[135.45499999999998,34.668]]]}},{"type":"Feature","properties":{"origin":"osaka","minutes":43.5},"geometry":{"type":"Polygon","coordinates":[[[135.45499999999998,34.672000000000004],[135.45999999999998,34.672000000000004],[135.45999999999998,34.676],[135.45499999999998,34.676],[135.45499999999998,34.672000000000004]]]}},{"type":"Feature","properties":{"origin":"osaka","minutes":41.3},"geometry":{"type":"Polygon","coordinates":[[[135.45499999999998,34.676],[135.45999999999998,34.676],[135.45999999999998,34.68],[135.45499999999998,34.68],[135.45499999999998,34.676]]]}},{"type":"Feature","properties":{"origin":"osaka","minutes":39.4},"geometry":{"type":"Polygon","coordinates":[[[135.45499999999998,34.68],[135.45999999999998,34.68],[135.45999999999998,34.684],[135.45499999999998,34.684],[135.45499999999998,34.68]]]}},{"type":"Feature","properties":{"origin":"osaka","minutes":37.7},"geometry":{"type":"Polygon","coordinates":[[[135.45499999999998,34.684000000000005],[135.45999999999998,34.684000000000005],[135.45999999999998,34.688],[135.45499999999998,34.688],[135.45499999999998,34.684000000000005]]]}},{"type":"Feature","properties":{"origin":"osaka","minutes":36.3},"geometry":{"type":"Polygon","coordinates":[[[135.45499999999998,34.688],[135.45999999999998,34.688],[135.45999999999998,34.692],[135.45499999999998,34.692],[135.45499999999998,34.688]]]}},{"type":"Feature","properties":{"origin":"osaka","minutes":35.3},"geometry":{"type":"Polygon","coordinates":[[[135.45499999999998,34.692],[135.45999999999998,34.692],[135.45999999999998,34.696],[135.45499999999998,34.696],[135.45499999999998,34.692]]]}},{"type":"Feature","properties":{"origin":"osaka","minutes":34.6},"geometry":{"type":"Polygon","coordinates":[[[135.45499999999998,34.696000000000005],[135.45999999999998,34.696000000000005],[135.45999999999998,34.7],[135.45499999999998,34.7],[135.45499999999998,34.696000000000005]]]}},{"type":"Feature","properties":{"origin":"osaka","minutes":34.4},"geometry":{"type":"Polygon","coordinates":[[[135.45499999999998,34.7],[135.45999999999998,34.7],[135.45999999999998,34.704],[135.45499999999998,34.704],[135.45499999999998,34.7]]]}},{"type":"Feature","properties":{"origin":"osaka","minutes":34.5},"geometry":{"type":"Polygon","coordinates":[[[135.45499999999998,34.704],[135.45999999999998,34.704],[135.45999999999998,34.708],[135.45499999999998,34.708],[135.45499999999998,34.704]]]}},{"type":"Feature","properties":{"origin":"osaka","minutes":35.1},"geometry":{"type":"Polygon","coordinates":[[[135.45499999999998,34.708000000000006],[135.45999999999998,34.708000000000006],[135.45999999999998,34.712],[135.45499999999998,34.712],[135.45499999999998,34.708000000000006]]]}},{"type":"Feature","properties":{"origin":"osaka","minutes":36.0},"geometry":{"type":"Polygon","coordinates":[[[135.45499999999998,34.712],[135.45999999999998,34.712],[135.45999999999998,34.716],[135.45499999999998,34.716],[135.45499999999998,34.712]]]}},{"type":"Feature","properties":{"origin":"osaka","minutes":37.3},"geometry":{"type":"Polygon","coordinates":[[[135.45499999999998,34.716],[135.45999999999998,34.716],[135.45999999999998,34.72],[135.45499999999998,34.72],[135.45499999999998,34.716]]]}},{"type":"Feature","properties":{"origin":"osaka","minutes":39.0},"geometry":{"type":"Polygon","coordinates":[[[135.45499999999998,34.72],[135.45999999999998,34.72],[135.45999999999998,34.724],[135.45499999999998,34.724],[135.45499999999998,34.72]]]}},{"type":"Feature","properties":{"origin":"osaka","minutes":40.8},"geometry":{"type":"Polygon","coordinates":[[[135.45499999999998,34.724000000000004],[135.45999999999998,34.724000000000004],[135.45999999999998,34.728],[135.45499999999998,34.728],[135.45499999999998,34.724000000000004]]]}},{"type":"Feature","properties":{"origin":"osaka","minutes":42.9},"geometry":{"type":"Polygon","coordinates":[[[135.45499999999998,34.728],[135.45999999999998,34.728],[135.45999999999998,34.732],[135.45499999999998,34.732],[135.45499999999998,34.728]]]}},{"type":"Feature","properties":{"origin":"osaka","minutes":45.2},"geometry":{"type":"Polygon","coordinates":[[[135.45499999999998,34.732],[135.45999999999998,34.732],[135.45999999999998,34.736],[135.45499999999998,34.736],[135.45499999999998,34.732]]]}},{"type":"Feature","properties":{"origin":"osaka","minutes":47.6},"geometry":{"type":"Polygon","coordinates":[[[135.45499999999998,34.736000000000004],[135.45999999999998,34.736000000000004],[135.45999999999998,34.74],[135.45499999999998,34.74],[135.45499999999998,34.736000000000004]]]}},{"type":"Feature","properties":{"origin":"osaka","minutes":50.1},"geometry":{"type":"Polygon","coordinates":[[[135.45499999999998,34.74],[135.45999999999998,34.74],[135.45999999999998,34.744],[135.45499999999998,34.744],[135.45499999999998,34.74]]]}},{"type":"Feature","properties":{"origin":"osaka","minutes":52.8},"geometry":{"type":"Polygon","coordinates":[[[135.45499999999998,34.744],[135.45999999999998,34.744],[135.45999999999998,34.748],[135.45499999999998,34.748],[135.45499999999998,34.744]]]}},{"type":"Feature","properties":{"origin":"osaka","minutes":55.5},"geometry":{"type":"Polygon","coordinates":[[[135.45499999999998,34.748000000000005],[135.45999999999998,34.748000000000005],[135.45999999999998,34.752],[135.45499999999998,34.752],[135.45499999999998,34.748000000000005]]]}},{"type":"Feature","properties":{"origin":"osaka","minutes":58.3},"geometry":{"type":"Polygon","coordinates":[[[135.45499999999998,34.752],[135.45999999999998,34.752],[135.45999999999998,34.756],[135.45499999999998,34.756],[135.45499999999998,34.752]]]}},{"type":"Feature","properties":{"origin":"osaka","minutes":57.4},"geometry":{"type":"Polygon","coordinates":[[[135.46,34.648],[135.465,34.648],[135.465,34.652],[135.46,34.652],[135.46,34.648]]]}},{"type":"Feature","properties":{"origin":"osaka","minutes":54.4},"geometry":{"type":"Polygon","coordinates":[[[135.46,34.652],[135.465,34.652],[135.465,34.656],[135.46,34.656],[135.46,34.652]]]}},{"type":"Feature","properties":{"origin":"osaka","minutes":51.6},"geometry":{"type":"Polygon","coordinates":[[[135.46,34.656],[135.465,34.656],[135.465,34.66],[135.46,34.66],[135.46,34.656]]]}},{"type":"Feature","properties":{"origin":"osaka","minutes":48.8},"geometry":{"type":"Polygon","coordinates":[[[135.46,34.660000000000004],[135.465,34.660000000000004],[135.465,34.664],[135.46,34.664],[135.46,34.660000000000004]]]}},{"type":"Feature","properties":{"origin":"osaka","minutes":46.1},"geometry":{"type":"Polygon","coordinates":[[[135.46,34.664],[135.465,34.664],[135.465,34.668],[135.46,34.668],[135.46,34.664]]]}},{"type":"Feature","properties":{"origin":"osaka","minutes":43.5},"geometry":{"type":"Polygon","coordinates":[[[135.46,34.668],[135.465,34.668],[135.465,34.672],[135.46,34.672],[135.46,34.668]]]}},{"type":"Feature","properties":{"origin":"osaka","minutes":41.0},"geometry":{"type":"Polygon","coordinates":[[[135.46,34.672000000000004],[135.465,34.672000000000004],[135.465,34.676],[135.46,34.676],[135.46,34.672000000000004]]]}},{"type":"Feature","properties":{"origin":"osaka","minutes":38.7},"geometry":{"type":"Polygon","coordinates":[[[135.46,34.676],[135.465,34.676],[135.465,34.68],[135.46,34.68],[135.46,34.676]]]}},{"type":"Feature","properties":{"origin":"osaka","minutes":36.6},"geometry":{"type":"Polygon","coordinates":[[[135.46,34.68],[135.465,34.68],[135.465,34.684],[135.46,34.684],[135.46,34.68]]]}},{"type":"Feature","properties":{"origin":"osaka","minutes":34.7},"geometry":{"type":"Polygon","coordinates":[[[135.46,34.684000000000005],[135.465,34.684000000000005],[135.465,34.688],[135.46,34.688],[135.46,34.684000000000005]]]}},{"type":"Feature","properties":{"origin":"osaka","minutes":33.2},"geometry":{"type":"Polygon","coordinates":[[[135.46,34.688],[135.465,34.688],[135.465,34.692],[135.46,34.692],[135.46,34.688]]]}},{"type":"Feature","properties":{"origin":"osaka","minutes":32.0},"geometry":{"type":"Polygon","coordinates":[[[135.46,34.692],[135.465,34.692],[135.465,34.696],[135.46,34.696],[135.46,34.692]]]}},{"type":"Feature","properties":{"origin":"osaka","minutes":31.2},"geometry":{"type":"Polygon","coordinates":[[[135.46,34.696000000000005],[135.465,34.696000000000005],[135.465,34.7],[135.46,34.7],[135.46,34.696000000000005]]]}},{"type":"Feature","properties":{"origin":"osaka","minutes":30.9},"geometry":{"type":"Polygon","coordinates":[[[135.46,34.7],[135.465,34.7],[135.465,34.704],[135.46,34.704],[135.46,34.7]]]}},{"type":"Feature","properties":{"origin":"osaka","minutes":31.1},"geometry":{"type":"Polygon","coordinates":[[[135.46,34.704],[135.465,34.704],[135.465,34.708],[135.46,34.708],[135.46,34.704]]]}},{"type":"Feature","properties":{"origin":"osaka","minutes":31.8},"geometry":{"type":"Polygon","coordinates":[[[135.46,34.708000000000006],[135.465,34.708000000000006],[135.465,34.712],[135.46,34.712],[135.46,34.708000000000006]]]}},{"type":"Feature","properties":{"origin":"osaka","minutes":32.8},"geometry":{"type":"Polygon","coordinates":[[[135.46,34.712],[135.465,34.712],[135.465,34.716],[135.46,34.716],[135.46,34.712]]]}},{"type":"Feature","properties":{"origin":"osaka","minutes":34.3},"geometry":{"type":"Polygon","coordinates":[[[135.46,34.716],[135.465,34.716],[135.465,34.72],[135.46,34.72],[135.46,34.716]]]}},{"type":"Feature","properties":{"origin":"osaka","minutes":36.1},"geometry":{"type":"Polygon","coordinates":[[[135.46,34.72],[135.465,34.72],[135.465,34.724],[135.46,34.724],[135.46,34.72]]]}},{"type":"Feature","properties":{"origin":"osaka","minutes":38.1},"geometry":{"type":"Polygon","coordinates":[[[135.46,34.724000000000004],[135.465,34.724000000000004],[135.465,34.728],[135.46,34.728],[135.46,34.724000000000004]]]}},{"type":"Feature","properties":{"origin":"osaka","minutes":40.4},"geometry":{"type":"Polygon","coordinates":[[[135.46,34.728],[135.465,34.728],[135.465,34.732],[135.46,34.732],[135.46,34.728]]]}},{"type":"Feature","properties":{"origin":"osaka","minutes":42.8},"geometry":{"type":"Polygon","coordinates":[[[135.46,34.732],[135.465,34.732],[135.465,34.736],[135.46,34.736],[135.46,34.732]]]}},{"type":"Feature","properties":{"origin":"osaka","minutes":45.4},"geometry":{"type":"Polygon","coordinates":[[[135.46,34.736000000000004],[135.465,34.736000000000004],[135.465,34.74],[135.46,34.74],[135.46,34.736000000000004]]]}},{"type":"Feature","properties":{"origin":"osaka","minutes":48.1},"geometry":{"type":"Polygon","coordinates":[[[135.46,34.74],[135.465,34.74],[135.465,34.744],[135.46,34.744],[135.46,34.74]]]}},{"type":"Feature","properties":{"origin":"osaka","minutes":50.9},"geometry":{"type":"Polygon","coordinates":[[[135.46,34.744],[135.465,34.744],[135.465,34.748],[135.46,34.748],[135.46,34.744]]]}},{"type":"Feature","properties":{"origin":"osaka","minutes":53.7},"geometry":{"type":"Polygon","coordinates":[[[135.46,34.748000000000005],[135.465,34.748000000000005],[135.465,34.752],[135.46,34.752],[135.46,34.748000000000005]]]}},{"type":"Feature","properties":{"origin":"osaka","minutes":56.6},"geometry":{"type":"Polygon","coordinates":[[[135.46,34.752],[135.465,34.752],[135.465,34.756],[135.46,34.756],[135.46,34.752]]]}},{"type":"Feature","properties":{"origin":"osaka","minutes":59.6},"geometry":{"type":"Polygon","coordinates":[[[135.46,34.756],[135.465,34.756],[135.465,34.76],[135.46,34.76],[135.46,34.756]]]}},{"type":"Feature","properties":{"origin":"osaka","minutes":58.9},"geometry":{"type":"Polygon","coordinates":[[[135.465,34.644000000000005],[135.47,34.644000000000005],[135.47,34.648],[135.465,34.648],[135.465,34.644000000000005]]]}},{"type":"Feature","properties":{"origin":"osaka","minutes":55.9},"geometry":{"type":"Polygon","coordinates":[[[135.465,34.648],[135.47,34.648],[135.47,34.652],[135.465,34.652],[135.465,34.648]]]}},{"type":"Feature","properties":{"origin":"osaka","minutes":52.8},"geometry":{"type":"Polygon","coordinates":[[[135.465,34.652],[135.47,34.652],[135.47,34.656],[135.465,34.656],[135.465,34.652]]]}},{"type":"Feature","properties":{"origin":"osaka","minutes":49.9},"geometry":{"type":"Polygon","coordinates":[[[135.465,34.656],[135.47,34.656],[135.47,34.66],[135.465,34.66],[135.465,34.656]]]}},{"type":"Feature","properties":{"origin":"osaka","minutes":46.9},"geometry":{"type":"Polygon","coordinates":[[[135.465,34.660000000000004],[135.47,34.660000000000004],[135.47,34.664],[135.465,34.664],[135.465,34.660000000000004]]]}},{"type":"Feature","properties":{"origin":"osaka","minutes":44.1},"geometry":{"type":"Polygon","coordinates":[[[135.465,34.664],[135.47,34.664],[135.47,34.668],[135.465,34.668],[135.465,34.664]]]}},{"type":"Feature","properties":{"origin":"osaka","minutes":41.3},"geometry":{"type":"Polygon","coordinates":[[[135.465,34.668],[135.47,34.668],[135.47,34.672],[135.465,34.672],[135.465,34.668]]]}},{"type":"Feature","properties":{"origin":"osaka","minutes":38.7},"geometry":{"type":"Polygon","coordinates":[[[135.465,34.672000000000004],[135.47,34.672000000000004],[135.47,34.676],[135.465,34.676],[135.465,34.672000000000004]]]}},{"type":"Feature","properties":{"origin":"osaka","minutes":36.2},"geometry":{"type":"Polygon","coordinates":[[[135.465,34.676],[135.47,34.676],[135.47,34.68],[135.465,34.68],[135.465,34.676]]]}},{"type":"Feature","properties":{"origin":"osaka","minutes":33.9},"geometry":{"type":"Polygon","coordinates":[[[135.465,34.68],[135.47,34.68],[135.47,34.684],[135.465,34.684],[135.465,34.68]]]}},{"type":"Feature","properties":{"origin":"osaka","minutes":31.8},"geometry":{"type":"Polygon","coordinates":[[[135.465,34.684000000000005],[135.47,34.684000000000005],[135.47,34.688],[135.465,34.688],[135.465,34.684000000000005]]]}},{"type":"Feature","properties":{"origin":"osaka","minutes":30.1},"geometry":{"type":"Polygon","coordinates":[[[135.465,34.688],[135.47,34.688],[135.47,34.692],[135.465,34.692],[135.465,34.688]]]}},{"type":"Feature","properties":{"origin":"osaka","minutes":28.7},"geometry":{"type":"Polygon","coordinates":[[[135.465,34.692],[135.47,34.692],[135.47,34.696],[135.465,34.696],[135.465,34.692]]]}},{"type":"Feature","properties":{"origin":"osaka","minutes":27.8},"geometry":{"type":"Polygon","coordinates":[[[135.465,34.696000000000005],[135.47,34.696000000000005],[135.47,34.7],[135.465,34.7],[135.465,34.696000000000005]]]}},{"type":"Feature","properties":{"origin":"osaka","minutes":27.5},"geometry":{"type":"Polygon","coordinates":[[[135.465,34.7],[135.47,34.7],[135.47,34.704],[135.465,34.704],[135.465,34.7]]]}},{"type":"Feature","properties":{"origin":"osaka","minutes":27.7},"geometry":{"type":"Polygon","coordinates":[[[135.465,34.704],[135.47,34.704],[135.47,34.708],[135.465,34.708],[135.465,34.704]]]}},{"type":"Feature","properties":{"origin":"osaka","minutes":28.5},"geometry":{"type":"Polygon","coordinates":[[[135.465,34.708000000000006],[135.47,34.708000000000006],[135.47,34.712],[135.465,34.712],[135.465,34.708000000000006]]]}},{"type":"Feature","properties":{"origin":"osaka","minutes":29.7},"geometry":{"type":"Polygon","coordinates":[[[135.465,34.712],[135.47,34.712],[135.47,34.716],[135.465,34.716],[135.465,34.712]]]}},{"type":"Feature","properties":{"origin":"osaka","minutes":31.4},"geometry":{"type":"Polygon","coordinates":[[[135.465,34.716],[135.47,34.716],[135.47,34.72],[135.465,34.72],[135.465,34.716]]]}},{"type":"Feature","properties":{"origin":"osaka","minutes":33.4},"geometry":{"type":"Polygon","coordinates":[[[135.465,34.72],[135.47,34.72],[135.47,34.724],[135.465,34.724],[135.465,34.72]]]}},{"type":"Feature","properties":{"origin":"osaka","minutes":35.6},"geometry":{"type":"Polygon","coordinates":[[[135.465,34.724000000000004],[135.47,34.724000000000004],[135.47,34.728],[135.465,34.728],[135.465,34.724000000000004]]]}},{"type":"Feature","properties":{"origin":"osaka","minutes":38.1},"geometry":{"type":"Polygon","coordinates":[[[135.465,34.728],[135.47,34.728],[135.47,34.732],[135.465,34.732],[135.465,34.728]]]}},{"type":"Feature","properties":{"origin":"osaka","minutes":40.7},"geometry":{"type":"Polygon","coordinates":[[[135.465,34.732],[135.47,34.732],[135.47,34.736],[135.465,34.736],[135.465,34.732]]]}},{"type":"Feature","properties":{"origin":"osaka","minutes":43.4},"geometry":{"type":"Polygon","coordinates":[[[135.465,34.736000000000004],[135.47,34.736000000000004],[135.47,34.74],[135.465,34.74],[135.465,34.736000000000004]]]}},{"type":"Feature","properties":{"origin":"osaka","minutes":46.2},"geometry":{"type":"Polygon","coordinates":[[[135.465,34.74],[135.47,34.74],[135.47,34.744],[135.465,34.744],[135.465,34.74]]]}},{"type":"Feature","properties":{"origin":"osaka","minutes":49.1},"geometry":{"type":"Polygon","coordinates":[[[135.465,34.744],[135.47,34.744],[135.47,34.748],[135.465,34.748],[135.465,34.744]]]}},{"type":"Feature","properties":{"origin":"osaka","minutes":52.1},"geometry":{"type":"Polygon","coordinates":[[[135.465,34.748000000000005],[135.47,34.748000000000005],[135.47,34.752],[135.465,34.752],[135.465,34.748000000000005]]]}},{"type":"Feature","properties":{"origin":"osaka","minutes":55.1},"geometry":{"type":"Polygon","coordinates":[[[135.465,34.752],[135.47,34.752],[135.47,34.756],[135.465,34.756],[135.465,34.752]]]}},{"type":"Feature","properties":{"origin":"osaka","minutes":58.1},"geometry":{"type":"Polygon","coordinates":[[[135.465,34.756],[135.47,34.756],[135.47,34.76],[135.465,34.76],[135.465,34.756]]]}},{"type":"Feature","properties":{"origin":"osaka","minutes":57.7},"geometry":{"type":"Polygon","coordinates":[[[135.47,34.644000000000005],[135.475,34.644000000000005],[135.475,34.648],[135.47,34.648],[135.47,34.644000000000005]]]}},{"type":"Feature","properties":{"origin":"osaka","minutes":54.6},"geometry":{"type":"Polygon","coordinates":[[[135.47,34.648],[135.475,34.648],[135.475,34.652],[135.47,34.652],[135.47,34.648]]]}},{"type":"Feature","properties":{"origin":"osaka","minutes":51.5},"geometry":{"type":"Polygon","coordinates":[[[135.47,34.652],[135.475,34.652],[135.475,34.656],[135.47,34.656],[135.47,34.652]]]}},{"type":"Feature","properties":{"origin":"osaka","minutes":48.4},"geometry":{"type":"Polygon","coordinates":[[[135.47,34.656],[135.475,34.656],[135.475,34.66],[135.47,34.66],[135.47,34.656]]]}},{"type":"Feature","properties":{"origin":"osaka","minutes":45.3},"geometry":{"type":"Polygon","coordinates":[[[135.47,34.660000000000004],[135.475,34.660000000000004],[135.475,34.664],[135.47,34.664],[135.47,34.660000000000004]]]}},{"type":"Feature","properties":{"origin":"osaka","minutes":42.4},"geometry":{"type":"Polygon","coordinates":[[[135.47,34.664],[135.475,34.664],[135.475,34.668],[135.47,34.668],[135.47,34.664]]]}},{"type":"Feature","properties":{"origin":"osaka","minutes":39.5},"geometry":{"type":"Polygon","coordinates":[[[135.47,34.668],[135.475,34.668],[135.475,34.672],[135.47,34.672],[135.47,34.668]]]}},{"type":"Feature","properties":{"origin":"osaka","minutes":36.6},"geometry":{"type":"Polygon","coordinates":[[[135.47,34.672000000000004],[135.475,34.672000000000004],[135.475,34.676],[135.47,34.676],[135.47,34.672000000000004]]]}},{"type":"Feature","properties":{"origin":"osaka","minutes":34.0},"geometry":{"type":"Polygon","coordinates":[[[135.47,34.676],[135.475,34.676],[135.475,34.68],[135.47,34.68],[135.47,34.676]]]}},{"type":"Feature","properties":{"origin":"osaka","minutes":31.4},"geometry":{"type":"Polygon","coordinates":[[[135.47,34.68],[135.475,34.68],[135.475,34.684],[135.47,34.684],[135.47,34.68]]]}},{"type":"Feature","properties":{"origin":"osaka","minutes":29.1},"geometry":{"type":"Polygon","coordinates":[[[135.47,34.684000000000005],[135.475,34.684000000000005],[135.475,34.688],[135.47,34.688],[135.47,34.684000000000005]]]}},{"type":"Feature","properties":{"origin":"osaka","minutes":27.1},"geometry":{"type":"Polygon","coordinates":[[[135.47,34.688],[135.475,34.688],[135.475,34.692],[135.47,34.692],[135.47,34.688]]]}},{"type":"Feature","properties":{"origin":"osaka","minutes":25.5},"geometry":{"type":"Polygon","coordinates":[[[135.47,34.692],[135.475,34.692],[135.475,34.696],[135.47,34.696],[135.47,34.692]]]}},{"type":"Feature","properties":{"origin":"osaka","minutes":24.5},"geometry":{"type":"Polygon","coordinates":[[[135.47,34.696000000000005],[135.475,34.696000000000005],[135.475,34.7],[135.47,34.7],[135.47,34.696000000000005]]]}},{"type":"Feature","properties":{"origin":"osaka","minutes":24.1},"geometry":{"type":"Polygon","coordinates":[[[135.47,34.7],[135.475,34.7],[135.475,34.704],[135.47,34.704],[135.47,34.7]]]}},{"type":"Feature","properties":{"origin":"osaka","minutes":24.3},"geometry":{"type":"Polygon","coordinates":[[[135.47,34.704],[135.475,34.704],[135.475,34.708],[135.47,34.708],[135.47,34.704]]]}},{"type":"Feature","properties":{"origin":"osaka","minutes":25.2},"geometry":{"type":"Polygon","coordinates":[[[135.47,34.708000000000006],[135.475,34.708000000000006],[135.475,34.712],[135.47,34.712],[135.47,34.708000000000006]]]}},{"type":"Feature","properties":{"origin":"osaka","minutes":26.7},"geometry":{"type":"Polygon","coordinates":[[[135.47,34.712],[135.475,34.712],[135.475,34.716],[135.47,34.716],[135.47,34.712]]]}},{"type":"Feature","properties":{"origin":"osaka","minutes":28.6},"geometry":{"type":"Polygon","coordinates":[[[135.47,34.716],[135.475,34.716],[135.475,34.72],[135.47,34.72],[135.47,34.716]]]}},{"type":"Feature","properties":{"origin":"osaka","minutes":30.8},"geometry":{"type":"Polygon","coordinates":[[[135.47,34.72],[135.475,34.72],[135.475,34.724],[135.47,34.724],[135.47,34.72]]]}},{"type":"Feature","properties":{"origin":"osaka","minutes":33.3},"geometry":{"type":"Polygon","coordinates":[[[135.47,34.724000000000004],[135.475,34.724000000000004],[135.475,34.728],[135.47,34.728],[135.47,34.724000000000004]]]}},{"type":"Feature","properties":{"origin":"osaka","minutes":36.0},"geometry":{"type":"Polygon","coordinates":[[[135.47,34.728],[135.475,34.728],[135.475,34.732],[135.47,34.732],[135.47,34.728]]]}},{"type":"Feature","properties":{"origin":"osaka","minutes":38.7},"geometry":{"type":"Polygon","coordinates":[[[135.47,34.732],[135.475,34.732],[135.475,34.736],[135.47,34.736],[135.47,34.732]]]}},{"type":"Feature","properties":{"origin":"osaka","minutes":41.6},"geometry":{"type":"Polygon","coordinates":[[[135.47,34.736000000000004],[135.475,34.736000000000004],[135.475,34.74],[135.47,34.74],[135.47,34.736000000000004]]]}},{"type":"Feature","properties":{"origin":"osaka","minutes":44.6},"geometry":{"type":"Polygon","coordinates":[[[135.47,34.74],[135.475,34.74],[135.475,34.744],[135.47,34.744],[135.47,34.74]]]}},{"type":"Feature","properties":{"origin":"osaka","minutes":47.6},"geometry":{"type":"Polygon","coordinates":[[[135.47,34.744],[135.475,34.744],[135.475,34.748],[135.47,34.748],[135.47,34.744]]]}},{"type":"Feature","properties":{"origin":"osaka","minutes":50.7},"geometry":{"type":"Polygon","coordinates":[[[135.47,34.748000000000005],[135.475,34.748000000000005],[135.475,34.752],[135.47,34.752],[135.47,34.748000000000005]]]}},{"type":"Feature","properties":{"origin":"osaka","minutes":53.8},"geometry":{"type":"Polygon","coordinates":[[[135.47,34.752],[135.475,34.752],[135.475,34.756],[135.47,34.756],[135.47,34.752]]]}},{"type":"Feature","properties":{"origin":"osaka","minutes":56.9},"geometry":{"type":"Polygon","coordinates":[[[135.47,34.756],[135.475,34.756],[135.475,34.76],[135.47,34.76],[135.47,34.756]]]}},{"type":"Feature","properties":{"origin":"osaka","minutes":59.9},"geometry":{"type":"Polygon","coordinates":[[[135.475,34.64],[135.48,34.64],[135.48,34.644],[135.475,34.644],[135.475,34.64]]]}},{"type":"Feature","properties":{"origin":"osaka","minutes":56.7},"geometry":{"type":"Polygon","coordinates":[[[135.475,34.644000000000005],[135.48,34.644000000000005],[135.48,34.648],[135.475,34.648],[135.475,34.644000000000005]]]}},{"type":"Feature","properties":{"origin":"osaka","minutes":53.5},"geometry":{"type":"Polygon","coordinates":[[[135.475,34.648],[135.48,34.648],[135.48,34.652],[135.475,34.652],[135.475,34.648]]]}},{"type":"Feature","properties":{"origin":"osaka","minutes":50.3},"geometry":{"type":"Polygon","coordinates":[[[135.475,34.652],[135.48,34.652],[135.48,34.656],[135.475,34.656],[135.475,34.652]]]}},{"type":"Feature","properties":{"origin":"osaka","minutes":47.1},"geometry":{"type":"Polygon","coordinates":[[[135.475,34.656],[135.48,34.656],[135.48,34.66],[135.475,34.66],[135.475,34.656]]]}},{"type":"Feature","properties":{"origin":"osaka","minutes":44.0},"geometry":{"type":"Polygon","coordinates":[[[135.475,34.660000000000004],[135.48,34.660000000000004],[135.48,34.664],[135.475,34.664],[135.475,34.660000000000004]]]}},{"type":"Feature","properties":{"origin":"osaka","minutes":40.9},"geometry":{"type":"Polygon","coordinates":[[[135.475,34.664],[135.48,34.664],[135.48,34.668],[135.475,34.668],[135.475,34.664]]]}},{"type":"Feature","properties":{"origin":"osaka","minutes":37.9},"geometry":{"type":"Polygon","coordinates":[[[135.475,34.668],[135.48,34.668],[135.48,34.672],[135.475,34.672],[135.475,34.668]]]}},{"type":"Feature","properties":{"origin":"osaka","minutes":34.9},"geometry":{"type":"Polygon","coordinates":[[[135.475,34.672000000000004],[135.48,34.672000000000004],[135.48,34.676],[135.475,34.676],[135.475,34.672000000000004]]]}},{"type":"Feature","properties":{"origin":"osaka","minutes":32.0},"geometry":{"type":"Polygon","coordinates":[[[135.475,34.676],[135.48,34.676],[135.48,34.68],[135.475,34.68],[135.475,34.676]]]}},{"type":"Feature","properties":{"origin":"osaka","minutes":29.2},"geometry":{"type":"Polygon","coordinates":[[[135.475,34.68],[135.48,34.68],[135.48,34.684],[135.475,34.684],[135.475,34.68]]]}},{"type":"Feature","properties":{"origin":"osaka","minutes":26.7},"geometry":{"type":"Polygon","coordinates":[[[135.475,34.684000000000005],[135.48,34.684000000000005],[135.48,34.688],[135.475,34.688],[135.475,34.684000000000005]]]}},{"type":"Feature","properties":{"origin":"osaka","minutes":24.4},"geometry":{"type":"Polygon","coordinates":[[[135.475,34.688],[135.48,34.688],[135.48,34.692],[135.475,34.692],[135.475,34.688]]]}},{"type":"Feature","properties":{"origin":"osaka","minutes":22.5},"geometry":{"type":"Polygon","coordinates":[[[135.475,34.692],[135.48,34.692],[135.48,34.696],[135.475,34.696],[135.475,34.692]]]}},{"type":"Feature","properties":{"origin":"osaka","minutes":21.2},"geometry":{"type":"Polygon","coordinates":[[[135.475,34.696000000000005],[135.48,34.696000000000005],[135.48,34.7],[135.475,34.7],[135.475,34.696000000000005]]]}},{"type":"Feature","properties":{"origin":"osaka","minutes":20.6},"geometry":{"type":"Polygon","coordinates":[[[135.475,34.7],[135.48,34.7],[135.48,34.704],[135.475,34.704],[135.475,34.7]]]}},{"type":"Feature","properties":{"origin":"osaka","minutes":21.0},"geometry":{"type":"Polygon","coordinates":[[[135.475,34.704],[135.48,34.704],[135.48,34.708],[135.475,34.708],[135.475,34.704]]]}},{"type":"Feature","properties":{"origin":"osaka","minutes":22.1},"geometry":{"type":"Polygon","coordinates":[[[135.475,34.708000000000006],[135.48,34.708000000000006],[135.48,34.712],[135.475,34.712],[135.475,34.708000000000006]]]}},{"type":"Feature","properties":{"origin":"osaka","minutes":23.8},"geometry":{"type":"Polygon","coordinates":[[[135.475,34.712],[135.48,34.712],[135.48,34.716],[135.475,34.716],[135.475,34.712]]]}},{"type":"Feature","properties":{"origin":"osaka","minutes":26.1},"geometry":{"type":"Polygon","coordinates":[[[135.475,34.716],[135.48,34.716],[135.48,34.72],[135.475,34.72],[135.475,34.716]]]}},{"type":"Feature","properties":{"origin":"osaka","minutes":28.6},"geometry":{"type":"Polygon","coordinates":[[[135.475,34.72],[135.48,34.72],[135.48,34.724],[135.475,34.724],[135.475,34.72]]]}},{"type":"Feature","properties":{"origin":"osaka","minutes":31.3},"geometry":{"type":"Polygon","coordinates":[[[135.475,34.724000000000004],[135.48,34.724000000000004],[135.48,34.728],[135.475,34.728],[135.475,34.724000000000004]]]}},{"type":"Feature","properties":{"origin":"osaka","minutes":34.1},"geometry":{"type":"Polygon","coordinates":[[[135.475,34.728],[135.48,34.728],[135.48,34.732],[135.475,34.732],[135.475,34.728]]]}},{"type":"Feature","properties":{"origin":"osaka","minutes":37.1},"geometry":{"type":"Polygon","coordinates":[[[135.475,34.732],[135.48,34.732],[135.48,34.736],[135.475,34.736],[135.475,34.732]]]}},{"type":"Feature","properties":{"origin":"osaka","minutes":40.1},"geometry":{"type":"Polygon","coordinates":[[[135.475,34.736000000000004],[135.48,34.736000000000004],[135.48,34.74],[135.475,34.74],[135.475,34.736000000000004]]]}},{"type":"Feature","properties":{"origin":"osaka","minutes":43.2},"geometry":{"type":"Polygon","coordinates":[[[135.475,34.74],[135.48,34.74],[135.48,34.744],[135.475,34.744],[135.475,34.74]]]}},{"type":"Feature","properties":{"origin":"osaka","minutes":46.4},"geometry":{"type":"Polygon","coordinates":[[[135.475,34.744],[135.48,34.744],[135.48,34.748],[135.475,34.748],[135.475,34.744]]]}},{"type":"Feature","properties":{"origin":"osaka","minutes":49.5},"geometry":{"type":"Polygon","coordinates":[[[135.475,34.748000000000005],[135.48,34.748000000000005],[135.48,34.752],[135.475,34.752],[135.475,34.748000000000005]]]}},{"type":"Feature","properties":{"origin":"osaka","minutes":52.7},"geometry":{"type":"Polygon","coordinates":[[[135.475,34.752],[135.48,34.752],[135.48,34.756],[135.475,34.756],[135.475,34.752]]]}},{"type":"Feature","properties":{"origin":"osaka","minutes":55.9},"geometry":{"type":"Polygon","coordinates":[[[135.475,34.756],[135.48,34.756],[135.48,34.76],[135.475,34.76],[135.475,34.756]]]}},{"type":"Feature","properties":{"origin":"osaka","minutes":59.2},"geometry":{"type":"Polygon","coordinates":[[[135.48,34.64],[135.48499999999999,34.64],[135.48499999999999,34.644],[135.48,34.644],[135.48,34.64]]]}},{"type":"Feature","properties":{"origin":"osaka","minutes":55.9},"geometry":{"type":"Polygon","coordinates":[[[135.48,34.644000000000005],[135.48499999999999,34.644000000000005],[135.48499999999999,34.648],[135.48,34.648],[135.48,34.644000000000005]]]}},{"type":"Feature","properties":{"origin":"osaka","minutes":52.7},"geometry":{"type":"Polygon","coordinates":[[[135.48,34.648],[135.48499999999999,34.648],[135.48499999999999,34.652],[135.48,34.652],[135.48,34.648]]]}},{"type":"Feature","properties":{"origin":"osaka","minutes":49.4},"geometry":{"type":"Polygon","coordinates":[[[135.48,34.652],[135.48499999999999,34.652],[135.48499999999999,34.656],[135.48,34.656],[135.48,34.652]]]}},{"type":"Feature","properties":{"origin":"osaka","minutes":46.2},"geometry":{"type":"Polygon","coordinates":[[[135.48,34.656],[135.48499999999999,34.656],[135.48499999999999,34.66],[135.48,34.66],[135.48,34.656]]]}},{"type":"Feature","properties":{"origin":"osaka","minutes":42.9},"geometry":{"type":"Polygon","coordinates":[[[135.48,34.660000000000004],[135.48499999999999,34.660000000000004],[135.48499999999999,34.664],[135.48,34.664],[135.48,34.660000000000004]]]}},{"type":"Feature","properties":{"origin":"osaka","minutes":39.7},"geometry":{"type":"Polygon","coordinates":[[[135.48,34.664],[135.48499999999999,34.664],[135.48499999999999,34.668],[135.48,34.668],[135.48,34.664]]]}},{"type":"Feature","properties":{"origin":"osaka","minutes":36.6},"geometry":{"type":"Polygon","coordinates":[[[135.48,34.668],[135.48499999999999,34.668],[135.48499999999999,34.672],[135.48,34.672],[135.48,34.668]]]}},{"type":"Feature","properties":{"origin":"osaka","minutes":33.4},"geometry":{"type":"Polygon","coordinates":[[[135.48,34.672000000000004],[135.48499999999999,34.672000000000004],[135.48499999999999,34.676],[135.48,34.676],[135.48,34.672000000000004]]]}},{"type":"Feature","properties":{"origin":"osaka","minutes":30.4},"geometry":{"type":"Polygon","coordinates":[[[135.48,34.676],[135.48499999999999,34.676],[135.48499999999999,34.68],[135.48,34.68],[135.48,34.676]]]}},{"type":"Feature","properties":{"origin":"osaka","minutes":27.4},"geometry":{"type":"Polygon","coordinates":[[[135.48,34.68],[135.48499999999999,34.68],[135.48499999999999,34.684],[135.48,34.684],[135.48,34.68]]]}},{"type":"Feature","properties":{"origin":"osaka","minutes":24.5},"geometry":{"type":"Polygon","coordinates":[[[135.48,34.684000000000005],[135.48499999999999,34.684000000000005],[135.48499999999999,34.688],[135.48,34.688],[135.48,34.684000000000005]]]}},{"type":"Feature","properties":{"origin":"osaka","minutes":21.9},"geometry":{"type":"Polygon","coordinates":[[[135.48,34.688],[135.48499999999999,34.688],[135.48499999999999,34.692],[135.48,34.692],[135.48,34.688]]]}},{"type":"Feature","properties":{"origin":"osaka","minutes":19.6},"geometry":{"type":"Polygon","coordinates":[[[135.48,34.692],[135.48499999999999,34.692],[135.48499999999999,34.696],[135.48,34.696],[135.48,34.692]]]}},{"type":"Feature","properties":{"origin":"osaka","minutes":17.9},"geometry":{"type":"Polygon","coordinates":[[[135.48,34.696000000000005],[135.48499999999999,34.696000000000005],[135.48499999999999,34.7],[135.48,34.7],[135.48,34.696000000000005]]]}},{"type":"Feature","properties":{"origin":"osaka","minutes":17.2},"geometry":{"type":"Polygon","coordinates":[[[135.48,34.7],[135.48499999999999,34.7],[135.48499999999999,34.704],[135.48,34.704],[135.48,34.7]]]}},{"type":"Feature","properties":{"origin":"osaka","minutes":17.6},"geometry":{"type":"Polygon","coordinates":[[[135.48,34.704],[135.48499999999999,34.704],[135.48499999999999,34.708],[135.48,34.708],[135.48,34.704]]]}},{"type":"Feature","properties":{"origin":"osaka","minutes":19.1},"geometry":{"type":"Polygon","coordinates":[[[135.48,34.708000000000006],[135.48499999999999,34.708000000000006],[135.48499999999999,34.712],[135.48,34.712],[135.48,34.708000000000006]]]}},{"type":"Feature","properties":{"origin":"osaka","minutes":21.3},"geometry":{"type":"Polygon","coordinates":[[[135.48,34.712],[135.48499999999999,34.712],[135.48499999999999,34.716],[135.48,34.716],[135.48,34.712]]]}},{"type":"Feature","properties":{"origin":"osaka","minutes":23.8},"geometry":{"type":"Polygon","coordinates":[[[135.48,34.716],[135.48499999999999,34.716],[135.48499999999999,34.72],[135.48,34.72],[135.48,34.716]]]}},{"type":"Feature","properties":{"origin":"osaka","minutes":26.7},"geometry":{"type":"Polygon","coordinates":[[[135.48,34.72],[135.48499999999999,34.72],[135.48499999999999,34.724],[135.48,34.724],[135.48,34.72]]]}},{"type":"Feature","properties":{"origin":"osaka","minutes":29.6},"geometry":{"type":"Polygon","coordinates":[[[135.48,34.724000000000004],[135.48499999999999,34.724000000000004],[135.48499999999999,34.728],[135.48,34.728],[135.48,34.724000000000004]]]}},{"type":"Feature","properties":{"origin":"osaka","minutes":32.7},"geometry":{"type":"Polygon","coordinates":[[[135.48,34.728],[135.48499999999999,34.728],[135.48499999999999,34.732],[135.48,34.732],[135.48,34.728]]]}},{"type":"Feature","properties":{"origin":"osaka","minutes":35.8},"geometry":{"type":"Polygon","coordinates":[[[135.48,34.732],[135.48499999999999,34.732],[135.48499999999999,34.736],[135.48,34.736],[135.48,34.732]]]}},{"type":"Feature","properties":{"origin":"osaka","minutes":39.0},"geometry":{"type":"Polygon","coordinates":[[[135.48,34.736000000000004],[135.48499999999999,34.736000000000004],[135.48499999999999,34.74],[135.48,34.74],[135.48,34.736000000000004]]]}},{"type":"Feature","properties":{"origin":"osaka","minutes":42.1},"geometry":{"type":"Polygon","coordinates":[[[135.48,34.74],[135.48499999999999,34.74],[135.48499999999999,34.744],[135.48,34.744],[135.48,34.74]]]}},{"type":"Feature","properties":{"origin":"osaka","minutes":45.4},"geometry":{"type":"Polygon","coordinates":[[[135.48,34.744],[135.48499999999999,34.744],[135.48499999999999,34.748],[135.48,34.748],[135.48,34.744]]]}},{"type":"Feature","properties":{"origin":"osaka","minutes":48.6},"geometry":{"type":"Polygon","coordinates":[[[135.48,34.748000000000005],[135.48499999999999,34.748000000000005],[135.48499999999999,34.752],[135.48,34.752],[135.48,34.748000000000005]]]}},{"type":"Feature","properties":{"origin":"osaka","minutes":51.8},"geometry":{"type":"Polygon","coordinates":[[[135.48,34.752],[135.48499999999999,34.752],[135.48499999999999,34.756],[135.48,34.756],[135.48,34.752]]]}},{"type":"Feature","properties":{"origin":"osaka","minutes":55.1},"geometry":{"type":"Polygon","coordinates":[[[135.48,34.756],[135.48499999999999,34.756],[135.48499999999999,34.76],[135.48,34.76],[135.48,34.756]]]}},{"type":"Feature","properties":{"origin":"osaka","minutes":58.7},"geometry":{"type":"Polygon","coordinates":[[[135.48499999999999,34.64],[135.48999999999998,34.64],[135.48999999999998,34.644],[135.48499999999999,34.644],[135.48499999999999,34.64]]]}},{"type":"Feature","properties":{"origin":"osaka","minutes":55.4},"geometry":{"type":"Polygon","coordinates":[[[135.48499999999999,34.644000000000005],[135.48999999999998,34.644000000000005],[135.48999999999998,34.648],[135.48499999999999,34.648],[135.48499999999999,34.644000000000005]]]}},{"type":"Feature","properties":{"origin":"osaka","minutes":52.1},"geometry":{"type":"Polygon","coordinates":[[[135.48499999999999,34.648],[135.48999999999998,34.648],[135.48999999999998,34.652],[135.48499999999999,34.652],[135.48499999999999,34.648]]]}},{"type":"Feature","properties":{"origin":"osaka","minutes":48.8},"geometry":{"type":"Polygon","coordinates":[[[135.48499999999999,34.652],[135.48999999999998,34.652],[135.48999999999998,34.656],[135.48499999999999,34.656],[135.48499999999999,34.652]]]}},{"type":"Feature","properties":{"origin":"osaka","minutes":45.5},"geometry":{"type":"Polygon","coordinates":[[[135.48499999999999,34.656],[135.48999999999998,34.656],[135.48999999999998,34.66],[135.48499999999999,34.66],[135.48499999999999,34.656]]]}},{"type":"Feature","properties":{"origin":"osaka","minutes":42.2},"geometry":{"type":"Polygon","coordinates":[[[135.48499999999999,34.660000000000004],[135.48999999999998,34.660000000000004],[135.48999999999998,34.664],[135.48499999999999,34.664],[135.48499999999999,34.660000000000004]]]}},{"type":"Feature","properties":{"origin":"osaka","minutes":38.9},"geometry":{"type":"Polygon","coordinates":[[[135.48499999999999,34.664],[135.48999999999998,34.664],[135.48999999999998,34.668],[135.48499999999999,34.668],[135.48499999999999,34.664]]]}},{"type":"Feature","properties":{"origin":"osaka","minutes":35.7},"geometry":{"type":"Polygon","coordinates":[[[135.48499999999999,34.668],[135.48999999999998,34.668],[135.48999999999998,34.672],[135.48499999999999,34.672],[135.48499999999999,34.668]]]}},{"type":"Feature","properties":{"origin":"osaka","minutes":32.4},"geometry":{"type":"Polygon","coordinates":[[[135.48499999999999,34.672000000000004],[135.48999999999998,34.672000000000004],[135.48999999999998,34.676],[135.48499999999999,34.676],[135.48499999999999,34.672000000000004]]]}},{"type":"Feature","properties":{"origin":"osaka","minutes":29.2},"geometry":{"type":"Polygon","coordinates":[[[135.48499999999999,34.676],[135.48999999999998,34.676],[135.48999999999998,34.68],[135.48499999999999,34.68],[135.48499999999999,34.676]]]}},{"type":"Feature","properties":{"origin":"osaka","minutes":26.0},"geometry":{"type":"Polygon","coordinates":[[[135.48499999999999,34.68],[135.48999999999998,34.68],[135.48999999999998,34.684],[135.48499999999999,34.684],[135.48499999999999,34.68]]]}},{"type":"Feature","properties":{"origin":"osaka","minutes":22.9},"geometry":{"type":"Polygon","coordinates":[[[135.48499999999999,34.684000000000005],[135.48999999999998,34.684000000000005],[135.48999999999998,34.688],[135.48499999999999,34.688],[135.48499999999999,34.684000000000005]]]}},{"type":"Feature","properties":{"origin":"osaka","minutes":19.9},"geometry":{"type":"Polygon","coordinates":[[[135.48499999999999,34.688],[135.48999999999998,34.688],[135.48999999999998,34.692],[135.48499999999999,34.692],[135.48499999999999,34.688]]]}},{"type":"Feature","properties":{"origin":"osaka","minutes":17.1},"geometry":{"type":"Polygon","coordinates":[[[135.48499999999999,34.692],[135.48999999999998,34.692],[135.48999999999998,34.696],[135.48499999999999,34.696],[135.48499999999999,34.692]]]}},{"type":"Feature","properties":{"origin":"osaka","minutes":14.9},"geometry":{"type":"Polygon","coordinates":[[[135.48499999999999,34.696000000000005],[135.48999999999998,34.696000000000005],[135.48999999999998,34.7],[135.48499999999999,34.7],[135.48499999999999,34.696000000000005]]]}},{"type":"Feature","properties":{"origin":"osaka","minutes":13.8},"geometry":{"type":"Polygon","coordinates":[[[135.48499999999999,34.7],[135.48999999999998,34.7],[135.48999999999998,34.704],[135.48499999999999,34.704],[135.48499999999999,34.7]]]}},{"type":"Feature","properties":{"origin":"osaka","minutes":14.5},"geometry":{"type":"Polygon","coordinates":[[[135.48499999999999,34.704],[135.48999999999998,34.704],[135.48999999999998,34.708],[135.48499999999999,34.708],[135.48499999999999,34.704]]]}},{"type":"Feature","properties":{"origin":"osaka","minutes":16.5},"geometry":{"type":"Polygon","coordinates":[[[135.48499999999999,34.708000000000006],[135.48999999999998,34.708000000000006],[135.48999999999998,34.712],[135.48499999999999,34.712],[135.48499999999999,34.708000000000006]]]}},{"type":"Feature","properties":{"origin":"osaka","minutes":19.2},"geometry":{"type":"Polygon","coordinates":[[[135.48499999999999,34.712],[135.48999999999998,34.712],[135.48999999999998,34.716],[135.48499999999999,34.716],[135.48499999999999,34.712]]]}},{"type":"Feature","properties":{"origin":"osaka","minutes":22.1},"geometry":{"type":"Polygon","coordinates":[[[135.48499999999999,34.716],[135.48999999999998,34.716],[135.48999999999998,34.72],[135.48499999999999,34.72],[135.48499999999999,34.716]]]}},{"type":"Feature","properties":{"origin":"osaka","minutes":25.2},"geometry":{"type":"Polygon","coordinates":[[[135.48499999999999,34.72],[135.48999999999998,34.72],[135.48999999999998,34.724],[135.48499999999999,34.724],[135.48499999999999,34.72]]]}},{"type":"Feature","properties":{"origin":"osaka","minutes":28.4},"geometry":{"type":"Polygon","coordinates":[[[135.48499999999999,34.724000000000004],[135.48999999999998,34.724000000000004],[135.48999999999998,34.728],[135.48499999999999,34.728],[135.48499999999999,34.724000000000004]]]}},{"type":"Feature","properties":{"origin":"osaka","minutes":31.6},"geometry":{"type":"Polygon","coordinates":[[[135.48499999999999,34.728],[135.48999999999998,34.728],[135.48999999999998,34.732],[135.48499999999999,34.732],[135.48499999999999,34.728]]]}},{"type":"Feature","properties":{"origin":"osaka","minutes":34.8},"geometry":{"type":"Polygon","coordinates":[[[135.48499999999999,34.732],[135.48999999999998,34.732],[135.48999999999998,34.736],[135.48499999999999,34.736],[135.48499999999999,34.732]]]}},{"type":"Feature","properties":{"origin":"osaka","minutes":38.1},"geometry":{"type":"Polygon","coordinates":[[[135.48499999999999,34.736000000000004],[135.48999999999998,34.736000000000004],[135.48999999999998,34.74],[135.48499999999999,34.74],[135.48499999999999,34.736000000000004]]]}},{"type":"Feature","properties":{"origin":"osaka","minutes":41.4},"geometry":{"type":"Polygon","coordinates":[[[135.48499999999999,34.74],[135.48999999999998,34.74],[135.48999999999998,34.744],[135.48499999999999,34.744],[135.48499999999999,34.74]]]}},{"type":"Feature","properties":{"origin":"osaka","minutes":44.7},"geometry":{"type":"Polygon","coordinates":[[[135.48499999999999,34.744],[135.48999999999998,34.744],[135.48999999999998,34.748],[135.48499999999999,34.748],[135.48499999999999,34.744]]]}},{"type":"Feature","properties":{"origin":"osaka","minutes":48.0},"geometry":{"type":"Polygon","coordinates":[[[135.48499999999999,34.748000000000005],[135.48999999999998,34.748000000000005],[135.48999999999998,34.752],[135.48499999999999,34.752],[135.48499999999999,34.748000000000005]]]}},{"type":"Feature","properties":{"origin":"osaka","minutes":51.3},"geometry":{"type":"Polygon","coordinates":[[[135.48499999999999,34.752],[135.48999999999998,34.752],[135.48999999999998,34.756],[135.48499999999999,34.756],[135.48499999999999,34.752]]]}},{"type":"Feature","properties":{"origin":"osaka","minutes":54.6},"geometry":{"type":"Polygon","coordinates":[[[135.48499999999999,34.756],[135.48999999999998,34.756],[135.48999999999998,34.76],[135.48499999999999,34.76],[135.48499999999999,34.756]]]}},{"type":"Feature","properties":{"origin":"osaka","minutes":58.4},"geometry":{"type":"Polygon","coordinates":[[[135.49,34.64],[135.495,34.64],[135.495,34.644],[135.49,34.644],[135.49,34.64]]]}},{"type":"Feature","properties":{"origin":"osaka","minutes":55.1},"geometry":{"type":"Polygon","coordinates":[[[135.49,34.644000000000005],[135.495,34.644000000000005],[135.495,34.648],[135.49,34.648],[135.49,34.644000000000005]]]}},{"type":"Feature","properties":{"origin":"osaka","minutes":51.8},"geometry":{"type":"Polygon","coordinates":[[[135.49,34.648],[135.495,34.648],[135.495,34.652],[135.49,34.652],[135.49,34.648]]]}},{"type":"Feature","properties":{"origin":"osaka","minutes":48.4},"geometry":{"type":"Polygon","coordinates":[[[135.49,34.652],[135.495,34.652],[135.495,34.656],[135.49,34.656],[135.49,34.652]]]}},{"type":"Feature","properties":{"origin":"osaka","minutes":45.1},"geometry":{"type":"Polygon","coordinates":[[[135.49,34.656],[135.495,34.656],[135.495,34.66],[135.49,34.66],[135.49,34.656]]]}},{"type":"Feature","properties":{"origin":"osaka","minutes":41.8},"geometry":{"type":"Polygon","coordinates":[[[135.49,34.660000000000004],[135.495,34.660000000000004],[135.495,34.664],[135.49,34.664],[135.49,34.660000000000004]]]}},{"type":"Feature","properties":{"origin":"osaka","minutes":38.5},"geometry":{"type":"Polygon","coordinates":[[[135.49,34.664],[135.495,34.664],[135.495,34.668],[135.49,34.668],[135.49,34.664]]]}},{"type":"Feature","properties":{"origin":"osaka","minutes":35.2},"geometry":{"type":"Polygon","coordinates":[[[135.49,34.668],[135.495,34.668],[135.495,34.672],[135.49,34.672],[135.49,34.668]]]}},{"type":"Feature","properties":{"origin":"osaka","minutes":31.8},"geometry":{"type":"Polygon","coordinates":[[[135.49,34.672000000000004],[135.495,34.672000000000004],[135.495,34.676],[135.49,34.676],[135.49,34.672000000000004]]]}},{"type":"Feature","properties":{"origin":"osaka","minutes":28.5},"geometry":{"type":"Polygon","coordinates":[[[135.49,34.676],[135.495,34.676],[135.495,34.68],[135.49,34.68],[135.49,34.676]]]}},{"type":"Feature","properties":{"origin":"osaka","minutes":25.2},"geometry":{"type":"Polygon","coordinates":[[[135.49,34.68],[135.495,34.68],[135.495,34.684],[135.49,34.684],[135.49,34.68]]]}},{"type":"Feature","properties":{"origin":"osaka","minutes":21.9},"geometry":{"type":"Polygon","coordinates":[[[135.49,34.684000000000005],[135.495,34.684000000000005],[135.495,34.688],[135.49,34.688],[135.49,34.684000000000005]]]}},{"type":"Feature","properties":{"origin":"osaka","minutes":18.7},"geometry":{"type":"Polygon","coordinates":[[[135.49,34.688],[135.495,34.688],[135.495,34.692],[135.49,34.692],[135.49,34.688]]]}},{"type":"Feature","properties":{"origin":"osaka","minutes":15.5},"geometry":{"type":"Polygon","coordinates":[[[135.49,34.692],[135.495,34.692],[135.495,34.696],[135.49,34.696],[135.49,34.692]]]}},{"type":"Feature","properties":{"origin":"osaka","minutes":12.4},"geometry":{"type":"Polygon","coordinates":[[[135.49,34.696000000000005],[135.495,34.696000000000005],[135.495,34.7],[135.49,34.7],[135.49,34.696000000000005]]]}},{"type":"Feature","properties":{"origin":"osaka","minutes":10.4},"geometry":{"type":"Polygon","coordinates":[[[135.49,34.7],[135.495,34.7],[135.495,34.704],[135.49,34.704],[135.49,34.7]]]}},{"type":"Feature","properties":{"origin":"osaka","minutes":11.7},"geometry":{"type":"Polygon","coordinates":[[[135.49,34.704],[135.495,34.704],[135.495,34.708],[135.49,34.708],[135.49,34.704]]]}},{"type":"Feature","properties":{"origin":"osaka","minutes":14.7},"geometry":{"type":"Polygon","coordinates":[[[135.49,34.708000000000006],[135.495,34.708000000000006],[135.495,34.712],[135.49,34.712],[135.49,34.708000000000006]]]}},{"type":"Feature","properties":{"origin":"osaka","minutes":17.9},"geometry":{"type":"Polygon","coordinates":[[[135.49,34.712],[135.495,34.712],[135.495,34.716],[135.49,34.716],[135.49,34.712]]]}},{"type":"Feature","properties":{"origin":"osaka","minutes":21.1},"geometry":{"type":"Polygon","coordinates":[[[135.49,34.716],[135.495,34.716],[135.495,34.72],[135.49,34.72],[135.49,34.716]]]}},{"type":"Feature","properties":{"origin":"osaka","minutes":24.4},"geometry":{"type":"Polygon","coordinates":[[[135.49,34.72],[135.495,34.72],[135.495,34.724],[135.49,34.724],[135.49,34.72]]]}},{"type":"Feature","properties":{"origin":"osaka","minutes":27.7},"geometry":{"type":"Polygon","coordinates":[[[135.49,34.724000000000004],[135.495,34.724000000000004],[135.495,34.728],[135.49,34.728],[135.49,34.724000000000004]]]}},{"type":"Feature","properties":{"origin":"osaka","minutes":31.0},"geometry":{"type":"Polygon","coordinates":[[[135.49,34.728],[135.495,34.728],[135.495,34.732],[135.49,34.732],[135.49,34.728]]]}},{"type":"Feature","properties":{"origin":"osaka","minutes":34.3},"geometry":{"type":"Polygon","coordinates":[[[135.49,34.732],[135.495,34.732],[135.495,34.736],[135.49,34.736],[135.49,34.732]]]}},{"type":"Feature","properties":{"origin":"osaka","minutes":37.6},"geometry":{"type":"Polygon","coordinates":[[[135.49,34.736000000000004],[135.495,34.736000000000004],[135.495,34.74],[135.49,34.74],[135.49,34.736000000000004]]]}},{"type":"Feature","properties":{"origin":"osaka","minutes":41.0},"geometry":{"type":"Polygon","coordinates":[[[135.49,34.74],[135.495,34.74],[135.495,34.744],[135.49,34.744],[135.49,34.74]]]}},{"type":"Feature","properties":{"origin":"osaka","minutes":44.3},"geometry":{"type":"Polygon","coordinates":[[[135.49,34.744],[135.495,34.744],[135.495,34.748],[135.49,34.748],[135.49,34.744]]]}},{"type":"Feature","properties":{"origin":"osaka","minutes":47.6},"geometry":{"type":"Polygon","coordinates":[[[135.49,34.748000000000005],[135.495,34.748000000000005],[135.495,34.752],[135.49,34.752],[135.49,34.748000000000005]]]}},{"type":"Feature","properties":{"origin":"osaka","minutes":50.9},"geometry":{"type":"Polygon","coordinates":[[[135.49,34.752],[135.495,34.752],[135.495,34.756],[135.49,34.756],[135.49,34.752]]]}},{"type":"Feature","properties":{"origin":"osaka","minutes":54.3},"geometry":{"type":"Polygon","coordinates":[[[135.49,34.756],[135.495,34.756],[135.495,34.76],[135.49,34.76],[135.49,34.756]]]}},{"type":"Feature","properties":{"origin":"osaka","minutes":58.4},"geometry":{"type":"Polygon","coordinates":[[[135.495,34.64],[135.5,34.64],[135.5,34.644],[135.495,34.644],[135.495,34.64]]]}},{"type":"Feature","properties":{"origin":"osaka","minutes":55.0},"geometry":{"type":"Polygon","coordinates":[[[135.495,34.644000000000005],[135.5,34.644000000000005],[135.5,34.648],[135.495,34.648],[135.495,34.644000000000005]]]}},{"type":"Feature","properties":{"origin":"osaka","minutes":51.7},"geometry":{"type":"Polygon","coordinates":[[[135.495,34.648],[135.5,34.648],[135.5,34.652],[135.495,34.652],[135.495,34.648]]]}},{"type":"Feature","properties":{"origin":"osaka","minutes":48.4},"geometry":{"type":"Polygon","coordinates":[[[135.495,34.652],[135.5,34.652],[135.5,34.656],[135.495,34.656],[135.495,34.652]]]}},{"type":"Feature","properties":{"origin":"osaka","minutes":45.1},"geometry":{"type":"Polygon","coordinates":[[[135.495,34.656],[135.5,34.656],[135.5,34.66],[135.495,34.66],[135.495,34.656]]]}},{"type":"Feature","properties":{"origin":"osaka","minutes":41.7},"geometry":{"type":"Polygon","coordinates":[[[135.495,34.660000000000004],[135.5,34.660000000000004],[135.5,34.664],[135.495,34.664],[135.495,34.660000000000004]]]}},{"type":"Feature","properties":{"origin":"osaka","minutes":38.4},"geometry":{"type":"Polygon","coordinates":[[[135.495,34.664],[135.5,34.664],[135.5,34.668],[135.495,34.668],[135.495,34.664]]]}},{"type":"Feature","properties":{"origin":"osaka","minutes":35.1},"geometry":{"type":"Polygon","coordinates":[[[135.495,34.668],[135.5,34.668],[135.5,34.672],[135.495,34.672],[135.495,34.668]]]}},{"type":"Feature","properties":{"origin":"osaka","minutes":31.8},"geometry":{"type":"Polygon","coordinates":[[[135.495,34.672000000000004],[135.5,34.672000000000004],[135.5,34.676],[135.495,34.676],[135.495,34.672000000000004]]]}},{"type":"Feature","properties":{"origin":"osaka","minutes":28.4},"geometry":{"type":"Polygon","coordinates":[[[135.495,34.676],[135.5,34.676],[135.5,34.68],[135.495,34.68],[135.495,34.676]]]}},{"type":"Feature","properties":{"origin":"osaka","minutes":25.1},"geometry":{"type":"Polygon","coordinates":[[[135.495,34.68],[135.5,34.68],[135.5,34.684],[135.495,34.684],[135.495,34.68]]]}},{"type":"Feature","properties":{"origin":"osaka","minutes":21.8},"geometry":{"type":"Polygon","coordinates":[[[135.495,34.684000000000005],[135.5,34.684000000000005],[135.5,34.688],[135.495,34.688],[135.495,34.684000000000005]]]}},{"type":"Feature","properties":{"origin":"osaka","minutes":18.5},"geometry":{"type":"Polygon","coordinates":[[[135.495,34.688],[135.5,34.688],[135.5,34.692],[135.495,34.692],[135.495,34.688]]]}},{"type":"Feature","properties":{"origin":"osaka","minutes":15.2},"geometry":{"type":"Polygon","coordinates":[[[135.495,34.692],[135.5,34.692],[135.5,34.696],[135.495,34.696],[135.495,34.692]]]}},{"type":"Feature","properties":{"origin":"osaka","minutes":11.9},"geometry":{"type":"Polygon","coordinates":[[[135.495,34.696000000000005],[135.5,34.696000000000005],[135.5,34.7],[135.495,34.7],[135.495,34.696000000000005]]]}},{"type":"Feature","properties":{"origin":"osaka","minutes":9.2},"geometry":{"type":"Polygon","coordinates":[[[135.495,34.7],[135.5,34.7],[135.5,34.704],[135.495,34.704],[135.495,34.7]]]}},{"type":"Feature","properties":{"origin":"osaka","minutes":11.1},"geometry":{"type":"Polygon","coordinates":[[[135.495,34.704],[135.5,34.704],[135.5,34.708],[135.495,34.708],[135.495,34.704]]]}},{"type":"Feature","properties":{"origin":"osaka","minutes":14.3},"geometry":{"type":"Polygon","coordinates":[[[135.495,34.708000000000006],[135.5,34.708000000000006],[135.5,34.712],[135.495,34.712],[135.495,34.708000000000006]]]}},{"type":"Feature","properties":{"origin":"osaka","minutes":17.6},"geometry":{"type":"Polygon","coordinates":[[[135.495,34.712],[135.5,34.712],[135.5,34.716],[135.495,34.716],[135.495,34.712]]]}},{"type":"Feature","properties":{"origin":"osaka","minutes":21.0},"geometry":{"type":"Polygon","coordinates":[[[135.495,34.716],[135.5,34.716],[135.5,34.72],[135.495,34.72],[135.495,34.716]]]}},{"type":"Feature","properties":{"origin":"osaka","minutes":24.3},"geometry":{"type":"Polygon","coordinates":[[[135.495,34.72],[135.5,34.72],[135.5,34.724],[135.495,34.724],[135.495,34.72]]]}},{"type":"Feature","properties":{"origin":"osaka","minutes":27.6},"geometry":{"type":"Polygon","coordinates":[[[135.495,34.724000000000004],[135.5,34.724000000000004],[135.5,34.728],[135.495,34.728],[135.495,34.724000000000004]]]}},{"type":"Feature","properties":{"origin":"osaka","minutes":30.9},"geometry":{"type":"Polygon","coordinates":[[[135.495,34.728],[135.5,34.728],[135.5,34.732],[135.495,34.732],[135.495,34.728]]]}},{"type":"Feature","properties":{"origin":"osaka","minutes":34.2},"geometry":{"type":"Polygon","coordinates":[[[135.495,34.732],[135.5,34.732],[135.5,34.736],[135.495,34.736],[135.495,34.732]]]}},{"type":"Feature","properties":{"origin":"osaka","minutes":37.6},"geometry":{"type":"Polygon","coordinates":[[[135.495,34.736000000000004],[135.5,34.736000000000004],[135.5,34.74],[135.495,34.74],[135.495,34.736000000000004]]]}},{"type":"Feature","properties":{"origin":"osaka","minutes":40.9},"geometry":{"type":"Polygon","coordinates":[[[135.495,34.74],[135.5,34.74],[135.5,34.744],[135.495,34.744],[135.495,34.74]]]}},{"type":"Feature","properties":{"origin":"osaka","minutes":44.2},"geometry":{"type":"Polygon","coordinates":[[[135.495,34.744],[135.5,34.744],[135.5,34.748],[135.495,34.748],[135.495,34.744]]]}},{"type":"Feature","properties":{"origin":"osaka","minutes":47.6},"geometry":{"type":"Polygon","coordinates":[[[135.495,34.748000000000005],[135.5,34.748000000000005],[135.5,34.752],[135.495,34.752],[135.495,34.748000000000005]]]}},{"type":"Feature","properties":{"origin":"osaka","minutes":50.9},"geometry":{"type":"Polygon","coordinates":[[[135.495,34.752],[135.5,34.752],[135.5,34.756],[135.495,34.756],[135.495,34.752]]]}},{"type":"Feature","properties":{"origin":"osaka","minutes":54.2},"geometry":{"type":"Polygon","coordinates":[[[135.495,34.756],[135.5,34.756],[135.5,34.76],[135.495,34.76],[135.495,34.756]]]}},{"type":"Feature","properties":{"origin":"osaka","minutes":58.6},"geometry":{"type":"Polygon","coordinates":[[[135.5,34.64],[135.505,34.64],[135.505,34.644],[135.5,34.644],[135.5,34.64]]]}},{"type":"Feature","properties":{"origin":"osaka","minutes":55.3},"geometry":{"type":"Polygon","coordinates":[[[135.5,34.644000000000005],[135.505,34.644000000000005],[135.505,34.648],[135.5,34.648],[135.5,34.644000000000005]]]}},{"type":"Feature","properties":{"origin":"osaka","minutes":51.9},"geometry":{"type":"Polygon","coordinates":[[[135.5,34.648],[135.505,34.648],[135.505,34.652],[135.5,34.652],[135.5,34.648]]]}},{"type":"Feature","properties":{"origin":"osaka","minutes":48.6},"geometry":{"type":"Polygon","coordinates":[[[135.5,34.652],[135.505,34.652],[135.505,34.656],[135.5,34.656],[135.5,34.652]]]}},{"type":"Feature","properties":{"origin":"osaka","minutes":45.3},"geometry":{"type":"Polygon","coordinates":[[[135.5,34.656],[135.505,34.656],[135.505,34.66],[135.5,34.66],[135.5,34.656]]]}},{"type":"Feature","properties":{"origin":"osaka","minutes":42.0},"geometry":{"type":"Polygon","coordinates":[[[135.5,34.660000000000004],[135.505,34.660000000000004],[135.505,34.664],[135.5,34.664],[135.5,34.660000000000004]]]}},{"type":"Feature","properties":{"origin":"osaka","minutes":38.7},"geometry":{"type":"Polygon","coordinates":[[[135.5,34.664],[135.505,34.664],[135.505,34.668],[135.5,34.668],[135.5,34.664]]]}},{"type":"Feature","properties":{"origin":"osaka","minutes":35.4},"geometry":{"type":"Polygon","coordinates":[[[135.5,34.668],[135.505,34.668],[135.505,34.672],[135.5,34.672],[135.5,34.668]]]}},{"type":"Feature","properties":{"origin":"osaka","minutes":32.2},"geometry":{"type":"Polygon","coordinates":[[[135.5,34.672000000000004],[135.505,34.672000000000004],[135.505,34.676],[135.5,34.676],[135.5,34.672000000000004]]]}},{"type":"Feature","properties":{"origin":"osaka","minutes":28.9},"geometry":{"type":"Polygon","coordinates":[[[135.5,34.676],[135.505,34.676],[135.505,34.68],[135.5,34.68],[135.5,34.676]]]}},{"type":"Feature","properties":{"origin":"osaka","minutes":25.7},"geometry":{"type":"Polygon","coordinates":[[[135.5,34.68],[135.505,34.68],[135.505,34.684],[135.5,34.684],[135.5,34.68]]]}},{"type":"Feature","properties":{"origin":"osaka","minutes":22.5},"geometry":{"type":"Polygon","coordinates":[[[135.5,34.684000000000005],[135.505,34.684000000000005],[135.505,34.688],[135.5,34.688],[135.5,34.684000000000005]]]}},{"type":"Feature","properties":{"origin":"osaka","minutes":19.3},"geometry":{"type":"Polygon","coordinates":[[[135.5,34.688],[135.505,34.688],[135.505,34.692],[135.5,34.692],[135.5,34.688]]]}},{"type":"Feature","properties":{"origin":"osaka","minutes":16.4},"geometry":{"type":"Polygon","coordinates":[[[135.5,34.692],[135.505,34.692],[135.505,34.696],[135.5,34.696],[135.5,34.692]]]}},{"type":"Feature","properties":{"origin":"osaka","minutes":13.9},"geometry":{"type":"Polygon","coordinates":[[[135.5,34.696000000000005],[135.505,34.696000000000005],[135.505,34.7],[135.5,34.7],[135.5,34.696000000000005]]]}},{"type":"Feature","properties":{"origin":"osaka","minutes":12.5},"geometry":{"type":"Polygon","coordinates":[[[135.5,34.7],[135.505,34.7],[135.505,34.704],[135.5,34.704],[135.5,34.7]]]}},{"type":"Feature","properties":{"origin":"osaka","minutes":13.4},"geometry":{"type":"Polygon","coordinates":[[[135.5,34.704],[135.505,34.704],[135.505,34.708],[135.5,34.708],[135.5,34.704]]]}},{"type":"Feature","properties":{"origin":"osaka","minutes":15.7},"geometry":{"type":"Polygon","coordinates":[[[135.5,34.708000000000006],[135.505,34.708000000000006],[135.505,34.712],[135.5,34.712],[135.5,34.708000000000006]]]}},{"type":"Feature","properties":{"origin":"osaka","minutes":18.6},"geometry":{"type":"Polygon","coordinates":[[[135.5,34.712],[135.505,34.712],[135.505,34.716],[135.5,34.716],[135.5,34.712]]]}},{"type":"Feature","properties":{"origin":"osaka","minutes":21.7},"geometry":{"type":"Polygon","coordinates":[[[135.5,34.716],[135.505,34.716],[135.505,34.72],[135.5,34.72],[135.5,34.716]]]}},{"type":"Feature","properties":{"origin":"osaka","minutes":24.9},"geometry":{"type":"Polygon","coordinates":[[[135.5,34.72],[135.505,34.72],[135.505,34.724],[135.5,34.724],[135.5,34.72]]]}},{"type":"Feature","properties":{"origin":"osaka","minutes":28.1},"geometry":{"type":"Polygon","coordinates":[[[135.5,34.724000000000004],[135.505,34.724000000000004],[135.505,34.728],[135.5,34.728],[135.5,34.724000000000004]]]}},{"type":"Feature","properties":{"origin":"osaka","minutes":31.3},"geometry":{"type":"Polygon","coordinates":[[[135.5,34.728],[135.505,34.728],[135.505,34.732],[135.5,34.732],[135.5,34.728]]]}},{"type":"Feature","properties":{"origin":"osaka","minutes":34.6},"geometry":{"type":"Polygon","coordinates":[[[135.5,34.732],[135.505,34.732],[135.505,34.736],[135.5,34.736],[135.5,34.732]]]}},{"type":"Feature","properties":{"origin":"osaka","minutes":37.9},"geometry":{"type":"Polygon","coordinates":[[[135.5,34.736000000000004],[135.505,34.736000000000004],[135.505,34.74],[135.5,34.74],[135.5,34.736000000000004]]]}},{"type":"Feature","properties":{"origin":"osaka","minutes":41.2},"geometry":{"type":"Polygon","coordinates":[[[135.5,34.74],[135.505,34.74],[135.505,34.744],[135.5,34.744],[135.5,34.74]]]}},{"type":"Feature","properties":{"origin":"osaka","minutes":44.5},"geometry":{"type":"Polygon","coordinates":[[[135.5,34.744],[135.505,34.744],[135.505,34.748],[135.5,34.748],[135.5,34.744]]]}},{"type":"Feature","properties":{"origin":"osaka","minutes":47.8},"geometry":{"type":"Polygon","coordinates":[[[135.5,34.748000000000005],[135.505,34.748000000000005],[135.505,34.752],[135.5,34.752],[135.5,34.748000000000005]]]}},{"type":"Feature","properties":{"origin":"osaka","minutes":51.1},"geometry":{"type":"Polygon","coordinates":[[[135.5,34.752],[135.505,34.752],[135.505,34.756],[135.5,34.756],[135.5,34.752]]]}},{"type":"Feature","properties":{"origin":"osaka","minutes":54.4},"geometry":{"type":"Polygon","coordinates":[[[135.5,34.756],[135.505,34.756],[135.505,34.76],[135.5,34.76],[135.5,34.756]]]}},{"type":"Feature","properties":{"origin":"osaka","minutes":59.0},"geometry":{"type":"Polygon","coordinates":[[[135.505,34.64],[135.51,34.64],[135.51,34.644],[135.505,34.644],[135.505,34.64]]]}},{"type":"Feature","properties":{"origin":"osaka","minutes":55.7},"geometry":{"type":"Polygon","coordinates":[[[135.505,34.644000000000005],[135.51,34.644000000000005],[135.51,34.648],[135.505,34.648],[135.505,34.644000000000005]]]}},{"type":"Feature","properties":{"origin":"osaka","minutes":52.4},"geometry":{"type":"Polygon","coordinates":[[[135.505,34.648],[135.51,34.648],[135.51,34.652],[135.505,34.652],[135.505,34.648]]]}},{"type":"Feature","properties":{"origin":"osaka","minutes":49.2},"geometry":{"type":"Polygon","coordinates":[[[135.505,34.652],[135.51,34.652],[135.51,34.656],[135.505,34.656],[135.505,34.652]]]}},{"type":"Feature","properties":{"origin":"osaka","minutes":45.9},"geometry":{"type":"Polygon","coordinates":[[[135.505,34.656],[135.51,34.656],[135.51,34.66],[135.505,34.66],[135.505,34.656]]]}},{"type":"Feature","properties":{"origin":"osaka","minutes":42.6},"geometry":{"type":"Polygon","coordinates":[[[135.505,34.660000000000004],[135.51,34.660000000000004],[135.51,34.664],[135.505,34.664],[135.505,34.660000000000004]]]}},{"type":"Feature","properties":{"origin":"osaka","minutes":39.4},"geometry":{"type":"Polygon","coordinates":[[[135.505,34.664],[135.51,34.664],[135.51,34.668],[135.505,34.668],[135.505,34.664]]]}},{"type":"Feature","properties":{"origin":"osaka","minutes":36.2},"geometry":{"type":"Polygon","coordinates":[[[135.505,34.668],[135.51,34.668],[135.51,34.672],[135.505,34.672],[135.505,34.668]]]}},{"type":"Feature","properties":{"origin":"osaka","minutes":33.0},"geometry":{"type":"Polygon","coordinates":[[[135.505,34.672000000000004],[135.51,34.672000000000004],[135.51,34.676],[135.505,34.676],[135.505,34.672000000000004]]]}},{"type":"Feature","properties":{"origin":"osaka","minutes":29.9},"geometry":{"type":"Polygon","coordinates":[[[135.505,34.676],[135.51,34.676],[135.51,34.68],[135.505,34.68],[135.505,34.676]]]}},{"type":"Feature","properties":{"origin":"osaka","minutes":26.8},"geometry":{"type":"Polygon","coordinates":[[[135.505,34.68],[135.51,34.68],[135.51,34.684],[135.505,34.684],[135.505,34.68]]]}},{"type":"Feature","properties":{"origin":"osaka","minutes":23.9},"geometry":{"type":"Polygon","coordinates":[[[135.505,34.684000000000005],[135.51,34.684000000000005],[135.51,34.688],[135.505,34.688],[135.505,34.684000000000005]]]}},{"type":"Feature","properties":{"origin":"osaka","minutes":21.1},"geometry":{"type":"Polygon","coordinates":[[[135.505,34.688],[135.51,34.688],[135.51,34.692],[135.505,34.692],[135.505,34.688]]]}},{"type":"Feature","properties":{"origin":"osaka","minutes":18.7},"geometry":{"type":"Polygon","coordinates":[[[135.505,34.692],[135.51,34.692],[135.51,34.696],[135.505,34.696],[135.505,34.692]]]}},{"type":"Feature","properties":{"origin":"osaka","minutes":16.8},"geometry":{"type":"Polygon","coordinates":[[[135.505,34.696000000000005],[135.51,34.696000000000005],[135.51,34.7],[135.505,34.7],[135.505,34.696000000000005]]]}},{"type":"Feature","properties":{"origin":"osaka","minutes":16.0},"geometry":{"type":"Polygon","coordinates":[[[135.505,34.7],[135.51,34.7],[135.51,34.704],[135.505,34.704],[135.505,34.7]]]}},{"type":"Feature","properties":{"origin":"osaka","minutes":16.5},"geometry":{"type":"Polygon","coordinates":[[[135.505,34.704],[135.51,34.704],[135.51,34.708],[135.505,34.708],[135.505,34.704]]]}},{"type":"Feature","properties":{"origin":"osaka","minutes":18.1},"geometry":{"type":"Polygon","coordinates":[[[135.505,34.708000000000006],[135.51,34.708000000000006],[135.51,34.712],[135.505,34.712],[135.505,34.708000000000006]]]}},{"type":"Feature","properties":{"origin":"osaka","minutes":20.5},"geometry":{"type":"Polygon","coordinates":[[[135.505,34.712],[135.51,34.712],[135.51,34.716],[135.505,34.716],[135.505,34.712]]]}},{"type":"Feature","properties":{"origin":"osaka","minutes":23.2},"geometry":{"type":"Polygon","coordinates":[[[135.505,34.716],[135.51,34.716],[135.51,34.72],[135.505,34.72],[135.505,34.716]]]}},{"type":"Feature","properties":{"origin":"osaka","minutes":26.1},"geometry":{"type":"Polygon","coordinates":[[[135.505,34.72],[135.51,34.72],[135.51,34.724],[135.505,34.724],[135.505,34.72]]]}},{"type":"Feature","properties":{"origin":"osaka","minutes":29.1},"geometry":{"type":"Polygon","coordinates":[[[135.505,34.724000000000004],[135.51,34.724000000000004],[135.51,34.728],[135.505,34.728],[135.505,34.724000000000004]]]}},{"type":"Feature","properties":{"origin":"osaka","minutes":32.2},"geometry":{"type":"Polygon","coordinates":[[[135.505,34.728],[135.51,34.728],[135.51,34.732],[135.505,34.732],[135.505,34.728]]]}},{"type":"Feature","properties":{"origin":"osaka","minutes":35.4},"geometry":{"type":"Polygon","coordinates":[[[135.505,34.732],[135.51,34.732],[135.51,34.736],[135.505,34.736],[135.505,34.732]]]}},{"type":"Feature","properties":{"origin":"osaka","minutes":38.6},"geometry":{"type":"Polygon","coordinates":[[[135.505,34.736000000000004],[135.51,34.736000000000004],[135.51,34.74],[135.505,34.74],[135.505,34.736000000000004]]]}},{"type":"Feature","properties":{"origin":"osaka","minutes":41.8},"geometry":{"type":"Polygon","coordinates":[[[135.505,34.74],[135.51,34.74],[135.51,34.744],[135.505,34.744],[135.505,34.74]]]}},{"type":"Feature","properties":{"origin":"osaka","minutes":45.1},"geometry":{"type":"Polygon","coordinates":[[[135.505,34.744],[135.51,34.744],[135.51,34.748],[135.505,34.748],[135.505,34.744]]]}},{"type":"Feature","properties":{"origin":"osaka","minutes":48.3},"geometry":{"type":"Polygon","coordinates":[[[135.505,34.748000000000005],[135.51,34.748000000000005],[135.51,34.752],[135.505,34.752],[135.505,34.748000000000005]]]}},{"type":"Feature","properties":{"origin":"osaka","minutes":51.6},"geometry":{"type":"Polygon","coordinates":[[[135.505,34.752],[135.51,34.752],[135.51,34.756],[135.505,34.756],[135.505,34.752]]]}},{"type":"Feature","properties":{"origin":"osaka","minutes":54.9},"geometry":{"type":"Polygon","coordinates":[[[135.505,34.756],[135.51,34.756],[135.51,34.76],[135.505,34.76],[135.505,34.756]]]}},{"type":"Feature","properties":{"origin":"osaka","minutes":59.6},"geometry":{"type":"Polygon","coordinates":[[[135.51,34.64],[135.515,34.64],[135.515,34.644],[135.51,34.644],[135.51,34.64]]]}},{"type":"Feature","properties":{"origin":"osaka","minutes":56.4},"geometry":{"type":"Polygon","coordinates":[[[135.51,34.644000000000005],[135.515,34.644000000000005],[135.515,34.648],[135.51,34.648],[135.51,34.644000000000005]]]}},{"type":"Feature","properties":{"origin":"osaka","minutes":53.2},"geometry":{"type":"Polygon","coordinates":[[[135.51,34.648],[135.515,34.648],[135.515,34.652],[135.51,34.652],[135.51,34.648]]]}},{"type":"Feature","properties":{"origin":"osaka","minutes":50.0},"geometry":{"type":"Polygon","coordinates":[[[135.51,34.652],[135.515,34.652],[135.515,34.656],[135.51,34.656],[135.51,34.652]]]}},{"type":"Feature","properties":{"origin":"osaka","minutes":46.8},"geometry":{"type":"Polygon","coordinates":[[[135.51,34.656],[135.515,34.656],[135.515,34.66],[135.51,34.66],[135.51,34.656]]]}},{"type":"Feature","properties":{"origin":"osaka","minutes":43.6},"geometry":{"type":"Polygon","coordinates":[[[135.51,34.660000000000004],[135.515,34.660000000000004],[135.515,34.664],[135.51,34.664],[135.51,34.660000000000004]]]}},{"type":"Feature","properties":{"origin":"osaka","minutes":40.5},"geometry":{"type":"Polygon","coordinates":[[[135.51,34.664],[135.515,34.664],[135.515,34.668],[135.51,34.668],[135.51,34.664]]]}},{"type":"Feature","properties":{"origin":"osaka","minutes":37.4},"geometry":{"type":"Polygon","coordinates":[[[135.51,34.668],[135.515,34.668],[135.515,34.672],[135.51,34.672],[135.51,34.668]]]}},{"type":"Feature","properties":{"origin":"osaka","minutes":34.3},"geometry":{"type":"Polygon","coordinates":[[[135.51,34.672000000000004],[135.515,34.672000000000004],[135.515,34.676],[135.51,34.676],[135.51,34.672000000000004]]]}},{"type":"Feature","properties":{"origin":"osaka","minutes":31.4},"geometry":{"type":"Polygon","coordinates":[[[135.51,34.676],[135.515,34.676],[135.515,34.68],[135.51,34.68],[135.51,34.676]]]}},{"type":"Feature","properties":{"origin":"osaka","minutes":28.5},"geometry":{"type":"Polygon","coordinates":[[[135.51,34.68],[135.515,34.68],[135.515,34.684],[135.51,34.684],[135.51,34.68]]]}},{"type":"Feature","properties":{"origin":"osaka","minutes":25.8},"geometry":{"type":"Polygon","coordinates":[[[135.51,34.684000000000005],[135.515,34.684000000000005],[135.515,34.688],[135.51,34.688],[135.51,34.684000000000005]]]}},{"type":"Feature","properties":{"origin":"osaka","minutes":23.4},"geometry":{"type":"Polygon","coordinates":[[[135.51,34.688],[135.515,34.688],[135.515,34.692],[135.51,34.692],[135.51,34.688]]]}},{"type":"Feature","properties":{"origin":"osaka","minutes":21.4},"geometry":{"type":"Polygon","coordinates":[[[135.51,34.692],[135.515,34.692],[135.515,34.696],[135.51,34.696],[135.51,34.692]]]}},{"type":"Feature","properties":{"origin":"osaka","minutes":20.0},"geometry":{"type":"Polygon","coordinates":[[[135.51,34.696000000000005],[135.515,34.696000000000005],[135.515,34.7],[135.51,34.7],[135.51,34.696000000000005]]]}},{"type":"Feature","properties":{"origin":"osaka","minutes":19.4},"geometry":{"type":"Polygon","coordinates":[[[135.51,34.7],[135.515,34.7],[135.515,34.704],[135.51,34.704],[135.51,34.7]]]}},{"type":"Feature","properties":{"origin":"osaka","minutes":19.8},"geometry":{"type":"Polygon","coordinates":[[[135.51,34.704],[135.515,34.704],[135.515,34.708],[135.51,34.708],[135.51,34.704]]]}},{"type":"Feature","properties":{"origin":"osaka","minutes":21.0},"geometry":{"type":"Polygon","coordinates":[[[135.51,34.708000000000006],[135.515,34.708000000000006],[135.515,34.712],[135.51,34.712],[135.51,34.708000000000006]]]}},{"type":"Feature","properties":{"origin":"osaka","minutes":22.9},"geometry":{"type":"Polygon","coordinates":[[[135.51,34.712],[135.515,34.712],[135.515,34.716],[135.51,34.716],[135.51,34.712]]]}},{"type":"Feature","properties":{"origin":"osaka","minutes":25.2},"geometry":{"type":"Polygon","coordinates":[[[135.51,34.716],[135.515,34.716],[135.515,34.72],[135.51,34.72],[135.51,34.716]]]}},{"type":"Feature","properties":{"origin":"osaka","minutes":27.8},"geometry":{"type":"Polygon","coordinates":[[[135.51,34.72],[135.515,34.72],[135.515,34.724],[135.51,34.724],[135.51,34.72]]]}},{"type":"Feature","properties":{"origin":"osaka","minutes":30.6},"geometry":{"type":"Polygon","coordinates":[[[135.51,34.724000000000004],[135.515,34.724000000000004],[135.515,34.728],[135.51,34.728],[135.51,34.724000000000004]]]}},{"type":"Feature","properties":{"origin":"osaka","minutes":33.6},"geometry":{"type":"Polygon","coordinates":[[[135.51,34.728],[135.515,34.728],[135.515,34.732],[135.51,34.732],[135.51,34.728]]]}},{"type":"Feature","properties":{"origin":"osaka","minutes":36.6},"geometry":{"type":"Polygon","coordinates":[[[135.51,34.732],[135.515,34.732],[135.515,34.736],[135.51,34.736],[135.51,34.732]]]}},{"type":"Feature","properties":{"origin":"osaka","minutes":39.7},"geometry":{"type":"Polygon","coordinates":[[[135.51,34.736000000000004],[135.515,34.736000000000004],[135.515,34.74],[135.51,34.74],[135.51,34.736000000000004]]]}},{"type":"Feature","properties":{"origin":"osaka","minutes":42.8},"geometry":{"type":"Polygon","coordinates":[[[135.51,34.74],[135.515,34.74],[135.515,34.744],[135.51,34.744],[135.51,34.74]]]}},{"type":"Feature","properties":{"origin":"osaka","minutes":46.0},"geometry":{"type":"Polygon","coordinates":[[[135.51,34.744],[135.515,34.744],[135.515,34.748],[135.51,34.748],[135.51,34.744]]]}},{"type":"Feature","properties":{"origin":"osaka","minutes":49.2},"geometry":{"type":"Polygon","coordinates":[[[135.51,34.748000000000005],[135.515,34.748000000000005],[135.515,34.752],[135.51,34.752],[135.51,34.748000000000005]]]}},{"type":"Feature","properties":{"origin":"osaka","minutes":52.4},"geometry":{"type":"Polygon","coordinates":[[[135.51,34.752],[135.515,34.752],[135.515,34.756],[135.51,34.756],[135.51,34.752]]]}},{"type":"Feature","properties":{"origin":"osaka","minutes":55.6},"geometry":{"type":"Polygon","coordinates":[[[135.51,34.756],[135.515,34.756],[135.515,34.76],[135.51,34.76],[135.51,34.756]]]}},{"type":"Feature","properties":{"origin":"osaka","minutes":57.3},"geometry":{"type":"Polygon","coordinates":[[[135.515,34.644000000000005],[135.51999999999998,34.644000000000005],[135.51999999999998,34.648],[135.515,34.648],[135.515,34.644000000000005]]]}},{"type":"Feature","properties":{"origin":"osaka","minutes":54.2},"geometry":{"type":"Polygon","coordinates":[[[135.515,34.648],[135.51999999999998,34.648],[135.51999999999998,34.652],[135.515,34.652],[135.515,34.648]]]}},{"type":"Feature","properties":{"origin":"osaka","minutes":51.0},"geometry":{"type":"Polygon","coordinates":[[[135.515,34.652],[135.51999999999998,34.652],[135.51999999999998,34.656],[135.515,34.656],[135.515,34.652]]]}},{"type":"Feature","properties":{"origin":"osaka","minutes":47.9},"geometry":{"type":"Polygon","coordinates":[[[135.515,34.656],[135.51999999999998,34.656],[135.51999999999998,34.66],[135.515,34.66],[135.515,34.656]]]}},{"type":"Feature","properties":{"origin":"osaka","minutes":44.8},"geometry":{"type":"Polygon","coordinates":[[[135.515,34.660000000000004],[135.51999999999998,34.660000000000004],[135.51999999999998,34.664],[135.515,34.664],[135.515,34.660000000000004]]]}},{"type":"Feature","properties":{"origin":"osaka","minutes":41.8},"geometry":{"type":"Polygon","coordinates":[[[135.515,34.664],[135.51999999999998,34.664],[135.51999999999998,34.668],[135.515,34.668],[135.515,34.664]]]}},{"type":"Feature","properties":{"origin":"osaka","minutes":38.9},"geometry":{"type":"Polygon","coordinates":[[[135.515,34.668],[135.51999999999998,34.668],[135.51999999999998,34.672],[135.515,34.672],[135.515,34.668]]]}},{"type":"Feature","properties":{"origin":"osaka","minutes":36.0},"geometry":{"type":"Polygon","coordinates":[[[135.515,34.672000000000004],[135.51999999999998,34.672000000000004],[135.51999999999998,34.676],[135.515,34.676],[135.515,34.672000000000004]]]}},{"type":"Feature","properties":{"origin":"osaka","minutes":33.2},"geometry":{"type":"Polygon","coordinates":[[[135.515,34.676],[135.51999999999998,34.676],[135.51999999999998,34.68],[135.515,34.68],[135.515,34.676]]]}},{"type":"Feature","properties":{"origin":"osaka","minutes":30.6},"geometry":{"type":"Polygon","coordinates":[[[135.515,34.68],[135.51999999999998,34.68],[135.51999999999998,34.684],[135.515,34.684],[135.515,34.68]]]}},{"type":"Feature","properties":{"origin":"osaka","minutes":28.2},"geometry":{"type":"Polygon","coordinates":[[[135.515,34.684000000000005],[135.51999999999998,34.684000000000005],[135.51999999999998,34.688],[135.515,34.688],[135.515,34.684000000000005]]]}},{"type":"Feature","properties":{"origin":"osaka","minutes":26.1},"geometry":{"type":"Polygon","coordinates":[[[135.515,34.688],[135.51999999999998,34.688],[135.51999999999998,34.692],[135.515,34.692],[135.515,34.688]]]}},{"type":"Feature","properties":{"origin":"osaka","minutes":24.4},"geometry":{"type":"Polygon","coordinates":[[[135.515,34.692],[135.51999999999998,34.692],[135.51999999999998,34.696],[135.515,34.696],[135.515,34.692]]]}},{"type":"Feature","properties":{"origin":"osaka","minutes":23.3},"geometry":{"type":"Polygon","coordinates":[[[135.515,34.696000000000005],[135.51999999999998,34.696000000000005],[135.51999999999998,34.7],[135.515,34.7],[135.515,34.696000000000005]]]}},{"type":"Feature","properties":{"origin":"osaka","minutes":22.8},"geometry":{"type":"Polygon","coordinates":[[[135.515,34.7],[135.51999999999998,34.7],[135.51999999999998,34.704],[135.515,34.704],[135.515,34.7]]]}},{"type":"Feature","properties":{"origin":"osaka","minutes":23.1},"geometry":{"type":"Polygon","coordinates":[[[135.515,34.704],[135.51999999999998,34.704],[135.51999999999998,34.708],[135.515,34.708],[135.515,34.704]]]}},{"type":"Feature","properties":{"origin":"osaka","minutes":24.1},"geometry":{"type":"Polygon","coordinates":[[[135.515,34.708000000000006],[135.51999999999998,34.708000000000006],[135.51999999999998,34.712],[135.515,34.712],[135.515,34.708000000000006]]]}},{"type":"Feature","properties":{"origin":"osaka","minutes":25.6},"geometry":{"type":"Polygon","coordinates":[[[135.515,34.712],[135.51999999999998,34.712],[135.51999999999998,34.716],[135.515,34.716],[135.515,34.712]]]}},{"type":"Feature","properties":{"origin":"osaka","minutes":27.7},"geometry":{"type":"Polygon","coordinates":[[[135.515,34.716],[135.51999999999998,34.716],[135.51999999999998,34.72],[135.515,34.72],[135.515,34.716]]]}},{"type":"Feature","properties":{"origin":"osaka","minutes":30.0},"geometry":{"type":"Polygon","coordinates":[[[135.515,34.72],[135.51999999999998,34.72],[135.51999999999998,34.724],[135.515,34.724],[135.515,34.72]]]}},{"type":"Feature","properties":{"origin":"osaka","minutes":32.5},"geometry":{"type":"Polygon","coordinates":[[[135.515,34.724000000000004],[135.51999999999998,34.724000000000004],[135.51999999999998,34.728],[135.515,34.728],[135.515,34.724000000000004]]]}},{"type":"Feature","properties":{"origin":"osaka","minutes":35.3},"geometry":{"type":"Polygon","coordinates":[[[135.515,34.728],[135.51999999999998,34.728],[135.51999999999998,34.732],[135.515,34.732],[135.515,34.728]]]}},{"type":"Feature","properties":{"origin":"osaka","minutes":38.1},"geometry":{"type":"Polygon","coordinates":[[[135.515,34.732],[135.51999999999998,34.732],[135.51999999999998,34.736],[135.515,34.736],[135.515,34.732]]]}},{"type":"Feature","properties":{"origin":"osaka","minutes":41.1},"geometry":{"type":"Polygon","coordinates":[[[135.515,34.736000000000004],[135.51999999999998,34.736000000000004],[135.51999999999998,34.74],[135.515,34.74],[135.515,34.736000000000004]]]}},{"type":"Feature","properties":{"origin":"osaka","minutes":44.1},"geometry":{"type":"Polygon","coordinates":[[[135.515,34.74],[135.51999999999998,34.74],[135.51999999999998,34.744],[135.515,34.744],[135.515,34.74]]]}},{"type":"Feature","properties":{"origin":"osaka","minutes":47.1},"geometry":{"type":"Polygon","coordinates":[[[135.515,34.744],[135.51999999999998,34.744],[135.51999999999998,34.748],[135.515,34.748],[135.515,34.744]]]}},{"type":"Feature","properties":{"origin":"osaka","minutes":50.2},"geometry":{"type":"Polygon","coordinates":[[[135.515,34.748000000000005],[135.51999999999998,34.748000000000005],[135.51999999999998,34.752],[135.515,34.752],[135.515,34.748000000000005]]]}},{"type":"Feature","properties":{"origin":"osaka","minutes":53.4},"geometry":{"type":"Polygon","coordinates":[[[135.515,34.752],[135.51999999999998,34.752],[135.51999999999998,34.756],[135.515,34.756],[135.515,34.752]]]}},{"type":"Feature","properties":{"origin":"osaka","minutes":56.5},"geometry":{"type":"Polygon","coordinates":[[[135.515,34.756],[135.51999999999998,34.756],[135.51999999999998,34.76],[135.515,34.76],[135.515,34.756]]]}},{"type":"Feature","properties":{"origin":"osaka","minutes":58.5},"geometry":{"type":"Polygon","coordinates":[[[135.51999999999998,34.644000000000005],[135.52499999999998,34.644000000000005],[135.52499999999998,34.648],[135.51999999999998,34.648],[135.51999999999998,34.644000000000005]]]}},{"type":"Feature","properties":{"origin":"osaka","minutes":55.4},"geometry":{"type":"Polygon","coordinates":[[[135.51999999999998,34.648],[135.52499999999998,34.648],[135.52499999999998,34.652],[135.51999999999998,34.652],[135.51999999999998,34.648]]]}},{"type":"Feature","properties":{"origin":"osaka","minutes":52.3},"geometry":{"type":"Polygon","coordinates":[[[135.51999999999998,34.652],[135.52499999999998,34.652],[135.52499999999998,34.656],[135.51999999999998,34.656],[135.51999999999998,34.652]]]}},{"type":"Feature","properties":{"origin":"osaka","minutes":49.3},"geometry":{"type":"Polygon","coordinates":[[[135.51999999999998,34.656],[135.52499999999998,34.656],[135.52499999999998,34.66],[135.51999999999998,34.66],[135.51999999999998,34.656]]]}},{"type":"Feature","properties":{"origin":"osaka","minutes":46.3},"geometry":{"type":"Polygon","coordinates":[[[135.51999999999998,34.660000000000004],[135.52499999999998,34.660000000000004],[135.52499999999998,34.664],[135.51999999999998,34.664],[135.51999999999998,34.660000000000004]]]}},{"type":"Feature","properties":{"origin":"osaka","minutes":43.4},"geometry":{"type":"Polygon","coordinates":[[[135.51999999999998,34.664],[135.52499999999998,34.664],[135.52499999999998,34.668],[135.51999999999998,34.668],[135.51999999999998,34.664]]]}},{"type":"Feature","properties":{"origin":"osaka","minutes":40.6},"geometry":{"type":"Polygon","coordinates":[[[135.51999999999998,34.668],[135.52499999999998,34.668],[135.52499999999998,34.672],[135.51999999999998,34.672],[135.51999999999998,34.668]]]}},{"type":"Feature","properties":{"origin":"osaka","minutes":37.9},"geometry":{"type":"Polygon","coordinates":[[[135.51999999999998,34.672000000000004],[135.52499999999998,34.672000000000004],[135.52499999999998,34.676],[135.51999999999998,34.676],[135.51999999999998,34.672000000000004]]]}},{"type":"Feature","properties":{"origin":"osaka","minutes":35.4},"geometry":{"type":"Polygon","coordinates":[[[135.51999999999998,34.676],[135.52499999999998,34.676],[135.52499999999998,34.68],[135.51999999999998,34.68],[135.51999999999998,34.676]]]}},{"type":"Feature","properties":{"origin":"osaka","minutes":33.0},"geometry":{"type":"Polygon","coordinates":[[[135.51999999999998,34.68],[135.52499999999998,34.68],[135.52499999999998,34.684],[135.51999999999998,34.684],[135.51999999999998,34.68]]]}},{"type":"Feature","properties":{"origin":"osaka","minutes":30.8},"geometry":{"type":"Polygon","coordinates":[[[135.51999999999998,34.684000000000005],[135.52499999999998,34.684000000000005],[135.52499999999998,34.688],[135.51999999999998,34.688],[135.51999999999998,34.684000000000005]]]}},{"type":"Feature","properties":{"origin":"osaka","minutes":29.0},"geometry":{"type":"Polygon","coordinates":[[[135.51999999999998,34.688],[135.52499999999998,34.688],[135.52499999999998,34.692],[135.51999999999998,34.692],[135.51999999999998,34.688]]]}},{"type":"Feature","properties":{"origin":"osaka","minutes":27.6},"geometry":{"type":"Polygon","coordinates":[[[135.51999999999998,34.692],[135.52499999999998,34.692],[135.52499999999998,34.696],[135.51999999999998,34.696],[135.51999999999998,34.692]]]}},{"type":"Feature","properties":{"origin":"osaka","minutes":26.6},"geometry":{"type":"Polygon","coordinates":[[[135.51999999999998,34.696000000000005],[135.52499999999998,34.696000000000005],[135.52499999999998,34.7],[135.51999999999998,34.7],[135.51999999999998,34.696000000000005]]]}},{"type":"Feature","properties":{"origin":"osaka","minutes":26.3},"geometry":{"type":"Polygon","coordinates":[[[135.51999999999998,34.7],[135.52499999999998,34.7],[135.52499999999998,34.704],[135.51999999999998,34.704],[135.51999999999998,34.7]]]}},{"type":"Feature","properties":{"origin":"osaka","minutes":26.5},"geometry":{"type":"Polygon","coordinates":[[[135.51999999999998,34.704],[135.52499999999998,34.704],[135.52499999999998,34.708],[135.51999999999998,34.708],[135.51999999999998,34.704]]]}},{"type":"Feature","properties":{"origin":"osaka","minutes":27.3},"geometry":{"type":"Polygon","coordinates":[[[135.51999999999998,34.708000000000006],[135.52499999999998,34.708000000000006],[135.52499999999998,34.712],[135.51999999999998,34.712],[135.51999999999998,34.708000000000006]]]}},{"type":"Feature","properties":{"origin":"osaka","minutes":28.6},"geometry":{"type":"Polygon","coordinates":[[[135.51999999999998,34.712],[135.52499999999998,34.712],[135.52499999999998,34.716],[135.51999999999998,34.716],[135.51999999999998,34.712]]]}},{"type":"Feature","properties":{"origin":"osaka","minutes":30.4},"geometry":{"type":"Polygon","coordinates":[[[135.51999999999998,34.716],[135.52499999999998,34.716],[135.52499999999998,34.72],[135.51999999999998,34.72],[135.51999999999998,34.716]]]}},{"type":"Feature","properties":{"origin":"osaka","minutes":32.4},"geometry":{"type":"Polygon","coordinates":[[[135.51999999999998,34.72],[135.52499999999998,34.72],[135.52499999999998,34.724],[135.51999999999998,34.724],[135.51999999999998,34.72]]]}},{"type":"Feature","properties":{"origin":"osaka","minutes":34.8},"geometry":{"type":"Polygon","coordinates":[[[135.51999999999998,34.724000000000004],[135.52499999999998,34.724000000000004],[135.52499999999998,34.728],[135.51999999999998,34.728],[135.51999999999998,34.724000000000004]]]}},{"type":"Feature","properties":{"origin":"osaka","minutes":37.3},"geometry":{"type":"Polygon","coordinates":[[[135.51999999999998,34.728],[135.52499999999998,34.728],[135.52499999999998,34.732],[135.51999999999998,34.732],[135.51999999999998,34.728]]]}},{"type":"Feature","properties":{"origin":"osaka","minutes":40.0},"geometry":{"type":"Polygon","coordinates":[[[135.51999999999998,34.732],[135.52499999999998,34.732],[135.52499999999998,34.736],[135.51999999999998,34.736],[135.51999999999998,34.732]]]}},{"type":"Feature","properties":{"origin":"osaka","minutes":42.7},"geometry":{"type":"Polygon","coordinates":[[[135.51999999999998,34.736000000000004],[135.52499999999998,34.736000000000004],[135.52499999999998,34.74],[135.51999999999998,34.74],[135.51999999999998,34.736000000000004]]]}},{"type":"Feature","properties":{"origin":"osaka","minutes":45.6},"geometry":{"type":"Polygon","coordinates":[[[135.51999999999998,34.74],[135.52499999999998,34.74],[135.52499999999998,34.744],[135.51999999999998,34.744],[135.51999999999998,34.74]]]}},{"type":"Feature","properties":{"origin":"osaka","minutes":48.6},"geometry":{"type":"Polygon","coordinates":[[[135.51999999999998,34.744],[135.52499999999998,34.744],[135.52499999999998,34.748],[135.51999999999998,34.748],[135.51999999999998,34.744]]]}},{"type":"Feature","properties":{"origin":"osaka","minutes":51.6},"geometry":{"type":"Polygon","coordinates":[[[135.51999999999998,34.748000000000005],[135.52499999999998,34.748000000000005],[135.52499999999998,34.752],[135.51999999999998,34.752],[135.51999999999998,34.748000000000005]]]}},{"type":"Feature","properties":{"origin":"osaka","minutes":54.6},"geometry":{"type":"Polygon","coordinates":[[[135.51999999999998,34.752],[135.52499999999998,34.752],[135.52499999999998,34.756],[135.51999999999998,34.756],[135.51999999999998,34.752]]]}},{"type":"Feature","properties":{"origin":"osaka","minutes":57.7},"geometry":{"type":"Polygon","coordinates":[[[135.51999999999998,34.756],[135.52499999999998,34.756],[135.52499999999998,34.76],[135.51999999999998,34.76],[135.51999999999998,34.756]]]}},{"type":"Feature","properties":{"origin":"osaka","minutes":59.8},"geometry":{"type":"Polygon","coordinates":[[[135.525,34.644000000000005],[135.53,34.644000000000005],[135.53,34.648],[135.525,34.648],[135.525,34.644000000000005]]]}},{"type":"Feature","properties":{"origin":"osaka","minutes":56.8},"geometry":{"type":"Polygon","coordinates":[[[135.525,34.648],[135.53,34.648],[135.53,34.652],[135.525,34.652],[135.525,34.648]]]}},{"type":"Feature","properties":{"origin":"osaka","minutes":53.8},"geometry":{"type":"Polygon","coordinates":[[[135.525,34.652],[135.53,34.652],[135.53,34.656],[135.525,34.656],[135.525,34.652]]]}},{"type":"Feature","properties":{"origin":"osaka","minutes":50.9},"geometry":{"type":"Polygon","coordinates":[[[135.525,34.656],[135.53,34.656],[135.53,34.66],[135.525,34.66],[135.525,34.656]]]}},{"type":"Feature","properties":{"origin":"osaka","minutes":48.1},"geometry":{"type":"Polygon","coordinates":[[[135.525,34.660000000000004],[135.53,34.660000000000004],[135.53,34.664],[135.525,34.664],[135.525,34.660000000000004]]]}},{"type":"Feature","properties":{"origin":"osaka","minutes":45.3},"geometry":{"type":"Polygon","coordinates":[[[135.525,34.664],[135.53,34.664],[135.53,34.668],[135.525,34.668],[135.525,34.664]]]}},{"type":"Feature","properties":{"origin":"osaka","minutes":42.7},"geometry":{"type":"Polygon","coordinates":[[[135.525,34.668],[135.53,34.668],[135.53,34.672],[135.525,34.672],[135.525,34.668]]]}},{"type":"Feature","properties":{"origin":"osaka","minutes":40.1},"geometry":{"type":"Polygon","coordinates":[[[135.525,34.672000000000004],[135.53,34.672000000000004],[135.53,34.676],[135.525,34.676],[135.525,34.672000000000004]]]}},{"type":"Feature","properties":{"origin":"osaka","minutes":37.8},"geometry":{"type":"Polygon","coordinates":[[[135.525,34.676],[135.53,34.676],[135.53,34.68],[135.525,34.68],[135.525,34.676]]]}},{"type":"Feature","properties":{"origin":"osaka","minutes":35.6},"geometry":{"type":"Polygon","coordinates":[[[135.525,34.68],[135.53,34.68],[135.53,34.684],[135.525,34.684],[135.525,34.68]]]}},{"type":"Feature","properties":{"origin":"osaka","minutes":33.7},"geometry":{"type":"Polygon","coordinates":[[[135.525,34.684000000000005],[135.53,34.684000000000005],[135.53,34.688],[135.525,34.688],[135.525,34.684000000000005]]]}},{"type":"Feature","properties":{"origin":"osaka","minutes":32.1},"geometry":{"type":"Polygon","coordinates":[[[135.525,34.688],[135.53,34.688],[135.53,34.692],[135.525,34.692],[135.525,34.688]]]}},{"type":"Feature","properties":{"origin":"osaka","minutes":30.8},"geometry":{"type":"Polygon","coordinates":[[[135.525,34.692],[135.53,34.692],[135.53,34.696],[135.525,34.696],[135.525,34.692]]]}},{"type":"Feature","properties":{"origin":"osaka","minutes":30.0},"geometry":{"type":"Polygon","coordinates":[[[135.525,34.696000000000005],[135.53,34.696000000000005],[135.53,34.7],[135.525,34.7],[135.525,34.696000000000005]]]}},{"type":"Feature","properties":{"origin":"osaka","minutes":29.7},"geometry":{"type":"Polygon","coordinates":[[[135.525,34.7],[135.53,34.7],[135.53,34.704],[135.525,34.704],[135.525,34.7]]]}},{"type":"Feature","properties":{"origin":"osaka","minutes":29.9},"geometry":{"type":"Polygon","coordinates":[[[135.525,34.704],[135.53,34.704],[135.53,34.708],[135.525,34.708],[135.525,34.704]]]}},{"type":"Feature","properties":{"origin":"osaka","minutes":30.6},"geometry":{"type":"Polygon","coordinates":[[[135.525,34.708000000000006],[135.53,34.708000000000006],[135.53,34.712],[135.525,34.712],[135.525,34.708000000000006]]]}},{"type":"Feature","properties":{"origin":"osaka","minutes":31.7},"geometry":{"type":"Polygon","coordinates":[[[135.525,34.712],[135.53,34.712],[135.53,34.716],[135.525,34.716],[135.525,34.712]]]}},{"type":"Feature","properties":{"origin":"osaka","minutes":33.2},"geometry":{"type":"Polygon","coordinates":[[[135.525,34.716],[135.53,34.716],[135.53,34.72],[135.525,34.72],[135.525,34.716]]]}},{"type":"Feature","properties":{"origin":"osaka","minutes":35.1},"geometry":{"type":"Polygon","coordinates":[[[135.525,34.72],[135.53,34.72],[135.53,34.724],[135.525,34.724],[135.525,34.72]]]}},{"type":"Feature","properties":{"origin":"osaka","minutes":37.2},"geometry":{"type":"Polygon","coordinates":[[[135.525,34.724000000000004],[135.53,34.724000000000004],[135.53,34.728],[135.525,34.728],[135.525,34.724000000000004]]]}},{"type":"Feature","properties":{"origin":"osaka","minutes":39.5},"geometry":{"type":"Polygon","coordinates":[[[135.525,34.728],[135.53,34.728],[135.53,34.732],[135.525,34.732],[135.525,34.728]]]}},{"type":"Feature","properties":{"origin":"osaka","minutes":42.0},"geometry":{"type":"Polygon","coordinates":[[[135.525,34.732],[135.53,34.732],[135.53,34.736],[135.525,34.736],[135.525,34.732]]]}},{"type":"Feature","properties":{"origin":"osaka","minutes":44.7},"geometry":{"type":"Polygon","coordinates":[[[135.525,34.736000000000004],[135.53,34.736000000000004],[135.53,34.74],[135.525,34.74],[135.525,34.736000000000004]]]}},{"type":"Feature","properties":{"origin":"osaka","minutes":47.4},"geometry":{"type":"Polygon","coordinates":[[[135.525,34.74],[135.53,34.74],[135.53,34.744],[135.525,34.744],[135.525,34.74]]]}},{"type":"Feature","properties":{"origin":"osaka","minutes":50.2},"geometry":{"type":"Polygon","coordinates":[[[135.525,34.744],[135.53,34.744],[135.53,34.748],[135.525,34.748],[135.525,34.744]]]}},{"type":"Feature","properties":{"origin":"osaka","minutes":53.1},"geometry":{"type":"Polygon","coordinates":[[[135.525,34.748000000000005],[135.53,34.748000000000005],[135.53,34.752],[135.525,34.752],[135.525,34.748000000000005]]]}},{"type":"Feature","properties":{"origin":"osaka","minutes":56.0},"geometry":{"type":"Polygon","coordinates":[[[135.525,34.752],[135.53,34.752],[135.53,34.756],[135.525,34.756],[135.525,34.752]]]}},{"type":"Feature","properties":{"origin":"osaka","minutes":59.0},"geometry":{"type":"Polygon","coordinates":[[[135.525,34.756],[135.53,34.756],[135.53,34.76],[135.525,34.76],[135.525,34.756]]]}},{"type":"Feature","properties":{"origin":"osaka","minutes":58.4},"geometry":{"type":"Polygon","coordinates":[[[135.53,34.648],[135.535,34.648],[135.535,34.652],[135.53,34.652],[135.53,34.648]]]}},{"type":"Feature","properties":{"origin":"osaka","minutes":55.6},"geometry":{"type":"Polygon","coordinates":[[[135.53,34.652],[135.535,34.652],[135.535,34.656],[135.53,34.656],[135.53,34.652]]]}},{"type":"Feature","properties":{"origin":"osaka","minutes":52.8},"geometry":{"type":"Polygon","coordinates":[[[135.53,34.656],[135.535,34.656],[135.535,34.66],[135.53,34.66],[135.53,34.656]]]}},{"type":"Feature","properties":{"origin":"osaka","minutes":50.0},"geometry":{"type":"Polygon","coordinates":[[[135.53,34.660000000000004],[135.535,34.660000000000004],[135.535,34.664],[135.53,34.664],[135.53,34.660000000000004]]]}},{"type":"Feature","properties":{"origin":"osaka","minutes":47.4},"geometry":{"type":"Polygon","coordinates":[[[135.53,34.664],[135.535,34.664],[135.535,34.668],[135.53,34.668],[135.53,34.664]]]}},{"type":"Feature","properties":{"origin":"osaka","minutes":44.9},"geometry":{"type":"Polygon","coordinates":[[[135.53,34.668],[135.535,34.668],[135.535,34.672],[135.53,34.672],[135.53,34.668]]]}},{"type":"Feature","properties":{"origin":"osaka","minutes":42.6},"geometry":{"type":"Polygon","coordinates":[[[135.53,34.672000000000004],[135.535,34.672000000000004],[135.535,34.676],[135.53,34.676],[135.53,34.672000000000004]]]}},{"type":"Feature","properties":{"origin":"osaka","minutes":40.4},"geometry":{"type":"Polygon","coordinates":[[[135.53,34.676],[135.535,34.676],[135.535,34.68],[135.53,34.68],[135.53,34.676]]]}},{"type":"Feature","properties":{"origin":"osaka","minutes":38.4},"geometry":{"type":"Polygon","coordinates":[[[135.53,34.68],[135.535,34.68],[135.535,34.684],[135.53,34.684],[135.53,34.68]]]}},{"type":"Feature","properties":{"origin":"osaka","minutes":36.6},"geometry":{"type":"Polygon","coordinates":[[[135.53,34.684000000000005],[135.535,34.684000000000005],[135.535,34.688],[135.53,34.688],[135.53,34.684000000000005]]]}},{"type":"Feature","properties":{"origin":"osaka","minutes":35.2},"geometry":{"type":"Polygon","coordinates":[[[135.53,34.688],[135.535,34.688],[135.535,34.692],[135.53,34.692],[135.53,34.688]]]}},{"type":"Feature","properties":{"origin":"osaka","minutes":34.1},"geometry":{"type":"Polygon","coordinates":[[[135.53,34.692],[135.535,34.692],[135.535,34.696],[135.53,34.696],[135.53,34.692]]]}},{"type":"Feature","properties":{"origin":"osaka","minutes":33.4},"geometry":{"type":"Polygon","coordinates":[[[135.53,34.696000000000005],[135.535,34.696000000000005],[135.535,34.7],[135.53,34.7],[135.53,34.696000000000005]]]}},{"type":"Feature","properties":{"origin":"osaka","minutes":33.1},"geometry":{"type":"Polygon","coordinates":[[[135.53,34.7],[135.535,34.7],[135.535,34.704],[135.53,34.704],[135.53,34.7]]]}},{"type":"Feature","properties":{"origin":"osaka","minutes":33.3},"geometry":{"type":"Polygon","coordinates":[[[135.53,34.704],[135.535,34.704],[135.535,34.708],[135.53,34.708],[135.53,34.704]]]}},{"type":"Feature","properties":{"origin":"osaka","minutes":33.9},"geometry":{"type":"Polygon","coordinates":[[[135.53,34.708000000000006],[135.535,34.708000000000006],[135.535,34.712],[135.53,34.712],[135.53,34.708000000000006]]]}},{"type":"Feature","properties":{"origin":"osaka","minutes":34.9},"geometry":{"type":"Polygon","coordinates":[[[135.53,34.712],[135.535,34.712],[135.535,34.716],[135.53,34.716],[135.53,34.712]]]}},{"type":"Feature","properties":{"origin":"osaka","minutes":36.2},"geometry":{"type":"Polygon","coordinates":[[[135.53,34.716],[135.535,34.716],[135.535,34.72],[135.53,34.72],[135.53,34.716]]]}},{"type":"Feature","properties":{"origin":"osaka","minutes":37.9},"geometry":{"type":"Polygon","coordinates":[[[135.53,34.72],[135.535,34.72],[135.535,34.724],[135.53,34.724],[135.53,34.72]]]}},{"type":"Feature","properties":{"origin":"osaka","minutes":39.8},"geometry":{"type":"Polygon","coordinates":[[[135.53,34.724000000000004],[135.535,34.724000000000004],[135.535,34.728],[135.53,34.728],[135.53,34.724000000000004]]]}},{"type":"Feature","properties":{"origin":"osaka","minutes":42.0},"geometry":{"type":"Polygon","coordinates":[[[135.53,34.728],[135.535,34.728],[135.535,34.732],[135.53,34.732],[135.53,34.728]]]}},{"type":"Feature","properties":{"origin":"osaka","minutes":44.3},"geometry":{"type":"Polygon","coordinates":[[[135.53,34.732],[135.535,34.732],[135.535,34.736],[135.53,34.736],[135.53,34.732]]]}},{"type":"Feature","properties":{"origin":"osaka","minutes":46.8},"geometry":{"type":"Polygon","coordinates":[[[135.53,34.736000000000004],[135.535,34.736000000000004],[135.535,34.74],[135.53,34.74],[135.53,34.736000000000004]]]}},{"type":"Feature","properties":{"origin":"osaka","minutes":49.4},"geometry":{"type":"Polygon","coordinates":[[[135.53,34.74],[135.535,34.74],[135.535,34.744],[135.53,34.744],[135.53,34.74]]]}},{"type":"Feature","properties":{"origin":"osaka","minutes":52.1},"geometry":{"type":"Polygon","coordinates":[[[135.53,34.744],[135.535,34.744],[135.535,34.748],[135.53,34.748],[135.53,34.744]]]}},{"type":"Feature","properties":{"origin":"osaka","minutes":54.8},"geometry":{"type":"Polygon","coordinates":[[[135.53,34.748000000000005],[135.535,34.748000000000005],[135.535,34.752],[135.53,34.752],[135.53,34.748000000000005]]]}},{"type":"Feature","properties":{"origin":"osaka","minutes":57.7},"geometry":{"type":"Polygon","coordinates":[[[135.53,34.752],[135.535,34.752],[135.535,34.756],[135.53,34.756],[135.53,34.752]]]}},{"type":"Feature","properties":{"origin":"osaka","minutes":57.4},"geometry":{"type":"Polygon","coordinates":[[[135.535,34.652],[135.54,34.652],[135.54,34.656],[135.535,34.656],[135.535,34.652]]]}},{"type":"Feature","properties":{"origin":"osaka","minutes":54.8},"geometry":{"type":"Polygon","coordinates":[[[135.535,34.656],[135.54,34.656],[135.54,34.66],[135.535,34.66],[135.535,34.656]]]}},{"type":"Feature","properties":{"origin":"osaka","minutes":52.2},"geometry":{"type":"Polygon","coordinates":[[[135.535,34.660000000000004],[135.54,34.660000000000004],[135.54,34.664],[135.535,34.664],[135.535,34.660000000000004]]]}},{"type":"Feature","properties":{"origin":"osaka","minutes":49.7},"geometry":{"type":"Polygon","coordinates":[[[135.535,34.664],[135.54,34.664],[135.54,34.668],[135.535,34.668],[135.535,34.664]]]}},{"type":"Feature","properties":{"origin":"osaka","minutes":47.3},"geometry":{"type":"Polygon","coordinates":[[[135.535,34.668],[135.54,34.668],[135.54,34.672],[135.535,34.672],[135.535,34.668]]]}},{"type":"Feature","properties":{"origin":"osaka","minutes":45.1},"geometry":{"type":"Polygon","coordinates":[[[135.535,34.672000000000004],[135.54,34.672000000000004],[135.54,34.676],[135.535,34.676],[135.535,34.672000000000004]]]}},{"type":"Feature","properties":{"origin":"osaka","minutes":43.1},"geometry":{"type":"Polygon","coordinates":[[[135.535,34.676],[135.54,34.676],[135.54,34.68],[135.535,34.68],[135.535,34.676]]]}},{"type":"Feature","properties":{"origin":"osaka","minutes":41.3},"geometry":{"type":"Polygon","coordinates":[[[135.535,34.68],[135.54,34.68],[135.54,34.684],[135.535,34.684],[135.535,34.68]]]}},{"type":"Feature","properties":{"origin":"osaka","minutes":39.7},"geometry":{"type":"Polygon","coordinates":[[[135.535,34.684000000000005],[135.54,34.684000000000005],[135.54,34.688],[135.535,34.688],[135.535,34.684000000000005]]]}},{"type":"Feature","properties":{"origin":"osaka","minutes":38.4},"geometry":{"type":"Polygon","coordinates":[[[135.535,34.688],[135.54,34.688],[135.54,34.692],[135.535,34.692],[135.535,34.688]]]}},{"type":"Feature","properties":{"origin":"osaka","minutes":37.4},"geometry":{"type":"Polygon","coordinates":[[[135.535,34.692],[135.54,34.692],[135.54,34.696],[135.535,34.696],[135.535,34.692]]]}},{"type":"Feature","properties":{"origin":"osaka","minutes":36.8},"geometry":{"type":"Polygon","coordinates":[[[135.535,34.696000000000005],[135.54,34.696000000000005],[135.54,34.7],[135.535,34.7],[135.535,34.696000000000005]]]}},{"type":"Feature","properties":{"origin":"osaka","minutes":36.6},"geometry":{"type":"Polygon","coordinates":[[[135.535,34.7],[135.54,34.7],[135.54,34.704],[135.535,34.704],[135.535,34.7]]]}},{"type":"Feature","properties":{"origin":"osaka","minutes":36.7},"geometry":{"type":"Polygon","coordinates":[[[135.535,34.704],[135.54,34.704],[135.54,34.708],[135.535,34.708],[135.535,34.704]]]}},{"type":"Feature","properties":{"origin":"osaka","minutes":37.2},"geometry":{"type":"Polygon","coordinates":[[[135.535,34.708000000000006],[135.54,34.708000000000006],[135.54,34.712],[135.535,34.712],[135.535,34.708000000000006]]]}},{"type":"Feature","properties":{"origin":"osaka","minutes":38.1},"geometry":{"type":"Polygon","coordinates":[[[135.535,34.712],[135.54,34.712],[135.54,34.716],[135.535,34.716],[135.535,34.712]]]}},{"type":"Feature","properties":{"origin":"osaka","minutes":39.3},"geometry":{"type":"Polygon","coordinates":[[[135.535,34.716],[135.54,34.716],[135.54,34.72],[135.535,34.72],[135.535,34.716]]]}},{"type":"Feature","properties":{"origin":"osaka","minutes":40.8},"geometry":{"type":"Polygon","coordinates":[[[135.535,34.72],[135.54,34.72],[135.54,34.724],[135.535,34.724],[135.535,34.72]]]}},{"type":"Feature","properties":{"origin":"osaka","minutes":42.6},"geometry":{"type":"Polygon","coordinates":[[[135.535,34.724000000000004],[135.54,34.724000000000004],[135.54,34.728],[135.535,34.728],[135.535,34.724000000000004]]]}},{"type":"Feature","properties":{"origin":"osaka","minutes":44.6},"geometry":{"type":"Polygon","coordinates":[[[135.535,34.728],[135.54,34.728],[135.54,34.732],[135.535,34.732],[135.535,34.728]]]}},{"type":"Feature","properties":{"origin":"osaka","minutes":46.8},"geometry":{"type":"Polygon","coordinates":[[[135.535,34.732],[135.54,34.732],[135.54,34.736],[135.535,34.736],[135.535,34.732]]]}},{"type":"Feature","properties":{"origin":"osaka","minutes":49.1},"geometry":{"type":"Polygon","coordinates":[[[135.535,34.736000000000004],[135.54,34.736000000000004],[135.54,34.74],[135.535,34.74],[135.535,34.736000000000004]]]}},{"type":"Feature","properties":{"origin":"osaka","minutes":51.5},"geometry":{"type":"Polygon","coordinates":[[[135.535,34.74],[135.54,34.74],[135.54,34.744],[135.535,34.744],[135.535,34.74]]]}},{"type":"Feature","properties":{"origin":"osaka","minutes":54.1},"geometry":{"type":"Polygon","coordinates":[[[135.535,34.744],[135.54,34.744],[135.54,34.748],[135.535,34.748],[135.535,34.744]]]}},{"type":"Feature","properties":{"origin":"osaka","minutes":56.8},"geometry":{"type":"Polygon","coordinates":[[[135.535,34.748000000000005],[135.54,34.748000000000005],[135.54,34.752],[135.535,34.752],[135.535,34.748000000000005]]]}},{"type":"Feature","properties":{"origin":"osaka","minutes":59.5},"geometry":{"type":"Polygon","coordinates":[[[135.535,34.752],[135.54,34.752],[135.54,34.756],[135.535,34.756],[135.535,34.752]]]}},{"type":"Feature","properties":{"origin":"osaka","minutes":59.5},"geometry":{"type":"Polygon","coordinates":[[[135.54,34.652],[135.545,34.652],[135.545,34.656],[135.54,34.656],[135.54,34.652]]]}},{"type":"Feature","properties":{"origin":"osaka","minutes":56.9},"geometry":{"type":"Polygon","coordinates":[[[135.54,34.656],[135.545,34.656],[135.545,34.66],[135.54,34.66],[135.54,34.656]]]}},{"type":"Feature","properties":{"origin":"osaka","minutes":54.5},"geometry":{"type":"Polygon","coordinates":[[[135.54,34.660000000000004],[135.545,34.660000000000004],[135.545,34.664],[135.54,34.664],[135.54,34.660000000000004]]]}},{"type":"Feature","properties":{"origin":"osaka","minutes":52.1},"geometry":{"type":"Polygon","coordinates":[[[135.54,34.664],[135.545,34.664],[135.545,34.668],[135.54,34.668],[135.54,34.664]]]}},{"type":"Feature","properties":{"origin":"osaka","minutes":49.9},"geometry":{"type":"Polygon","coordinates":[[[135.54,34.668],[135.545,34.668],[135.545,34.672],[135.54,34.672],[135.54,34.668]]]}},{"type":"Feature","properties":{"origin":"osaka","minutes":47.8},"geometry":{"type":"Polygon","coordinates":[[[135.54,34.672000000000004],[135.545,34.672000000000004],[135.545,34.676],[135.54,34.676],[135.54,34.672000000000004]]]}},{"type":"Feature","properties":{"origin":"osaka","minutes":45.9},"geometry":{"type":"Polygon","coordinates":[[[135.54,34.676],[135.545,34.676],[135.545,34.68],[135.54,34.68],[135.54,34.676]]]}},{"type":"Feature","properties":{"origin":"osaka","minutes":44.2},"geometry":{"type":"Polygon","coordinates":[[[135.54,34.68],[135.545,34.68],[135.545,34.684],[135.54,34.684],[135.54,34.68]]]}},{"type":"Feature","properties":{"origin":"osaka","minutes":42.8},"geometry":{"type":"Polygon","coordinates":[[[135.54,34.684000000000005],[135.545,34.684000000000005],[135.545,34.688],[135.54,34.688],[135.54,34.684000000000005]]]}},{"type":"Feature","properties":{"origin":"osaka","minutes":41.6},"geometry":{"type":"Polygon","coordinates":[[[135.54,34.688],[135.545,34.688],[135.545,34.692],[135.54,34.692],[135.54,34.688]]]}},{"type":"Feature","properties":{"origin":"osaka","minutes":40.8},"geometry":{"type":"Polygon","coordinates":[[[135.54,34.692],[135.545,34.692],[135.545,34.696],[135.54,34.696],[135.54,34.692]]]}},{"type":"Feature","properties":{"origin":"osaka","minutes":40.2},"geometry":{"type":"Polygon","coordinates":[[[135.54,34.696000000000005],[135.545,34.696000000000005],[135.545,34.7],[135.54,34.7],[135.54,34.696000000000005]]]}},{"type":"Feature","properties":{"origin":"osaka","minutes":40.0},"geometry":{"type":"Polygon","coordinates":[[[135.54,34.7],[135.545,34.7],[135.545,34.704],[135.54,34.704],[135.54,34.7]]]}},{"type":"Feature","properties":{"origin":"osaka","minutes":40.1},"geometry":{"type":"Polygon","coordinates":[[[135.54,34.704],[135.545,34.704],[135.545,34.708],[135.54,34.708],[135.54,34.704]]]}},{"type":"Feature","properties":{"origin":"osaka","minutes":40.6},"geometry":{"type":"Polygon","coordinates":[[[135.54,34.708000000000006],[135.545,34.708000000000006],[135.545,34.712],[135.54,34.712],[135.54,34.708000000000006]]]}},{"type":"Feature","properties":{"origin":"osaka","minutes":41.4},"geometry":{"type":"Polygon","coordinates":[[[135.54,34.712],[135.545,34.712],[135.545,34.716],[135.54,34.716],[135.54,34.712]]]}},{"type":"Feature","properties":{"origin":"osaka","minutes":42.5},"geometry":{"type":"Polygon","coordinates":[[[135.54,34.716],[135.545,34.716],[135.545,34.72],[135.54,34.72],[135.54,34.716]]]}},{"type":"Feature","properties":{"origin":"osaka","minutes":43.9},"geometry":{"type":"Polygon","coordinates":[[[135.54,34.72],[135.545,34.72],[135.545,34.724],[135.54,34.724],[135.54,34.72]]]}},{"type":"Feature","properties":{"origin":"osaka","minutes":45.5},"geometry":{"type":"Polygon","coordinates":[[[135.54,34.724000000000004],[135.545,34.724000000000004],[135.545,34.728],[135.54,34.728],[135.54,34.724000000000004]]]}},{"type":"Feature","properties":{"origin":"osaka","minutes":47.3},"geometry":{"type":"Polygon","coordinates":[[[135.54,34.728],[135.545,34.728],[135.545,34.732],[135.54,34.732],[135.54,34.728]]]}},{"type":"Feature","properties":{"origin":"osaka","minutes":49.4},"geometry":{"type":"Polygon","coordinates":[[[135.54,34.732],[135.545,34.732],[135.545,34.736],[135.54,34.736],[135.54,34.732]]]}},{"type":"Feature","properties":{"origin":"osaka","minutes":51.5},"geometry":{"type":"Polygon","coordinates":[[[135.54,34.736000000000004],[135.545,34.736000000000004],[135.545,34.74],[135.54,34.74],[135.54,34.736000000000004]]]}},{"type":"Feature","properties":{"origin":"osaka","minutes":53.9},"geometry":{"type":"Polygon","coordinates":[[[135.54,34.74],[135.545,34.74],[135.545,34.744],[135.54,34.744],[135.54,34.74]]]}},{"type":"Feature","properties":{"origin":"osaka","minutes":56.3},"geometry":{"type":"Polygon","coordinates":[[[135.54,34.744],[135.545,34.744],[135.545,34.748],[135.54,34.748],[135.54,34.744]]]}},{"type":"Feature","properties":{"origin":"osaka","minutes":58.9},"geometry":{"type":"Polygon","coordinates":[[[135.54,34.748000000000005],[135.545,34.748000000000005],[135.545,34.752],[135.54,34.752],[135.54,34.748000000000005]]]}},{"type":"Feature","properties":{"origin":"osaka","minutes":59.2},"geometry":{"type":"Polygon","coordinates":[[[135.545,34.656],[135.54999999999998,34.656],[135.54999999999998,34.66],[135.545,34.66],[135.545,34.656]]]}},{"type":"Feature","properties":{"origin":"osaka","minutes":56.9},"geometry":{"type":"Polygon","coordinates":[[[135.545,34.660000000000004],[135.54999999999998,34.660000000000004],[135.54999999999998,34.664],[135.545,34.664],[135.545,34.660000000000004]]]}},{"type":"Feature","properties":{"origin":"osaka","minutes":54.7},"geometry":{"type":"Polygon","coordinates":[[[135.545,34.664],[135.54999999999998,34.664],[135.54999999999998,34.668],[135.545,34.668],[135.545,34.664]]]}},{"type":"Feature","properties":{"origin":"osaka","minutes":52.6},"geometry":{"type":"Polygon","coordinates":[[[135.545,34.668],[135.54999999999998,34.668],[135.54999999999998,34.672],[135.545,34.672],[135.545,34.668]]]}},{"type":"Feature","properties":{"origin":"osaka","minutes":50.6},"geometry":{"type":"Polygon","coordinates":[[[135.545,34.672000000000004],[135.54999999999998,34.672000000000004],[135.54999999999998,34.676],[135.545,34.676],[135.545,34.672000000000004]]]}},{"type":"Feature","properties":{"origin":"osaka","minutes":48.9},"geometry":{"type":"Polygon","coordinates":[[[135.545,34.676],[135.54999999999998,34.676],[135.54999999999998,34.68],[135.545,34.68],[135.545,34.676]]]}},{"type":"Feature","properties":{"origin":"osaka","minutes":47.3},"geometry":{"type":"Polygon","coordinates":[[[135.545,34.68],[135.54999999999998,34.68],[135.54999999999998,34.684],[135.545,34.684],[135.545,34.68]]]}},{"type":"Feature","properties":{"origin":"osaka","minutes":46.0},"geometry":{"type":"Polygon","coordinates":[[[135.545,34.684000000000005],[135.54999999999998,34.684000000000005],[135.54999999999998,34.688],[135.545,34.688],[135.545,34.684000000000005]]]}},{"type":"Feature","properties":{"origin":"osaka","minutes":44.9},"geometry":{"type":"Polygon","coordinates":[[[135.545,34.688],[135.54999999999998,34.688],[135.54999999999998,34.692],[135.545,34.692],[135.545,34.688]]]}},{"type":"Feature","properties":{"origin":"osaka","minutes":44.1},"geometry":{"type":"Polygon","coordinates":[[[135.545,34.692],[135.54999999999998,34.692],[135.54999999999998,34.696],[135.545,34.696],[135.545,34.692]]]}},{"type":"Feature","properties":{"origin":"osaka","minutes":43.6},"geometry":{"type":"Polygon","coordinates":[[[135.545,34.696000000000005],[135.54999999999998,34.696000000000005],[135.54999999999998,34.7],[135.545,34.7],[135.545,34.696000000000005]]]}},{"type":"Feature","properties":{"origin":"osaka","minutes":43.4},"geometry":{"type":"Polygon","coordinates":[[[135.545,34.7],[135.54999999999998,34.7],[135.54999999999998,34.704],[135.545,34.704],[135.545,34.7]]]}},{"type":"Feature","properties":{"origin":"osaka","minutes":43.5},"geometry":{"type":"Polygon","coordinates":[[[135.545,34.704],[135.54999999999998,34.704],[135.54999999999998,34.708],[135.545,34.708],[135.545,34.704]]]}},{"type":"Feature","properties":{"origin":"osaka","minutes":44.0},"geometry":{"type":"Polygon","coordinates":[[[135.545,34.708000000000006],[135.54999999999998,34.708000000000006],[135.54999999999998,34.712],[135.545,34.712],[135.545,34.708000000000006]]]}},{"type":"Feature","properties":{"origin":"osaka","minutes":44.7},"geometry":{"type":"Polygon","coordinates":[[[135.545,34.712],[135.54999999999998,34.712],[135.54999999999998,34.716],[135.545,34.716],[135.545,34.712]]]}},{"type":"Feature","properties":{"origin":"osaka","minutes":45.7},"geometry":{"type":"Polygon","coordinates":[[[135.545,34.716],[135.54999999999998,34.716],[135.54999999999998,34.72],[135.545,34.72],[135.545,34.716]]]}},{"type":"Feature","properties":{"origin":"osaka","minutes":47.0},"geometry":{"type":"Polygon","coordinates":[[[135.545,34.72],[135.54999999999998,34.72],[135.54999999999998,34.724],[135.545,34.724],[135.545,34.72]]]}},{"type":"Feature","properties":{"origin":"osaka","minutes":48.5},"geometry":{"type":"Polygon","coordinates":[[[135.545,34.724000000000004],[135.54999999999998,34.724000000000004],[135.54999999999998,34.728],[135.545,34.728],[135.545,34.724000000000004]]]}},{"type":"Feature","properties":{"origin":"osaka","minutes":50.2},"geometry":{"type":"Polygon","coordinates":[[[135.545,34.728],[135.54999999999998,34.728],[135.54999999999998,34.732],[135.545,34.732],[135.545,34.728]]]}},{"type":"Feature","properties":{"origin":"osaka","minutes":52.1},"geometry":{"type":"Polygon","coordinates":[[[135.545,34.732],[135.54999999999998,34.732],[135.54999999999998,34.736],[135.545,34.736],[135.545,34.732]]]}},{"type":"Feature","properties":{"origin":"osaka","minutes":54.1},"geometry":{"type":"Polygon","coordinates":[[[135.545,34.736000000000004],[135.54999999999998,34.736000000000004],[135.54999999999998,34.74],[135.545,34.74],[135.545,34.736000000000004]]]}},{"type":"Feature","properties":{"origin":"osaka","minutes":56.3},"geometry":{"type":"Polygon","coordinates":[[[135.545,34.74],[135.54999999999998,34.74],[135.54999999999998,34.744],[135.545,34.744],[135.545,34.74]]]}},{"type":"Feature","properties":{"origin":"osaka","minutes":58.6},"geometry":{"type":"Polygon","coordinates":[[[135.545,34.744],[135.54999999999998,34.744],[135.54999999999998,34.748],[135.545,34.748],[135.545,34.744]]]}},{"type":"Feature","properties":{"origin":"osaka","minutes":59.4},"geometry":{"type":"Polygon","coordinates":[[[135.54999999999998,34.660000000000004],[135.55499999999998,34.660000000000004],[135.55499999999998,34.664],[135.54999999999998,34.664],[135.54999999999998,34.660000000000004]]]}},{"type":"Feature","properties":{"origin":"osaka","minutes":57.3},"geometry":{"type":"Polygon","coordinates":[[[135.54999999999998,34.664],[135.55499999999998,34.664],[135.55499999999998,34.668],[135.54999999999998,34.668],[135.54999999999998,34.664]]]}},{"type":"Feature","properties":{"origin":"osaka","minutes":55.3},"geometry":{"type":"Polygon","coordinates":[[[135.54999999999998,34.668],[135.55499999999998,34.668],[135.55499999999998,34.672],[135.54999999999998,34.672],[135.54999999999998,34.668]]]}},{"type":"Feature","properties":{"origin":"osaka","minutes":53.5},"geometry":{"type":"Polygon","coordinates":[[[135.54999999999998,34.672000000000004],[135.55499999999998,34.672000000000004],[135.55499999999998,34.676],[135.54999999999998,34.676],[135.54999999999998,34.672000000000004]]]}},{"type":"Feature","properties":{"origin":"osaka","minutes":51.9},"geometry":{"type":"Polygon","coordinates":[[[135.54999999999998,34.676],[135.55499999999998,34.676],[135.55499999999998,34.68],[135.54999999999998,34.68],[135.54999999999998,34.676]]]}},{"type":"Feature","properties":{"origin":"osaka","minutes":50.4},"geometry":{"type":"Polygon","coordinates":[[[135.54999999999998,34.68],[135.55499999999998,34.68],[135.55499999999998,34.684],[135.54999999999998,34.684],[135.54999999999998,34.68]]]}},{"type":"Feature","properties":{"origin":"osaka","minutes":49.2},"geometry":{"type":"Polygon","coordinates":[[[135.54999999999998,34.684000000000005],[135.55499999999998,34.684000000000005],[135.55499999999998,34.688],[135.54999999999998,34.688],[135.54999999999998,34.684000000000005]]]}},{"type":"Feature","properties":{"origin":"osaka","minutes":48.2},"geometry":{"type":"Polygon","coordinates":[[[135.54999999999998,34.688],[135.55499999999998,34.688],[135.55499999999998,34.692],[135.54999999999998,34.692],[135.54999999999998,34.688]]]}},{"type":"Feature","properties":{"origin":"osaka","minutes":47.5},"geometry":{"type":"Polygon","coordinates":[[[135.54999999999998,34.692],[135.55499999999998,34.692],[135.55499999999998,34.696],[135.54999999999998,34.696],[135.54999999999998,34.692]]]}},{"type":"Feature","properties":{"origin":"osaka","minutes":47.0},"geometry":{"type":"Polygon","coordinates":[[[135.54999999999998,34.696000000000005],[135.55499999999998,34.696000000000005],[135.55499999999998,34.7],[135.54999999999998,34.7],[135.54999999999998,34.696000000000005]]]}},{"type":"Feature","properties":{"origin":"osaka","minutes":46.8},"geometry":{"type":"Polygon","coordinates":[[[135.54999999999998,34.7],[135.55499999999998,34.7],[135.55499999999998,34.704],[135.54999999999998,34.704],[135.54999999999998,34.7]]]}},{"type":"Feature","properties":{"origin":"osaka","minutes":47.0},"geometry":{"type":"Polygon","coordinates":[[[135.54999999999998,34.704],[135.55499999999998,34.704],[135.55499999999998,34.708],[135.54999999999998,34.708],[135.54999999999998,34.704]]]}},{"type":"Feature","properties":{"origin":"osaka","minutes":47.3},"geometry":{"type":"Polygon","coordinates":[[[135.54999999999998,34.708000000000006],[135.55499999999998,34.708000000000006],[135.55499999999998,34.712],[135.54999999999998,34.712],[135.54999999999998,34.708000000000006]]]}},{"type":"Feature","properties":{"origin":"osaka","minutes":48.0},"geometry":{"type":"Polygon","coordinates":[[[135.54999999999998,34.712],[135.55499999999998,34.712],[135.55499999999998,34.716],[135.54999999999998,34.716],[135.54999999999998,34.712]]]}},{"type":"Feature","properties":{"origin":"osaka","minutes":48.9},"geometry":{"type":"Polygon","coordinates":[[[135.54999999999998,34.716],[135.55499999999998,34.716],[135.55499999999998,34.72],[135.54999999999998,34.72],[135.54999999999998,34.716]]]}},{"type":"Feature","properties":{"origin":"osaka","minutes":50.1},"geometry":{"type":"Polygon","coordinates":[[[135.54999999999998,34.72],[135.55499999999998,34.72],[135.55499999999998,34.724],[135.54999999999998,34.724],[135.54999999999998,34.72]]]}},{"type":"Feature","properties":{"origin":"osaka","minutes":51.5},"geometry":{"type":"Polygon","coordinates":[[[135.54999999999998,34.724000000000004],[135.55499999999998,34.724000000000004],[135.55499999999998,34.728],[135.54999999999998,34.728],[135.54999999999998,34.724000000000004]]]}},{"type":"Feature","properties":{"origin":"osaka","minutes":53.1},"geometry":{"type":"Polygon","coordinates":[[[135.54999999999998,34.728],[135.55499999999998,34.728],[135.55499999999998,34.732],[135.54999999999998,34.732],[135.54999999999998,34.728]]]}},{"type":"Feature","properties":{"origin":"osaka","minutes":54.9},"geometry":{"type":"Polygon","coordinates":[[[135.54999999999998,34.732],[135.55499999999998,34.732],[135.55499999999998,34.736],[135.54999999999998,34.736],[135.54999999999998,34.732]]]}},{"type":"Feature","properties":{"origin":"osaka","minutes":56.8},"geometry":{"type":"Polygon","coordinates":[[[135.54999999999998,34.736000000000004],[135.55499999999998,34.736000000000004],[135.55499999999998,34.74],[135.54999999999998,34.74],[135.54999999999998,34.736000000000004]]]}},{"type":"Feature","properties":{"origin":"osaka","minutes":58.9},"geometry":{"type":"Polygon","coordinates":[[[135.54999999999998,34.74],[135.55499999999998,34.74],[135.55499999999998,34.744],[135.54999999999998,34.744],[135.54999999999998,34.74]]]}},{"type":"Feature","properties":{"origin":"osaka","minutes":58.2},"geometry":{"type":"Polygon","coordinates":[[[135.555,34.668],[135.56,34.668],[135.56,34.672],[135.555,34.672],[135.555,34.668]]]}},{"type":"Feature","properties":{"origin":"osaka","minutes":56.5},"geometry":{"type":"Polygon","coordinates":[[[135.555,34.672000000000004],[135.56,34.672000000000004],[135.56,34.676],[135.555,34.676],[135.555,34.672000000000004]]]}},{"type":"Feature","properties":{"origin":"osaka","minutes":54.9},"geometry":{"type":"Polygon","coordinates":[[[135.555,34.676],[135.56,34.676],[135.56,34.68],[135.555,34.68],[135.555,34.676]]]}},{"type":"Feature","properties":{"origin":"osaka","minutes":53.6},"geometry":{"type":"Polygon","coordinates":[[[135.555,34.68],[135.56,34.68],[135.56,34.684],[135.555,34.684],[135.555,34.68]]]}},{"type":"Feature","properties":{"origin":"osaka","minutes":52.4},"geometry":{"type":"Polygon","coordinates":[[[135.555,34.684000000000005],[135.56,34.684000000000005],[135.56,34.688],[135.555,34.688],[135.555,34.684000000000005]]]}},{"type":"Feature","properties":{"origin":"osaka","minutes":51.5},"geometry":{"type":"Polygon","coordinates":[[[135.555,34.688],[135.56,34.688],[135.56,34.692],[135.555,34.692],[135.555,34.688]]]}},{"type":"Feature","properties":{"origin":"osaka","minutes":50.9},"geometry":{"type":"Polygon","coordinates":[[[135.555,34.692],[135.56,34.692],[135.56,34.696],[135.555,34.696],[135.555,34.692]]]}},{"type":"Feature","properties":{"origin":"osaka","minutes":50.4},"geometry":{"type":"Polygon","coordinates":[[[135.555,34.696000000000005],[135.56,34.696000000000005],[135.56,34.7],[135.555,34.7],[135.555,34.696000000000005]]]}},{"type":"Feature","properties":{"origin":"osaka","minutes":50.3},"geometry":{"type":"Polygon","coordinates":[[[135.555,34.7],[135.56,34.7],[135.56,34.704],[135.555,34.704],[135.555,34.7]]]}},{"type":"Feature","properties":{"origin":"osaka","minutes":50.4},"geometry":{"type":"Polygon","coordinates":[[[135.555,34.704],[135.56,34.704],[135.56,34.708],[135.555,34.708],[135.555,34.704]]]}},{"type":"Feature","properties":{"origin":"osaka","minutes":50.7},"geometry":{"type":"Polygon","coordinates":[[[135.555,34.708000000000006],[135.56,34.708000000000006],[135.56,34.712],[135.555,34.712],[135.555,34.708000000000006]]]}},{"type":"Feature","properties":{"origin":"osaka","minutes":51.3},"geometry":{"type":"Polygon","coordinates":[[[135.555,34.712],[135.56,34.712],[135.56,34.716],[135.555,34.716],[135.555,34.712]]]}},{"type":"Feature","properties":{"origin":"osaka","minutes":52.2},"geometry":{"type":"Polygon","coordinates":[[[135.555,34.716],[135.56,34.716],[135.56,34.72],[135.555,34.72],[135.555,34.716]]]}},{"type":"Feature","properties":{"origin":"osaka","minutes":53.3},"geometry":{"type":"Polygon","coordinates":[[[135.555,34.72],[135.56,34.72],[135.56,34.724],[135.555,34.724],[135.555,34.72]]]}},{"type":"Feature","properties":{"origin":"osaka","minutes":54.6},"geometry":{"type":"Polygon","coordinates":[[[135.555,34.724000000000004],[135.56,34.724000000000004],[135.56,34.728],[135.555,34.728],[135.555,34.724000000000004]]]}},{"type":"Feature","properties":{"origin":"osaka","minutes":56.1},"geometry":{"type":"Polygon","coordinates":[[[135.555,34.728],[135.56,34.728],[135.56,34.732],[135.555,34.732],[135.555,34.728]]]}},{"type":"Feature","properties":{"origin":"osaka","minutes":57.7},"geometry":{"type":"Polygon","coordinates":[[[135.555,34.732],[135.56,34.732],[135.56,34.736],[135.555,34.736],[135.555,34.732]]]}},{"type":"Feature","properties":{"origin":"osaka","minutes":59.6},"geometry":{"type":"Polygon","coordinates":[[[135.555,34.736000000000004],[135.56,34.736000000000004],[135.56,34.74],[135.555,34.74],[135.555,34.736000000000004]]]}},{"type":"Feature","properties":{"origin":"osaka","minutes":59.5},"geometry":{"type":"Polygon","coordinates":[[[135.56,34.672000000000004],[135.565,34.672000000000004],[135.565,34.676],[135.56,34.676],[135.56,34.672000000000004]]]}},{"type":"Feature","properties":{"origin":"osaka","minutes":58.0},"geometry":{"type":"Polygon","coordinates":[[[135.56,34.676],[135.565,34.676],[135.565,34.68],[135.56,34.68],[135.56,34.676]]]}},{"type":"Feature","properties":{"origin":"osaka","minutes":56.8},"geometry":{"type":"Polygon","coordinates":[[[135.56,34.68],[135.565,34.68],[135.565,34.684],[135.56,34.684],[135.56,34.68]]]}},{"type":"Feature","properties":{"origin":"osaka","minutes":55.7},"geometry":{"type":"Polygon","coordinates":[[[135.56,34.684000000000005],[135.565,34.684000000000005],[135.565,34.688],[135.56,34.688],[135.56,34.684000000000005]]]}},{"type":"Feature","properties":{"origin":"osaka","minutes":54.9},"geometry":{"type":"Polygon","coordinates":[[[135.56,34.688],[135.565,34.688],[135.565,34.692],[135.56,34.692],[135.56,34.688]]]}},{"type":"Feature","properties":{"origin":"osaka","minutes":54.2},"geometry":{"type":"Polygon","coordinates":[[[135.56,34.692],[135.565,34.692],[135.565,34.696],[135.56,34.696],[135.56,34.692]]]}},{"type":"Feature","properties":{"origin":"osaka","minutes":53.9},"geometry":{"type":"Polygon","coordinates":[[[135.56,34.696000000000005],[135.565,34.696000000000005],[135.565,34.7],[135.56,34.7],[135.56,34.696000000000005]]]}},{"type":"Feature","properties":{"origin":"osaka","minutes":53.7},"geometry":{"type":"Polygon","coordinates":[[[135.56,34.7],[135.565,34.7],[135.565,34.704],[135.56,34.704],[135.56,34.7]]]}},{"type":"Feature","properties":{"origin":"osaka","minutes":53.8},"geometry":{"type":"Polygon","coordinates":[[[135.56,34.704],[135.565,34.704],[135.565,34.708],[135.56,34.708],[135.56,34.704]]]}},{"type":"Feature","properties":{"origin":"osaka","minutes":54.1},"geometry":{"type":"Polygon","coordinates":[[[135.56,34.708000000000006],[135.565,34.708000000000006],[135.565,34.712],[135.56,34.712],[135.56,34.708000000000006]]]}},{"type":"Feature","properties":{"origin":"osaka","minutes":54.7},"geometry":{"type":"Polygon","coordinates":[[[135.56,34.712],[135.565,34.712],[135.565,34.716],[135.56,34.716],[135.56,34.712]]]}},{"type":"Feature","properties":{"origin":"osaka","minutes":55.5},"geometry":{"type":"Polygon","coordinates":[[[135.56,34.716],[135.565,34.716],[135.565,34.72],[135.56,34.72],[135.56,34.716]]]}},{"type":"Feature","properties":{"origin":"osaka","minutes":56.5},"geometry":{"type":"Polygon","coordinates":[[[135.56,34.72],[135.565,34.72],[135.565,34.724],[135.56,34.724],[135.56,34.72]]]}},{"type":"Feature","properties":{"origin":"osaka","minutes":57.7},"geometry":{"type":"Polygon","coordinates":[[[135.56,34.724000000000004],[135.565,34.724000000000004],[135.565,34.728],[135.56,34.728],[135.56,34.724000000000004]]]}},{"type":"Feature","properties":{"origin":"osaka","minutes":59.1},"geometry":{"type":"Polygon","coordinates":[[[135.56,34.728],[135.565,34.728],[135.565,34.732],[135.56,34.732],[135.56,34.728]]]}},{"type":"Feature","properties":{"origin":"osaka","minutes":60.0},"geometry":{"type":"Polygon","coordinates":[[[135.565,34.68],[135.57,34.68],[135.57,34.684],[135.565,34.684],[135.565,34.68]]]}},{"type":"Feature","properties":{"origin":"osaka","minutes":59.0},"geometry":{"type":"Polygon","coordinates":[[[135.565,34.684000000000005],[135.57,34.684000000000005],[135.57,34.688],[135.565,34.688],[135.565,34.684000000000005]]]}},{"type":"Feature","properties":{"origin":"osaka","minutes":58.2},"geometry":{"type":"Polygon","coordinates":[[[135.565,34.688],[135.57,34.688],[135.57,34.692],[135.565,34.692],[135.565,34.688]]]}},{"type":"Feature","properties":{"origin":"osaka","minutes":57.6},"geometry":{"type":"Polygon","coordinates":[[[135.565,34.692],[135.57,34.692],[135.57,34.696],[135.565,34.696],[135.565,34.692]]]}},{"type":"Feature","properties":{"origin":"osaka","minutes":57.3},"geometry":{"type":"Polygon","coordinates":[[[135.565,34.696000000000005],[135.57,34.696000000000005],[135.57,34.7],[135.565,34.7],[135.565,34.696000000000005]]]}},{"type":"Feature","properties":{"origin":"osaka","minutes":57.1},"geometry":{"type":"Polygon","coordinates":[[[135.565,34.7],[135.57,34.7],[135.57,34.704],[135.565,34.704],[135.565,34.7]]]}},{"type":"Feature","properties":{"origin":"osaka","minutes":57.2},"geometry":{"type":"Polygon","coordinates":[[[135.565,34.704],[135.57,34.704],[135.57,34.708],[135.565,34.708],[135.565,34.704]]]}},{"type":"Feature","properties":{"origin":"osaka","minutes":57.5},"geometry":{"type":"Polygon","coordinates":[[[135.565,34.708000000000006],[135.57,34.708000000000006],[135.57,34.712],[135.565,34.712],[135.565,34.708000000000006]]]}},{"type":"Feature","properties":{"origin":"osaka","minutes":58.1},"geometry":{"type":"Polygon","coordinates":[[[135.565,34.712],[135.57,34.712],[135.57,34.716],[135.565,34.716],[135.565,34.712]]]}},{"type":"Feature","properties":{"origin":"osaka","minutes":58.8},"geometry":{"type":"Polygon","coordinates":[[[135.565,34.716],[135.57,34.716],[135.57,34.72],[135.565,34.72],[135.565,34.716]]]}},{"type":"Feature","properties":{"origin":"osaka","minutes":59.7},"geometry":{"type":"Polygon","coordinates":[[[135.565,34.72],[135.57,34.72],[135.57,34.724],[135.565,34.724],[135.565,34.72]]]}},{"type":"Feature","properties":{"origin":"namba","minutes":59.4},"geometry":{"type":"Polygon","coordinates":[[[135.42499999999998,34.648],[135.42999999999998,34.648],[135.42999999999998,34.652],[135.42499999999998,34.652],[135.42499999999998,34.648]]]}},{"type":"Feature","properties":{"origin":"namba","minutes":58.7},"geometry":{"type":"Polygon","coordinates":[[[135.42499999999998,34.652],[135.42999999999998,34.652],[135.42999999999998,34.656],[135.42499999999998,34.656],[135.42499999999998,34.652]]]}},{"type":"Feature","properties":{"origin":"namba","minutes":58.2},"geometry":{"type":"Polygon","coordinates":[[[135.42499999999998,34.656],[135.42999999999998,34.656],[135.42999999999998,34.66],[135.42499999999998,34.66],[135.42499999999998,34.656]]]}},{"type":"Feature","properties":{"origin":"namba","minutes":58.0},"geometry":{"type":"Polygon","coordinates":[[[135.42499999999998,34.660000000000004],[135.42999999999998,34.660000000000004],[135.42999999999998,34.664],[135.42499999999998,34.664],[135.42499999999998,34.660000000000004]]]}},{"type":"Feature","properties":{"origin":"namba","minutes":57.9},"geometry":{"type":"Polygon","coordinates":[[[135.42499999999998,34.664],[135.42999999999998,34.664],[135.42999999999998,34.668],[135.42499999999998,34.668],[135.42499999999998,34.664]]]}},{"type":"Feature","properties":{"origin":"namba","minutes":58.1},"geometry":{"type":"Polygon","coordinates":[[[135.42499999999998,34.668],[135.42999999999998,34.668],[135.42999999999998,34.672],[135.42499999999998,34.672],[135.42499999999998,34.668]]]}},{"type":"Feature","properties":{"origin":"namba","minutes":58.4},"geometry":{"type":"Polygon","coordinates":[[[135.42499999999998,34.672000000000004],[135.42999999999998,34.672000000000004],[135.42999999999998,34.676],[135.42499999999998,34.676],[135.42499999999998,34.672000000000004]]]}},{"type":"Feature","properties":{"origin":"namba","minutes":59.0},"geometry":{"type":"Polygon","coordinates":[[[135.42499999999998,34.676],[135.42999999999998,34.676],[135.42999999999998,34.68],[135.42499999999998,34.68],[135.42499999999998,34.676]]]}},{"type":"Feature","properties":{"origin":"namba","minutes":59.8},"geometry":{"type":"Polygon","coordinates":[[[135.42499999999998,34.68],[135.42999999999998,34.68],[135.42999999999998,34.684],[135.42499999999998,34.684],[135.42499999999998,34.68]]]}},{"type":"Feature","properties":{"origin":"namba","minutes":59.6},"geometry":{"type":"Polygon","coordinates":[[[135.43,34.636],[135.435,34.636],[135.435,34.64],[135.43,34.64],[135.43,34.636]]]}},{"type":"Feature","properties":{"origin":"namba","minutes":58.3},"geometry":{"type":"Polygon","coordinates":[[[135.43,34.64],[135.435,34.64],[135.435,34.644],[135.43,34.644],[135.43,34.64]]]}},{"type":"Feature","properties":{"origin":"namba","minutes":57.1},"geometry":{"type":"Polygon","coordinates":[[[135.43,34.644000000000005],[135.435,34.644000000000005],[135.435,34.648],[135.43,34.648],[135.43,34.644000000000005]]]}},{"type":"Feature","properties":{"origin":"namba","minutes":56.1},"geometry":{"type":"Polygon","coordinates":[[[135.43,34.648],[135.435,34.648],[135.435,34.652],[135.43,34.652],[135.43,34.648]]]}},{"type":"Feature","properties":{"origin":"namba","minutes":55.4},"geometry":{"type":"Polygon","coordinates":[[[135.43,34.652],[135.435,34.652],[135.435,34.656],[135.43,34.656],[135.43,34.652]]]}},{"type":"Feature","properties":{"origin":"namba","minutes":54.8},"geometry":{"type":"Polygon","coordinates":[[[135.43,34.656],[135.435,34.656],[135.435,34.66],[135.43,34.66],[135.43,34.656]]]}},{"type":"Feature","properties":{"origin":"namba","minutes":54.5},"geometry":{"type":"Polygon","coordinates":[[[135.43,34.660000000000004],[135.435,34.660000000000004],[135.435,34.664],[135.43,34.664],[135.43,34.660000000000004]]]}},{"type":"Feature","properties":{"origin":"namba","minutes":54.5},"geometry":{"type":"Polygon","coordinates":[[[135.43,34.664],[135.435,34.664],[135.435,34.668],[135.43,34.668],[135.43,34.664]]]}},{"type":"Feature","properties":{"origin":"namba","minutes":54.6},"geometry":{"type":"Polygon","coordinates":[[[135.43,34.668],[135.435,34.668],[135.435,34.672],[135.43,34.672],[135.43,34.668]]]}},{"type":"Feature","properties":{"origin":"namba","minutes":55.0},"geometry":{"type":"Polygon","coordinates":[[[135.43,34.672000000000004],[135.435,34.672000000000004],[135.435,34.676],[135.43,34.676],[135.43,34.672000000000004]]]}},{"type":"Feature","properties":{"origin":"namba","minutes":55.7},"geometry":{"type":"Polygon","coordinates":[[[135.43,34.676],[135.435,34.676],[135.435,34.68],[135.43,34.68],[135.43,34.676]]]}},{"type":"Feature","properties":{"origin":"namba","minutes":56.5},"geometry":{"type":"Polygon","coordinates":[[[135.43,34.68],[135.435,34.68],[135.435,34.684],[135.43,34.684],[135.43,34.68]]]}},{"type":"Feature","properties":{"origin":"namba","minutes":57.6},"geometry":{"type":"Polygon","coordinates":[[[135.43,34.684000000000005],[135.435,34.684000000000005],[135.435,34.688],[135.43,34.688],[135.43,34.684000000000005]]]}},{"type":"Feature","properties":{"origin":"namba","minutes":58.9},"geometry":{"type":"Polygon","coordinates":[[[135.43,34.688],[135.435,34.688],[135.435,34.692],[135.43,34.692],[135.43,34.688]]]}},{"type":"Feature","properties":{"origin":"namba","minutes":60.0},"geometry":{"type":"Polygon","coordinates":[[[135.435,34.628],[135.44,34.628],[135.44,34.632],[135.435,34.632],[135.435,34.628]]]}},{"type":"Feature","properties":{"origin":"namba","minutes":58.2},"geometry":{"type":"Polygon","coordinates":[[[135.435,34.632000000000005],[135.44,34.632000000000005],[135.44,34.636],[135.435,34.636],[135.435,34.632000000000005]]]}},{"type":"Feature","properties":{"origin":"namba","minutes":56.6},"geometry":{"type":"Polygon","coordinates":[[[135.435,34.636],[135.44,34.636],[135.44,34.64],[135.435,34.64],[135.435,34.636]]]}},{"type":"Feature","properties":{"origin":"namba","minutes":55.1},"geometry":{"type":"Polygon","coordinates":[[[135.435,34.64],[135.44,34.64],[135.44,34.644],[135.435,34.644],[135.435,34.64]]]}},{"type":"Feature","properties":{"origin":"namba","minutes":53.9},"geometry":{"type":"Polygon","coordinates":[[[135.435,34.644000000000005],[135.44,34.644000000000005],[135.44,34.648],[135.435,34.648],[135.435,34.644000000000005]]]}},{"type":"Feature","properties":{"origin":"namba","minutes":52.8},"geometry":{"type":"Polygon","coordinates":[[[135.435,34.648],[135.44,34.648],[135.44,34.652],[135.435,34.652],[135.435,34.648]]]}},{"type":"Feature","properties":{"origin":"namba","minutes":52.0},"geometry":{"type":"Polygon","coordinates":[[[135.435,34.652],[135.44,34.652],[135.44,34.656],[135.435,34.656],[135.435,34.652]]]}},{"type":"Feature","properties":{"origin":"namba","minutes":51.4},"geometry":{"type":"Polygon","coordinates":[[[135.435,34.656],[135.44,34.656],[135.44,34.66],[135.435,34.66],[135.435,34.656]]]}},{"type":"Feature","properties":{"origin":"namba","minutes":51.1},"geometry":{"type":"Polygon","coordinates":[[[135.435,34.660000000000004],[135.44,34.660000000000004],[135.44,34.664],[135.435,34.664],[135.435,34.660000000000004]]]}},{"type":"Feature","properties":{"origin":"namba","minutes":51.0},"geometry":{"type":"Polygon","coordinates":[[[135.435,34.664],[135.44,34.664],[135.44,34.668],[135.435,34.668],[135.435,34.664]]]}},{"type":"Feature","properties":{"origin":"namba","minutes":51.2},"geometry":{"type":"Polygon","coordinates":[[[135.435,34.668],[135.44,34.668],[135.44,34.672],[135.435,34.672],[135.435,34.668]]]}},{"type":"Feature","properties":{"origin":"namba","minutes":51.7},"geometry":{"type":"Polygon","coordinates":[[[135.435,34.672000000000004],[135.44,34.672000000000004],[135.44,34.676],[135.435,34.676],[135.435,34.672000000000004]]]}},{"type":"Feature","properties":{"origin":"namba","minutes":52.3},"geometry":{"type":"Polygon","coordinates":[[[135.435,34.676],[135.44,34.676],[135.44,34.68],[135.435,34.68],[135.435,34.676]]]}},{"type":"Feature","properties":{"origin":"namba","minutes":53.3},"geometry":{"type":"Polygon","coordinates":[[[135.435,34.68],[135.44,34.68],[135.44,34.684],[135.435,34.684],[135.435,34.68]]]}},{"type":"Feature","properties":{"origin":"namba","minutes":54.4},"geometry":{"type":"Polygon","coordinates":[[[135.435,34.684000000000005],[135.44,34.684000000000005],[135.44,34.688],[135.435,34.688],[135.435,34.684000000000005]]]}},{"type":"Feature","properties":{"origin":"namba","minutes":55.8},"geometry":{"type":"Polygon","coordinates":[[[135.435,34.688],[135.44,34.688],[135.44,34.692],[135.435,34.692],[135.435,34.688]]]}},{"type":"Feature","properties":{"origin":"namba","minutes":57.3},"geometry":{"type":"Polygon","coordinates":[[[135.435,34.692],[135.44,34.692],[135.44,34.696],[135.435,34.696],[135.435,34.692]]]}},{"type":"Feature","properties":{"origin":"namba","minutes":59.0},"geometry":{"type":"Polygon","coordinates":[[[135.435,34.696000000000005],[135.44,34.696000000000005],[135.44,34.7],[135.435,34.7],[135.435,34.696000000000005]]]}},{"type":"Feature","properties":{"origin":"namba","minutes":59.3},"geometry":{"type":"Polygon","coordinates":[[[135.44,34.624],[135.445,34.624],[135.445,34.628],[135.44,34.628],[135.44,34.624]]]}},{"type":"Feature","properties":{"origin":"namba","minutes":57.2},"geometry":{"type":"Polygon","coordinates":[[[135.44,34.628],[135.445,34.628],[135.445,34.632],[135.44,34.632],[135.44,34.628]]]}},{"type":"Feature","properties":{"origin":"namba","minutes":55.3},"geometry":{"type":"Polygon","coordinates":[[[135.44,34.632000000000005],[135.445,34.632000000000005],[135.445,34.636],[135.44,34.636],[135.44,34.632000000000005]]]}},{"type":"Feature","properties":{"origin":"namba","minutes":53.6},"geometry":{"type":"Polygon","coordinates":[[[135.44,34.636],[135.445,34.636],[135.445,34.64],[135.44,34.64],[135.44,34.636]]]}},{"type":"Feature","properties":{"origin":"namba","minutes":52.0},"geometry":{"type":"Polygon","coordinates":[[[135.44,34.64],[135.445,34.64],[135.445,34.644],[135.44,34.644],[135.44,34.64]]]}},{"type":"Feature","properties":{"origin":"namba","minutes":50.7},"geometry":{"type":"Polygon","coordinates":[[[135.44,34.644000000000005],[135.445,34.644000000000005],[135.445,34.648],[135.44,34.648],[135.44,34.644000000000005]]]}},{"type":"Feature","properties":{"origin":"namba","minutes":49.5},"geometry":{"type":"Polygon","coordinates":[[[135.44,34.648],[135.445,34.648],[135.445,34.652],[135.44,34.652],[135.44,34.648]]]}},{"type":"Feature","properties":{"origin":"namba","minutes":48.7},"geometry":{"type":"Polygon","coordinates":[[[135.44,34.652],[135.445,34.652],[135.445,34.656],[135.44,34.656],[135.44,34.652]]]}},{"type":"Feature","properties":{"origin":"namba","minutes":48.0},"geometry":{"type":"Polygon","coordinates":[[[135.44,34.656],[135.445,34.656],[135.445,34.66],[135.44,34.66],[135.44,34.656]]]}},{"type":"Feature","properties":{"origin":"namba","minutes":47.7},"geometry":{"type":"Polygon","coordinates":[[[135.44,34.660000000000004],[135.445,34.660000000000004],[135.445,34.664],[135.44,34.664],[135.44,34.660000000000004]]]}},{"type":"Feature","properties":{"origin":"namba","minutes":47.6},"geometry":{"type":"Polygon","coordinates":[[[135.44,34.664],[135.445,34.664],[135.445,34.668],[135.44,34.668],[135.44,34.664]]]}},{"type":"Feature","properties":{"origin":"namba","minutes":47.8},"geometry":{"type":"Polygon","coordinates":[[[135.44,34.668],[135.445,34.668],[135.445,34.672],[135.44,34.672],[135.44,34.668]]]}},{"type":"Feature","properties":{"origin":"namba","minutes":48.3},"geometry":{"type":"Polygon","coordinates":[[[135.44,34.672000000000004],[135.445,34.672000000000004],[135.445,34.676],[135.44,34.676],[135.44,34.672000000000004]]]}},{"type":"Feature","properties":{"origin":"namba","minutes":49.0},"geometry":{"type":"Polygon","coordinates":[[[135.44,34.676],[135.445,34.676],[135.445,34.68],[135.44,34.68],[135.44,34.676]]]}},{"type":"Feature","properties":{"origin":"namba","minutes":50.0},"geometry":{"type":"Polygon","coordinates":[[[135.44,34.68],[135.445,34.68],[135.445,34.684],[135.44,34.684],[135.44,34.68]]]}},{"type":"Feature","properties":{"origin":"namba","minutes":51.3},"geometry":{"type":"Polygon","coordinates":[[[135.44,34.684000000000005],[135.445,34.684000000000005],[135.445,34.688],[135.44,34.688],[135.44,34.684000000000005]]]}},{"type":"Feature","properties":{"origin":"namba","minutes":52.7},"geometry":{"type":"Polygon","coordinates":[[[135.44,34.688],[135.445,34.688],[135.445,34.692],[135.44,34.692],[135.44,34.688]]]}},{"type":"Feature","properties":{"origin":"namba","minutes":54.3},"geometry":{"type":"Polygon","coordinates":[[[135.44,34.692],[135.445,34.692],[135.445,34.696],[135.44,34.696],[135.44,34.692]]]}},{"type":"Feature","properties":{"origin":"namba","minutes":56.1},"geometry":{"type":"Polygon","coordinates":[[[135.44,34.696000000000005],[135.445,34.696000000000005],[135.445,34.7],[135.44,34.7],[135.44,34.696000000000005]]]}},{"type":"Feature","properties":{"origin":"namba","minutes":58.1},"geometry":{"type":"Polygon","coordinates":[[[135.44,34.7],[135.445,34.7],[135.445,34.704],[135.44,34.704],[135.44,34.7]]]}},{"type":"Feature","properties":{"origin":"namba","minutes":58.9},"geometry":{"type":"Polygon","coordinates":[[[135.445,34.620000000000005],[135.45,34.620000000000005],[135.45,34.624],[135.445,34.624],[135.445,34.620000000000005]]]}},{"type":"Feature","properties":{"origin":"namba","minutes":56.7},"geometry":{"type":"Polygon","coordinates":[[[135.445,34.624],[135.45,34.624],[135.45,34.628],[135.445,34.628],[135.445,34.624]]]}},{"type":"Feature","properties":{"origin":"namba","minutes":54.5},"geometry":{"type":"Polygon","coordinates":[[[135.445,34.628],[135.45,34.628],[135.45,34.632],[135.445,34.632],[135.445,34.628]]]}},{"type":"Feature","properties":{"origin":"namba","minutes":52.5},"geometry":{"type":"Polygon","coordinates":[[[135.445,34.632000000000005],[135.45,34.632000000000005],[135.45,34.636],[135.445,34.636],[135.445,34.632000000000005]]]}},{"type":"Feature","properties":{"origin":"namba","minutes":50.6},"geometry":{"type":"Polygon","coordinates":[[[135.445,34.636],[135.45,34.636],[135.45,34.64],[135.445,34.64],[135.445,34.636]]]}},{"type":"Feature","properties":{"origin":"namba","minutes":49.0},"geometry":{"type":"Polygon","coordinates":[[[135.445,34.64],[135.45,34.64],[135.45,34.644],[135.445,34.644],[135.445,34.64]]]}},{"type":"Feature","properties":{"origin":"namba","minutes":47.5},"geometry":{"type":"Polygon","coordinates":[[[135.445,34.644000000000005],[135.45,34.644000000000005],[135.45,34.648],[135.445,34.648],[135.445,34.644000000000005]]]}},{"type":"Feature","properties":{"origin":"namba","minutes":46.3},"geometry":{"type":"Polygon","coordinates":[[[135.445,34.648],[135.45,34.648],[135.45,34.652],[135.445,34.652],[135.445,34.648]]]}},{"type":"Feature","properties":{"origin":"namba","minutes":45.3},"geometry":{"type":"Polygon","coordinates":[[[135.445,34.652],[135.45,34.652],[135.45,34.656],[135.445,34.656],[135.445,34.652]]]}},{"type":"Feature","properties":{"origin":"namba","minutes":44.6},"geometry":{"type":"Polygon","coordinates":[[[135.445,34.656],[135.45,34.656],[135.45,34.66],[135.445,34.66],[135.445,34.656]]]}},{"type":"Feature","properties":{"origin":"namba","minutes":44.3},"geometry":{"type":"Polygon","coordinates":[[[135.445,34.660000000000004],[135.45,34.660000000000004],[135.45,34.664],[135.445,34.664],[135.445,34.660000000000004]]]}},{"type":"Feature","properties":{"origin":"namba","minutes":44.2},"geometry":{"type":"Polygon","coordinates":[[[135.445,34.664],[135.45,34.664],[135.45,34.668],[135.445,34.668],[135.445,34.664]]]}},{"type":"Feature","properties":{"origin":"namba","minutes":44.4},"geometry":{"type":"Polygon","coordinates":[[[135.445,34.668],[135.45,34.668],[135.45,34.672],[135.445,34.672],[135.445,34.668]]]}},{"type":"Feature","properties":{"origin":"namba","minutes":44.9},"geometry":{"type":"Polygon","coordinates":[[[135.445,34.672000000000004],[135.45,34.672000000000004],[135.45,34.676],[135.445,34.676],[135.445,34.672000000000004]]]}},{"type":"Feature","properties":{"origin":"namba","minutes":45.7},"geometry":{"type":"Polygon","coordinates":[[[135.445,34.676],[135.45,34.676],[135.45,34.68],[135.445,34.68],[135.445,34.676]]]}},{"type":"Feature","properties":{"origin":"namba","minutes":46.8},"geometry":{"type":"Polygon","coordinates":[[[135.445,34.68],[135.45,34.68],[135.45,34.684],[135.445,34.684],[135.445,34.68]]]}},{"type":"Feature","properties":{"origin":"namba","minutes":48.1},"geometry":{"type":"Polygon","coordinates":[[[135.445,34.684000000000005],[135.45,34.684000000000005],[135.45,34.688],[135.445,34.688],[135.445,34.684000000000005]]]}},{"type":"Feature","properties":{"origin":"namba","minutes":49.7},"geometry":{"type":"Polygon","coordinates":[[[135.445,34.688],[135.45,34.688],[135.45,34.692],[135.445,34.692],[135.445,34.688]]]}},{"type":"Feature","properties":{"origin":"namba","minutes":51.4},"geometry":{"type":"Polygon","coordinates":[[[135.445,34.692],[135.45,34.692],[135.45,34.696],[135.445,34.696],[135.445,34.692]]]}},{"type":"Feature","properties":{"origin":"namba","minutes":53.4},"geometry":{"type":"Polygon","coordinates":[[[135.445,34.696000000000005],[135.45,34.696000000000005],[135.45,34.7],[135.445,34.7],[135.445,34.696000000000005]]]}},{"type":"Feature","properties":{"origin":"namba","minutes":55.5},"geometry":{"type":"Polygon","coordinates":[[[135.445,34.7],[135.45,34.7],[135.45,34.704],[135.445,34.704],[135.445,34.7]]]}},{"type":"Feature","properties":{"origin":"namba","minutes":57.7},"geometry":{"type":"Polygon","coordinates":[[[135.445,34.704],[135.45,34.704],[135.45,34.708],[135.445,34.708],[135.445,34.704]]]}},{"type":"Feature","properties":{"origin":"namba","minutes":60.0},"geometry":{"type":"Polygon","coordinates":[[[135.445,34.708000000000006],[135.45,34.708000000000006],[135.45,34.712],[135.445,34.712],[135.445,34.708000000000006]]]}},{"type":"Feature","properties":{"origin":"namba","minutes":59.1},"geometry":{"type":"Polygon","coordinates":[[[135.45,34.616],[135.45499999999998,34.616],[135.45499999999998,34.62],[135.45,34.62],[135.45,34.616]]]}},{"type":"Feature","properties":{"origin":"namba","minutes":56.6},"geometry":{"type":"Polygon","coordinates":[[[135.45,34.620000000000005],[135.45499999999998,34.620000000000005],[135.45499999999998,34.624],[135.45,34.624],[135.45,34.620000000000005]]]}},{"type":"Feature","properties":{"origin":"namba","minutes":54.2},"geometry":{"type":"Polygon","coordinates":[[[135.45,34.624],[135.45499999999998,34.624],[135.45499999999998,34.628],[135.45,34.628],[135.45,34.624]]]}},{"type":"Feature","properties":{"origin":"namba","minutes":51.9},"geometry":{"type":"Polygon","coordinates":[[[135.45,34.628],[135.45499999999998,34.628],[135.45499999999998,34.632],[135.45,34.632],[135.45,34.628]]]}},{"type":"Feature","properties":{"origin":"namba","minutes":49.7},"geometry":{"type":"Polygon","coordinates":[[[135.45,34.632000000000005],[135.45499999999998,34.632000000000005],[135.45499999999998,34.636],[135.45,34.636],[135.45,34.632000000000005]]]}},{"type":"Feature","properties":{"origin":"namba","minutes":47.8},"geometry":{"type":"Polygon","coordinates":[[[135.45,34.636],[135.45499999999998,34.636],[135.45499999999998,34.64],[135.45,34.64],[135.45,34.636]]]}},{"type":"Feature","properties":{"origin":"namba","minutes":46.0},"geometry":{"type":"Polygon","coordinates":[[[135.45,34.64],[135.45499999999998,34.64],[135.45499999999998,34.644],[135.45,34.644],[135.45,34.64]]]}},{"type":"Feature","properties":{"origin":"namba","minutes":44.4},"geometry":{"type":"Polygon","coordinates":[[[135.45,34.644000000000005],[135.45499999999998,34.644000000000005],[135.45499999999998,34.648],[135.45,34.648],[135.45,34.644000000000005]]]}},{"type":"Feature","properties":{"origin":"namba","minutes":43.1},"geometry":{"type":"Polygon","coordinates":[[[135.45,34.648],[135.45499999999998,34.648],[135.45499999999998,34.652],[135.45,34.652],[135.45,34.648]]]}},{"type":"Feature","properties":{"origin":"namba","minutes":42.0},"geometry":{"type":"Polygon","coordinates":[[[135.45,34.652],[135.45499999999998,34.652],[135.45499999999998,34.656],[135.45,34.656],[135.45,34.652]]]}},{"type":"Feature","properties":{"origin":"namba","minutes":41.3},"geometry":{"type":"Polygon","coordinates":[[[135.45,34.656],[135.45499999999998,34.656],[135.45499999999998,34.66],[135.45,34.66],[135.45,34.656]]]}},{"type":"Feature","properties":{"origin":"namba","minutes":40.8},"geometry":{"type":"Polygon","coordinates":[[[135.45,34.660000000000004],[135.45499999999998,34.660000000000004],[135.45499999999998,34.664],[135.45,34.664],[135.45,34.660000000000004]]]}},{"type":"Feature","properties":{"origin":"namba","minutes":40.7},"geometry":{"type":"Polygon","coordinates":[[[135.45,34.664],[135.45499999999998,34.664],[135.45499999999998,34.668],[135.45,34.668],[135.45,34.664]]]}},{"type":"Feature","properties":{"origin":"namba","minutes":41.0},"geometry":{"type":"Polygon","coordinates":[[[135.45,34.668],[135.45499999999998,34.668],[135.45499999999998,34.672],[135.45,34.672],[135.45,34.668]]]}},{"type":"Feature","properties":{"origin":"namba","minutes":41.6},"geometry":{"type":"Polygon","coordinates":[[[135.45,34.672000000000004],[135.45499999999998,34.672000000000004],[135.45499999999998,34.676],[135.45,34.676],[135.45,34.672000000000004]]]}},{"type":"Feature","properties":{"origin":"namba","minutes":42.5},"geometry":{"type":"Polygon","coordinates":[[[135.45,34.676],[135.45499999999998,34.676],[135.45499999999998,34.68],[135.45,34.68],[135.45,34.676]]]}},{"type":"Feature","properties":{"origin":"namba","minutes":43.6},"geometry":{"type":"Polygon","coordinates":[[[135.45,34.68],[135.45499999999998,34.68],[135.45499999999998,34.684],[135.45,34.684],[135.45,34.68]]]}},{"type":"Feature","properties":{"origin":"namba","minutes":45.1},"geometry":{"type":"Polygon","coordinates":[[[135.45,34.684000000000005],[135.45499999999998,34.684000000000005],[135.45499999999998,34.688],[135.45,34.688],[135.45,34.684000000000005]]]}},{"type":"Feature","properties":{"origin":"namba","minutes":46.7},"geometry":{"type":"Polygon","coordinates":[[[135.45,34.688],[135.45499999999998,34.688],[135.45499999999998,34.692],[135.45,34.692],[135.45,34.688]]]}},{"type":"Feature","properties":{"origin":"namba","minutes":48.6},"geometry":{"type":"Polygon","coordinates":[[[135.45,34.692],[135.45499999999998,34.692],[135.45499999999998,34.696],[135.45,34.696],[135.45,34.692]]]}},{"type":"Feature","properties":{"origin":"namba","minutes":50.7},"geometry":{"type":"Polygon","coordinates":[[[135.45,34.696000000000005],[135.45499999999998,34.696000000000005],[135.45499999999998,34.7],[135.45,34.7],[135.45,34.696000000000005]]]}},{"type":"Feature","properties":{"origin":"namba","minutes":52.9},"geometry":{"type":"Polygon","coordinates":[[[135.45,34.7],[135.45499999999998,34.7],[135.45499999999998,34.704],[135.45,34.704],[135.45,34.7]]]}},{"type":"Feature","properties":{"origin":"namba","minutes":55.2},"geometry":{"type":"Polygon","coordinates":[[[135.45,34.704],[135.45499999999998,34.704],[135.45499999999998,34.708],[135.45,34.708],[135.45,34.704]]]}},{"type":"Feature","properties":{"origin":"namba","minutes":57.7},"geometry":{"type":"Polygon","coordinates":[[[135.45,34.708000000000006],[135.45499999999998,34.708000000000006],[135.45499999999998,34.712],[135.45,34.712],[135.45,34.708000000000006]]]}},{"type":"Feature","properties":{"origin":"namba","minutes":59.7},"geometry":{"type":"Polygon","coordinates":[[[135.45499999999998,34.612],[135.45999999999998,34.612],[135.45999999999998,34.616],[135.45499999999998,34.616],[135.45499999999998,34.612]]]}},{"type":"Feature","properties":{"origin":"namba","minutes":57.0},"geometry":{"type":"Polygon","coordinates":[[[135.45499999999998,34.616],[135.45999999999998,34.616],[135.45999999999998,34.62],[135.45499999999998,34.62],[135.45499999999998,34.616]]]}},{"type":"Feature","properties":{"origin":"namba","minutes":54.3},"geometry":{"type":"Polygon","coordinates":[[[135.45499999999998,34.620000000000005],[135.45999999999998,34.620000000000005],[135.45999999999998,34.624],[135.45499999999998,34.624],[135.45499999999998,34.620000000000005]]]}},{"type":"Feature","properties":{"origin":"namba","minutes":51.8},"geometry":{"type":"Polygon","coordinates":[[[135.45499999999998,34.624],[135.45999999999998,34.624],[135.45999999999998,34.628],[135.45499999999998,34.628],[135.45499999999998,34.624]]]}},{"type":"Feature","properties":{"origin":"namba","minutes":49.4},"geometry":{"type":"Polygon","coordinates":[[[135.45499999999998,34.628],[135.45999999999998,34.628],[135.45999999999998,34.632],[135.45499999999998,34.632],[135.45499999999998,34.628]]]}},{"type":"Feature","properties":{"origin":"namba","minutes":47.1},"geometry":{"type":"Polygon","coordinates":[[[135.45499999999998,34.632000000000005],[135.45999999999998,34.632000000000005],[135.45999999999998,34.636],[135.45499999999998,34.636],[135.45499999999998,34.632000000000005]]]}},{"type":"Feature","properties":{"origin":"namba","minutes":45.0},"geometry":{"type":"Polygon","coordinates":[[[135.45499999999998,34.636],[135.45999999999998,34.636],[135.45999999999998,34.64],[135.45499999999998,34.64],[135.45499999999998,34.636]]]}},{"type":"Feature","properties":{"origin":"namba","minutes":43.0},"geometry":{"type":"Polygon","coordinates":[[[135.45499999999998,34.64],[135.45999999999998,34.64],[135.45999999999998,34.644],[135.45499999999998,34.644],[135.45499999999998,34.64]]]}},{"type":"Feature","properties":{"origin":"namba","minutes":41.3},"geometry":{"type":"Polygon","coordinates":[[[135.45499999999998,34.644000000000005],[135.45999999999998,34.644000000000005],[135.45999999999998,34.648],[135.45499999999998,34.648],[135.45499999999998,34.644000000000005]]]}},{"type":"Feature","properties":{"origin":"namba","minutes":39.9},"geometry":{"type":"Polygon","coordinates":[[[135.45499999999998,34.648],[135.45999999999998,34.648],[135.45999999999998,34.652],[135.45499999999998,34.652],[135.45499999999998,34.648]]]}},{"type":"Feature","properties":{"origin":"namba","minutes":38.7},"geometry":{"type":"Polygon","coordinates":[[[135.45499999999998,34.652],[135.45999999999998,34.652],[135.45999999999998,34.656],[135.45499999999998,34.656],[135.45499999999998,34.652]]]}},{"type":"Feature","properties":{"origin":"namba","minutes":37.9},"geometry":{"type":"Polygon","coordinates":[[[135.45499999999998,34.656],[135.45999999999998,34.656],[135.45999999999998,34.66],[135.45499999999998,34.66],[135.45499999999998,34.656]]]}},{"type":"Feature","properties":{"origin":"namba","minutes":37.4},"geometry":{"type":"Polygon","coordinates":[[[135.45499999999998,34.660000000000004],[135.45999999999998,34.660000000000004],[135.45999999999998,34.664],[135.45499999999998,34.664],[135.45499999999998,34.660000000000004]]]}},{"type":"Feature","properties":{"origin":"namba","minutes":37.3},"geometry":{"type":"Polygon","coordinates":[[[135.45499999999998,34.664],[135.45999999999998,34.664],[135.45999999999998,34.668],[135.45499999999998,34.668],[135.45499999999998,34.664]]]}},{"type":"Feature","properties":{"origin":"namba","minutes":37.6},"geometry":{"type":"Polygon","coordinates":[[[135.45499999999998,34.668],[135.45999999999998,34.668],[135.45999999999998,34.672],[135.45499999999998,34.672],[135.45499999999998,34.668]]]}},{"type":"Feature","properties":{"origin":"namba","minutes":38.2},"geometry":{"type":"Polygon","coordinates":[[[135.45499999999998,34.672000000000004],[135.45999999999998,34.672000000000004],[135.45999999999998,34.676],[135.45499999999998,34.676],[135.45499999999998,34.672000000000004]]]}},{"type":"Feature","properties":{"origin":"namba","minutes":39.2},"geometry":{"type":"Polygon","coordinates":[[[135.45499999999998,34.676],[135.45999999999998,34.676],[135.45999999999998,34.68],[135.45499999999998,34.68],[135.45499999999998,34.676]]]}},{"type":"Feature","properties":{"origin":"namba","minutes":40.5},"geometry":{"type":"Polygon","coordinates":[[[135.45499999999998,34.68],[135.45999999999998,34.68],[135.45999999999998,34.684],[135.45499999999998,34.684],[135.45499999999998,34.68]]]}},{"type":"Feature","properties":{"origin":"namba","minutes":42.1},"geometry":{"type":"Polygon","coordinates":[[[135.45499999999998,34.684000000000005],[135.45999999999998,34.684000000000005],[135.45999999999998,34.688],[135.45499999999998,34.688],[135.45499999999998,34.684000000000005]]]}},{"type":"Feature","properties":{"origin":"namba","minutes":43.9},"geometry":{"type":"Polygon","coordinates":[[[135.45499999999998,34.688],[135.45999999999998,34.688],[135.45999999999998,34.692],[135.45499999999998,34.692],[135.45499999999998,34.688]]]}},{"type":"Feature","properties":{"origin":"namba","minutes":45.9},"geometry":{"type":"Polygon","coordinates":[[[135.45499999999998,34.692],[135.45999999999998,34.692],[135.45999999999998,34.696],[135.45499999999998,34.696],[135.45499999999998,34.692]]]}},{"type":"Feature","properties":{"origin":"namba","minutes":48.1},"geometry":{"type":"Polygon","coordinates":[[[135.45499999999998,34.696000000000005],[135.45999999999998,34.696000000000005],[135.45999999999998,34.7],[135.45499999999998,34.7],[135.45499999999998,34.696000000000005]]]}},{"type":"Feature","properties":{"origin":"namba","minutes":50.5},"geometry":{"type":"Polygon","coordinates":[[[135.45499999999998,34.7],[135.45999999999998,34.7],[135.45999999999998,34.704],[135.45499999999998,34.704],[135.45499999999998,34.7]]]}},{"type":"Feature","properties":{"origin":"namba","minutes":52.9},"geometry":{"type":"Polygon","coordinates":[[[135.45499999999998,34.704],[135.45999999999998,34.704],[135.45999999999998,34.708],[135.45499999999998,34.708],[135.45499999999998,34.704]]]}},{"type":"Feature","properties":{"origin":"namba","minutes":55.5},"geometry":{"type":"Polygon","coordinates":[[[135.45499999999998,34.708000000000006],[135.45999999999998,34.708000000000006],[135.45999999999998,34.712],[135.45499999999998,34.712],[135.45499999999998,34.708000000000006]]]}},{"type":"Feature","properties":{"origin":"namba","minutes":58.2},"geometry":{"type":"Polygon","coordinates":[[[135.45499999999998,34.712],[135.45999999999998,34.712],[135.45999999999998,34.716],[135.45499999999998,34.716],[135.45499999999998,34.712]]]}},{"type":"Feature","properties":{"origin":"namba","minutes":57.8},"geometry":{"type":"Polygon","coordinates":[[[135.46,34.612],[135.465,34.612],[135.465,34.616],[135.46,34.616],[135.46,34.612]]]}},{"type":"Feature","properties":{"origin":"namba","minutes":55.0},"geometry":{"type":"Polygon","coordinates":[[[135.46,34.616],[135.465,34.616],[135.465,34.62],[135.46,34.62],[135.46,34.616]]]}},{"type":"Feature","properties":{"origin":"namba","minutes":52.2},"geometry":{"type":"Polygon","coordinates":[[[135.46,34.620000000000005],[135.465,34.620000000000005],[135.465,34.624],[135.46,34.624],[135.46,34.620000000000005]]]}},{"type":"Feature","properties":{"origin":"namba","minutes":49.6},"geometry":{"type":"Polygon","coordinates":[[[135.46,34.624],[135.465,34.624],[135.465,34.628],[135.46,34.628],[135.46,34.624]]]}},{"type":"Feature","properties":{"origin":"namba","minutes":47.0},"geometry":{"type":"Polygon","coordinates":[[[135.46,34.628],[135.465,34.628],[135.465,34.632],[135.46,34.632],[135.46,34.628]]]}},{"type":"Feature","properties":{"origin":"namba","minutes":44.6},"geometry":{"type":"Polygon","coordinates":[[[135.46,34.632000000000005],[135.465,34.632000000000005],[135.465,34.636],[135.46,34.636],[135.46,34.632000000000005]]]}},{"type":"Feature","properties":{"origin":"namba","minutes":42.3},"geometry":{"type":"Polygon","coordinates":[[[135.46,34.636],[135.465,34.636],[135.465,34.64],[135.46,34.64],[135.46,34.636]]]}},{"type":"Feature","properties":{"origin":"namba","minutes":40.2},"geometry":{"type":"Polygon","coordinates":[[[135.46,34.64],[135.465,34.64],[135.465,34.644],[135.46,34.644],[135.46,34.64]]]}},{"type":"Feature","properties":{"origin":"namba","minutes":38.4},"geometry":{"type":"Polygon","coordinates":[[[135.46,34.644000000000005],[135.465,34.644000000000005],[135.465,34.648],[135.46,34.648],[135.46,34.644000000000005]]]}},{"type":"Feature","properties":{"origin":"namba","minutes":36.8},"geometry":{"type":"Polygon","coordinates":[[[135.46,34.648],[135.465,34.648],[135.465,34.652],[135.46,34.652],[135.46,34.648]]]}},{"type":"Feature","properties":{"origin":"namba","minutes":35.5},"geometry":{"type":"Polygon","coordinates":[[[135.46,34.652],[135.465,34.652],[135.465,34.656],[135.46,34.656],[135.46,34.652]]]}},{"type":"Feature","properties":{"origin":"namba","minutes":34.5},"geometry":{"type":"Polygon","coordinates":[[[135.46,34.656],[135.465,34.656],[135.465,34.66],[135.46,34.66],[135.46,34.656]]]}},{"type":"Feature","properties":{"origin":"namba","minutes":34.0},"geometry":{"type":"Polygon","coordinates":[[[135.46,34.660000000000004],[135.465,34.660000000000004],[135.465,34.664],[135.46,34.664],[135.46,34.660000000000004]]]}},{"type":"Feature","properties":{"origin":"namba","minutes":33.9},"geometry":{"type":"Polygon","coordinates":[[[135.46,34.664],[135.465,34.664],[135.465,34.668],[135.46,34.668],[135.46,34.664]]]}},{"type":"Feature","properties":{"origin":"namba","minutes":34.2},"geometry":{"type":"Polygon","coordinates":[[[135.46,34.668],[135.465,34.668],[135.465,34.672],[135.46,34.672],[135.46,34.668]]]}},{"type":"Feature","properties":{"origin":"namba","minutes":34.9},"geometry":{"type":"Polygon","coordinates":[[[135.46,34.672000000000004],[135.465,34.672000000000004],[135.465,34.676],[135.46,34.676],[135.46,34.672000000000004]]]}},{"type":"Feature","properties":{"origin":"namba","minutes":36.0},"geometry":{"type":"Polygon","coordinates":[[[135.46,34.676],[135.465,34.676],[135.465,34.68],[135.46,34.68],[135.46,34.676]]]}},{"type":"Feature","properties":{"origin":"namba","minutes":37.4},"geometry":{"type":"Polygon","coordinates":[[[135.46,34.68],[135.465,34.68],[135.465,34.684],[135.46,34.684],[135.46,34.68]]]}},{"type":"Feature","properties":{"origin":"namba","minutes":39.2},"geometry":{"type":"Polygon","coordinates":[[[135.46,34.684000000000005],[135.465,34.684000000000005],[135.465,34.688],[135.46,34.688],[135.46,34.684000000000005]]]}},{"type":"Feature","properties":{"origin":"namba","minutes":41.2},"geometry":{"type":"Polygon","coordinates":[[[135.46,34.688],[135.465,34.688],[135.465,34.692],[135.46,34.692],[135.46,34.688]]]}},{"type":"Feature","properties":{"origin":"namba","minutes":43.3},"geometry":{"type":"Polygon","coordinates":[[[135.46,34.692],[135.465,34.692],[135.465,34.696],[135.46,34.696],[135.46,34.692]]]}},{"type":"Feature","properties":{"origin":"namba","minutes":45.7},"geometry":{"type":"Polygon","coordinates":[[[135.46,34.696000000000005],[135.465,34.696000000000005],[135.465,34.7],[135.46,34.7],[135.46,34.696000000000005]]]}},{"type":"Feature","properties":{"origin":"namba","minutes":48.2},"geometry":{"type":"Polygon","coordinates":[[[135.46,34.7],[135.465,34.7],[135.465,34.704],[135.46,34.704],[135.46,34.7]]]}},{"type":"Feature","properties":{"origin":"namba","minutes":50.8},"geometry":{"type":"Polygon","coordinates":[[[135.46,34.704],[135.465,34.704],[135.465,34.708],[135.46,34.708],[135.46,34.704]]]}},{"type":"Feature","properties":{"origin":"namba","minutes":53.5},"geometry":{"type":"Polygon","coordinates":[[[135.46,34.708000000000006],[135.465,34.708000000000006],[135.465,34.712],[135.46,34.712],[135.46,34.708000000000006]]]}},{"type":"Feature","properties":{"origin":"namba","minutes":56.2},"geometry":{"type":"Polygon","coordinates":[[[135.46,34.712],[135.465,34.712],[135.465,34.716],[135.46,34.716],[135.46,34.712]]]}},{"type":"Feature","properties":{"origin":"namba","minutes":59.1},"geometry":{"type":"Polygon","coordinates":[[[135.46,34.716],[135.465,34.716],[135.465,34.72],[135.46,34.72],[135.46,34.716]]]}},{"type":"Feature","properties":{"origin":"namba","minutes":59.1},"geometry":{"type":"Polygon","coordinates":[[[135.465,34.608000000000004],[135.47,34.608000000000004],[135.47,34.612],[135.465,34.612],[135.465,34.608000000000004]]]}},{"type":"Feature","properties":{"origin":"namba","minutes":56.1},"geometry":{"type":"Polygon","coordinates":[[[135.465,34.612],[135.47,34.612],[135.47,34.616],[135.465,34.616],[135.465,34.612]]]}},{"type":"Feature","properties":{"origin":"namba","minutes":53.2},"geometry":{"type":"Polygon","coordinates":[[[135.465,34.616],[135.47,34.616],[135.47,34.62],[135.465,34.62],[135.465,34.616]]]}},{"type":"Feature","properties":{"origin":"namba","minutes":50.3},"geometry":{"type":"Polygon","coordinates":[[[135.465,34.620000000000005],[135.47,34.620000000000005],[135.47,34.624],[135.465,34.624],[135.465,34.620000000000005]]]}},{"type":"Feature","properties":{"origin":"namba","minutes":47.5},"geometry":{"type":"Polygon","coordinates":[[[135.465,34.624],[135.47,34.624],[135.47,34.628],[135.465,34.628],[135.465,34.624]]]}},{"type":"Feature","properties":{"origin":"namba","minutes":44.8},"geometry":{"type":"Polygon","coordinates":[[[135.465,34.628],[135.47,34.628],[135.47,34.632],[135.465,34.632],[135.465,34.628]]]}},{"type":"Feature","properties":{"origin":"namba","minutes":42.3},"geometry":{"type":"Polygon","coordinates":[[[135.465,34.632000000000005],[135.47,34.632000000000005],[135.47,34.636],[135.465,34.636],[135.465,34.632000000000005]]]}},{"type":"Feature","properties":{"origin":"namba","minutes":39.8},"geometry":{"type":"Polygon","coordinates":[[[135.465,34.636],[135.47,34.636],[135.47,34.64],[135.465,34.64],[135.465,34.636]]]}},{"type":"Feature","properties":{"origin":"namba","minutes":37.6},"geometry":{"type":"Polygon","coordinates":[[[135.465,34.64],[135.47,34.64],[135.47,34.644],[135.465,34.644],[135.465,34.64]]]}},{"type":"Feature","properties":{"origin":"namba","minutes":35.5},"geometry":{"type":"Polygon","coordinates":[[[135.465,34.644000000000005],[135.47,34.644000000000005],[135.47,34.648],[135.465,34.648],[135.465,34.644000000000005]]]}},{"type":"Feature","properties":{"origin":"namba","minutes":33.7},"geometry":{"type":"Polygon","coordinates":[[[135.465,34.648],[135.47,34.648],[135.47,34.652],[135.465,34.652],[135.465,34.648]]]}},{"type":"Feature","properties":{"origin":"namba","minutes":32.3},"geometry":{"type":"Polygon","coordinates":[[[135.465,34.652],[135.47,34.652],[135.47,34.656],[135.465,34.656],[135.465,34.652]]]}},{"type":"Feature","properties":{"origin":"namba","minutes":31.2},"geometry":{"type":"Polygon","coordinates":[[[135.465,34.656],[135.47,34.656],[135.47,34.66],[135.465,34.66],[135.465,34.656]]]}},{"type":"Feature","properties":{"origin":"namba","minutes":30.6},"geometry":{"type":"Polygon","coordinates":[[[135.465,34.660000000000004],[135.47,34.660000000000004],[135.47,34.664],[135.465,34.664],[135.465,34.660000000000004]]]}},{"type":"Feature","properties":{"origin":"namba","minutes":30.5},"geometry":{"type":"Polygon","coordinates":[[[135.465,34.664],[135.47,34.664],[135.47,34.668],[135.465,34.668],[135.465,34.664]]]}},{"type":"Feature","properties":{"origin":"namba","minutes":30.8},"geometry":{"type":"Polygon","coordinates":[[[135.465,34.668],[135.47,34.668],[135.47,34.672],[135.465,34.672],[135.465,34.668]]]}},{"type":"Feature","properties":{"origin":"namba","minutes":31.6},"geometry":{"type":"Polygon","coordinates":[[[135.465,34.672000000000004],[135.47,34.672000000000004],[135.47,34.676],[135.465,34.676],[135.465,34.672000000000004]]]}},{"type":"Feature","properties":{"origin":"namba","minutes":32.9},"geometry":{"type":"Polygon","coordinates":[[[135.465,34.676],[135.47,34.676],[135.47,34.68],[135.465,34.68],[135.465,34.676]]]}},{"type":"Feature","properties":{"origin":"namba","minutes":34.5},"geometry":{"type":"Polygon","coordinates":[[[135.465,34.68],[135.47,34.68],[135.47,34.684],[135.465,34.684],[135.465,34.68]]]}},{"type":"Feature","properties":{"origin":"namba","minutes":36.4},"geometry":{"type":"Polygon","coordinates":[[[135.465,34.684000000000005],[135.47,34.684000000000005],[135.47,34.688],[135.465,34.688],[135.465,34.684000000000005]]]}},{"type":"Feature","properties":{"origin":"namba","minutes":38.5},"geometry":{"type":"Polygon","coordinates":[[[135.465,34.688],[135.47,34.688],[135.47,34.692],[135.465,34.692],[135.465,34.688]]]}},{"type":"Feature","properties":{"origin":"namba","minutes":40.9},"geometry":{"type":"Polygon","coordinates":[[[135.465,34.692],[135.47,34.692],[135.47,34.696],[135.465,34.696],[135.465,34.692]]]}},{"type":"Feature","properties":{"origin":"namba","minutes":43.4},"geometry":{"type":"Polygon","coordinates":[[[135.465,34.696000000000005],[135.47,34.696000000000005],[135.47,34.7],[135.465,34.7],[135.465,34.696000000000005]]]}},{"type":"Feature","properties":{"origin":"namba","minutes":46.0},"geometry":{"type":"Polygon","coordinates":[[[135.465,34.7],[135.47,34.7],[135.47,34.704],[135.465,34.704],[135.465,34.7]]]}},{"type":"Feature","properties":{"origin":"namba","minutes":48.8},"geometry":{"type":"Polygon","coordinates":[[[135.465,34.704],[135.47,34.704],[135.47,34.708],[135.465,34.708],[135.465,34.704]]]}},{"type":"Feature","properties":{"origin":"namba","minutes":51.6},"geometry":{"type":"Polygon","coordinates":[[[135.465,34.708000000000006],[135.47,34.708000000000006],[135.47,34.712],[135.465,34.712],[135.465,34.708000000000006]]]}},{"type":"Feature","properties":{"origin":"namba","minutes":54.5},"geometry":{"type":"Polygon","coordinates":[[[135.465,34.712],[135.47,34.712],[135.47,34.716],[135.465,34.716],[135.465,34.712]]]}},{"type":"Feature","properties":{"origin":"namba","minutes":57.4},"geometry":{"type":"Polygon","coordinates":[[[135.465,34.716],[135.47,34.716],[135.47,34.72],[135.465,34.72],[135.465,34.716]]]}},{"type":"Feature","properties":{"origin":"namba","minutes":57.7},"geometry":{"type":"Polygon","coordinates":[[[135.47,34.608000000000004],[135.475,34.608000000000004],[135.475,34.612],[135.47,34.612],[135.47,34.608000000000004]]]}},{"type":"Feature","properties":{"origin":"namba","minutes":54.6},"geometry":{"type":"Polygon","coordinates":[[[135.47,34.612],[135.475,34.612],[135.475,34.616],[135.47,34.616],[135.47,34.612]]]}},{"type":"Feature","properties":{"origin":"namba","minutes":51.6},"geometry":{"type":"Polygon","coordinates":[[[135.47,34.616],[135.475,34.616],[135.475,34.62],[135.47,34.62],[135.47,34.616]]]}},{"type":"Feature","properties":{"origin":"namba","minutes":48.6},"geometry":{"type":"Polygon","coordinates":[[[135.47,34.620000000000005],[135.475,34.620000000000005],[135.475,34.624],[135.47,34.624],[135.47,34.620000000000005]]]}},{"type":"Feature","properties":{"origin":"namba","minutes":45.7},"geometry":{"type":"Polygon","coordinates":[[[135.47,34.624],[135.475,34.624],[135.475,34.628],[135.47,34.628],[135.47,34.624]]]}},{"type":"Feature","properties":{"origin":"namba","minutes":42.9},"geometry":{"type":"Polygon","coordinates":[[[135.47,34.628],[135.475,34.628],[135.475,34.632],[135.47,34.632],[135.47,34.628]]]}},{"type":"Feature","properties":{"origin":"namba","minutes":40.1},"geometry":{"type":"Polygon","coordinates":[[[135.47,34.632000000000005],[135.475,34.632000000000005],[135.475,34.636],[135.47,34.636],[135.47,34.632000000000005]]]}},{"type":"Feature","properties":{"origin":"namba","minutes":37.5},"geometry":{"type":"Polygon","coordinates":[[[135.47,34.636],[135.475,34.636],[135.475,34.64],[135.47,34.64],[135.47,34.636]]]}},{"type":"Feature","properties":{"origin":"namba","minutes":35.0},"geometry":{"type":"Polygon","coordinates":[[[135.47,34.64],[135.475,34.64],[135.475,34.644],[135.47,34.644],[135.47,34.64]]]}},{"type":"Feature","properties":{"origin":"namba","minutes":32.8},"geometry":{"type":"Polygon","coordinates":[[[135.47,34.644000000000005],[135.475,34.644000000000005],[135.475,34.648],[135.47,34.648],[135.47,34.644000000000005]]]}},{"type":"Feature","properties":{"origin":"namba","minutes":30.8},"geometry":{"type":"Polygon","coordinates":[[[135.47,34.648],[135.475,34.648],[135.475,34.652],[135.47,34.652],[135.47,34.648]]]}},{"type":"Feature","properties":{"origin":"namba","minutes":29.1},"geometry":{"type":"Polygon","coordinates":[[[135.47,34.652],[135.475,34.652],[135.475,34.656],[135.47,34.656],[135.47,34.652]]]}},{"type":"Feature","properties":{"origin":"namba","minutes":27.9},"geometry":{"type":"Polygon","coordinates":[[[135.47,34.656],[135.475,34.656],[135.475,34.66],[135.47,34.66],[135.47,34.656]]]}},{"type":"Feature","properties":{"origin":"namba","minutes":27.2},"geometry":{"type":"Polygon","coordinates":[[[135.47,34.660000000000004],[135.475,34.660000000000004],[135.475,34.664],[135.47,34.664],[135.47,34.660000000000004]]]}},{"type":"Feature","properties":{"origin":"namba","minutes":27.0},"geometry":{"type":"Polygon","coordinates":[[[135.47,34.664],[135.475,34.664],[135.475,34.668],[135.47,34.668],[135.47,34.664]]]}},{"type":"Feature","properties":{"origin":"namba","minutes":27.4},"geometry":{"type":"Polygon","coordinates":[[[135.47,34.668],[135.475,34.668],[135.475,34.672],[135.47,34.672],[135.47,34.668]]]}},{"type":"Feature","properties":{"origin":"namba","minutes":28.4},"geometry":{"type":"Polygon","coordinates":[[[135.47,34.672000000000004],[135.475,34.672000000000004],[135.475,34.676],[135.47,34.676],[135.47,34.672000000000004]]]}},{"type":"Feature","properties":{"origin":"namba","minutes":29.8},"geometry":{"type":"Polygon","coordinates":[[[135.47,34.676],[135.475,34.676],[135.475,34.68],[135.47,34.68],[135.47,34.676]]]}},{"type":"Feature","properties":{"origin":"namba","minutes":31.6},"geometry":{"type":"Polygon","coordinates":[[[135.47,34.68],[135.475,34.68],[135.475,34.684],[135.47,34.684],[135.47,34.68]]]}},{"type":"Feature","properties":{"origin":"namba","minutes":33.8},"geometry":{"type":"Polygon","coordinates":[[[135.47,34.684000000000005],[135.475,34.684000000000005],[135.475,34.688],[135.47,34.688],[135.47,34.684000000000005]]]}},{"type":"Feature","properties":{"origin":"namba","minutes":36.1},"geometry":{"type":"Polygon","coordinates":[[[135.47,34.688],[135.475,34.688],[135.475,34.692],[135.47,34.692],[135.47,34.688]]]}},{"type":"Feature","properties":{"origin":"namba","minutes":38.7},"geometry":{"type":"Polygon","coordinates":[[[135.47,34.692],[135.475,34.692],[135.475,34.696],[135.47,34.696],[135.47,34.692]]]}},{"type":"Feature","properties":{"origin":"namba","minutes":41.3},"geometry":{"type":"Polygon","coordinates":[[[135.47,34.696000000000005],[135.475,34.696000000000005],[135.475,34.7],[135.47,34.7],[135.47,34.696000000000005]]]}},{"type":"Feature","properties":{"origin":"namba","minutes":44.1},"geometry":{"type":"Polygon","coordinates":[[[135.47,34.7],[135.475,34.7],[135.475,34.704],[135.47,34.704],[135.47,34.7]]]}},{"type":"Feature","properties":{"origin":"namba","minutes":47.0},"geometry":{"type":"Polygon","coordinates":[[[135.47,34.704],[135.475,34.704],[135.475,34.708],[135.47,34.708],[135.47,34.704]]]}},{"type":"Feature","properties":{"origin":"namba","minutes":49.9},"geometry":{"type":"Polygon","coordinates":[[[135.47,34.708000000000006],[135.475,34.708000000000006],[135.475,34.712],[135.47,34.712],[135.47,34.708000000000006]]]}},{"type":"Feature","properties":{"origin":"namba","minutes":52.9},"geometry":{"type":"Polygon","coordinates":[[[135.47,34.712],[135.475,34.712],[135.475,34.716],[135.47,34.716],[135.47,34.712]]]}},{"type":"Feature","properties":{"origin":"namba","minutes":56.0},"geometry":{"type":"Polygon","coordinates":[[[135.47,34.716],[135.475,34.716],[135.475,34.72],[135.47,34.72],[135.47,34.716]]]}},{"type":"Feature","properties":{"origin":"namba","minutes":59.0},"geometry":{"type":"Polygon","coordinates":[[[135.47,34.72],[135.475,34.72],[135.475,34.724],[135.47,34.724],[135.47,34.72]]]}},{"type":"Feature","properties":{"origin":"namba","minutes":59.6},"geometry":{"type":"Polygon","coordinates":[[[135.475,34.604],[135.48,34.604],[135.48,34.608],[135.475,34.608],[135.475,34.604]]]}},{"type":"Feature","properties":{"origin":"namba","minutes":56.4},"geometry":{"type":"Polygon","coordinates":[[[135.475,34.608000000000004],[135.48,34.608000000000004],[135.48,34.612],[135.475,34.612],[135.475,34.608000000000004]]]}},{"type":"Feature","properties":{"origin":"namba","minutes":53.3},"geometry":{"type":"Polygon","coordinates":[[[135.475,34.612],[135.48,34.612],[135.48,34.616],[135.475,34.616],[135.475,34.612]]]}},{"type":"Feature","properties":{"origin":"namba","minutes":50.2},"geometry":{"type":"Polygon","coordinates":[[[135.475,34.616],[135.48,34.616],[135.48,34.62],[135.475,34.62],[135.475,34.616]]]}},{"type":"Feature","properties":{"origin":"namba","minutes":47.1},"geometry":{"type":"Polygon","coordinates":[[[135.475,34.620000000000005],[135.48,34.620000000000005],[135.48,34.624],[135.475,34.624],[135.475,34.620000000000005]]]}},{"type":"Feature","properties":{"origin":"namba","minutes":44.1},"geometry":{"type":"Polygon","coordinates":[[[135.475,34.624],[135.48,34.624],[135.48,34.628],[135.475,34.628],[135.475,34.624]]]}},{"type":"Feature","properties":{"origin":"namba","minutes":41.1},"geometry":{"type":"Polygon","coordinates":[[[135.475,34.628],[135.48,34.628],[135.48,34.632],[135.475,34.632],[135.475,34.628]]]}},{"type":"Feature","properties":{"origin":"namba","minutes":38.2},"geometry":{"type":"Polygon","coordinates":[[[135.475,34.632000000000005],[135.48,34.632000000000005],[135.48,34.636],[135.475,34.636],[135.475,34.632000000000005]]]}},{"type":"Feature","properties":{"origin":"namba","minutes":35.4},"geometry":{"type":"Polygon","coordinates":[[[135.475,34.636],[135.48,34.636],[135.48,34.64],[135.475,34.64],[135.475,34.636]]]}},{"type":"Feature","properties":{"origin":"namba","minutes":32.7},"geometry":{"type":"Polygon","coordinates":[[[135.475,34.64],[135.48,34.64],[135.48,34.644],[135.475,34.644],[135.475,34.64]]]}},{"type":"Feature","properties":{"origin":"namba","minutes":30.3},"geometry":{"type":"Polygon","coordinates":[[[135.475,34.644000000000005],[135.48,34.644000000000005],[135.48,34.648],[135.475,34.648],[135.475,34.644000000000005]]]}},{"type":"Feature","properties":{"origin":"namba","minutes":28.0},"geometry":{"type":"Polygon","coordinates":[[[135.475,34.648],[135.48,34.648],[135.48,34.652],[135.475,34.652],[135.475,34.648]]]}},{"type":"Feature","properties":{"origin":"namba","minutes":26.1},"geometry":{"type":"Polygon","coordinates":[[[135.475,34.652],[135.48,34.652],[135.48,34.656],[135.475,34.656],[135.475,34.652]]]}},{"type":"Feature","properties":{"origin":"namba","minutes":24.7},"geometry":{"type":"Polygon","coordinates":[[[135.475,34.656],[135.48,34.656],[135.48,34.66],[135.475,34.66],[135.475,34.656]]]}},{"type":"Feature","properties":{"origin":"namba","minutes":23.8},"geometry":{"type":"Polygon","coordinates":[[[135.475,34.660000000000004],[135.48,34.660000000000004],[135.48,34.664],[135.475,34.664],[135.475,34.660000000000004]]]}},{"type":"Feature","properties":{"origin":"namba","minutes":23.6},"geometry":{"type":"Polygon","coordinates":[[[135.475,34.664],[135.48,34.664],[135.48,34.668],[135.475,34.668],[135.475,34.664]]]}},{"type":"Feature","properties":{"origin":"namba","minutes":24.1},"geometry":{"type":"Polygon","coordinates":[[[135.475,34.668],[135.48,34.668],[135.48,34.672],[135.475,34.672],[135.475,34.668]]]}},{"type":"Feature","properties":{"origin":"namba","minutes":25.3},"geometry":{"type":"Polygon","coordinates":[[[135.475,34.672000000000004],[135.48,34.672000000000004],[135.48,34.676],[135.475,34.676],[135.475,34.672000000000004]]]}},{"type":"Feature","properties":{"origin":"namba","minutes":26.9},"geometry":{"type":"Polygon","coordinates":[[[135.475,34.676],[135.48,34.676],[135.48,34.68],[135.475,34.68],[135.475,34.676]]]}},{"type":"Feature","properties":{"origin":"namba","minutes":29.0},"geometry":{"type":"Polygon","coordinates":[[[135.475,34.68],[135.48,34.68],[135.48,34.684],[135.475,34.684],[135.475,34.68]]]}},{"type":"Feature","properties":{"origin":"namba","minutes":31.4},"geometry":{"type":"Polygon","coordinates":[[[135.475,34.684000000000005],[135.48,34.684000000000005],[135.48,34.688],[135.475,34.688],[135.475,34.684000000000005]]]}},{"type":"Feature","properties":{"origin":"namba","minutes":33.9},"geometry":{"type":"Polygon","coordinates":[[[135.475,34.688],[135.48,34.688],[135.48,34.692],[135.475,34.692],[135.475,34.688]]]}},{"type":"Feature","properties":{"origin":"namba","minutes":36.7},"geometry":{"type":"Polygon","coordinates":[[[135.475,34.692],[135.48,34.692],[135.48,34.696],[135.475,34.696],[135.475,34.692]]]}},{"type":"Feature","properties":{"origin":"namba","minutes":39.5},"geometry":{"type":"Polygon","coordinates":[[[135.475,34.696000000000005],[135.48,34.696000000000005],[135.48,34.7],[135.475,34.7],[135.475,34.696000000000005]]]}},{"type":"Feature","properties":{"origin":"namba","minutes":42.4},"geometry":{"type":"Polygon","coordinates":[[[135.475,34.7],[135.48,34.7],[135.48,34.704],[135.475,34.704],[135.475,34.7]]]}},{"type":"Feature","properties":{"origin":"namba","minutes":45.4},"geometry":{"type":"Polygon","coordinates":[[[135.475,34.704],[135.48,34.704],[135.48,34.708],[135.475,34.708],[135.475,34.704]]]}},{"type":"Feature","properties":{"origin":"namba","minutes":48.5},"geometry":{"type":"Polygon","coordinates":[[[135.475,34.708000000000006],[135.48,34.708000000000006],[135.48,34.712],[135.475,34.712],[135.475,34.708000000000006]]]}},{"type":"Feature","properties":{"origin":"namba","minutes":51.6},"geometry":{"type":"Polygon","coordinates":[[[135.475,34.712],[135.48,34.712],[135.48,34.716],[135.475,34.716],[135.475,34.712]]]}},{"type":"Feature","properties":{"origin":"namba","minutes":54.7},"geometry":{"type":"Polygon","coordinates":[[[135.475,34.716],[135.48,34.716],[135.48,34.72],[135.475,34.72],[135.475,34.716]]]}},{"type":"Feature","properties":{"origin":"namba","minutes":57.9},"geometry":{"type":"Polygon","coordinates":[[[135.475,34.72],[135.48,34.72],[135.48,34.724],[135.475,34.724],[135.475,34.72]]]}},{"type":"Feature","properties":{"origin":"namba","minutes":58.7},"geometry":{"type":"Polygon","coordinates":[[[135.48,34.604],[135.48499999999999,34.604],[135.48499999999999,34.608],[135.48,34.608],[135.48,34.604]]]}},{"type":"Feature","properties":{"origin":"namba","minutes":55.5},"geometry":{"type":"Polygon","coordinates":[[[135.48,34.608000000000004],[135.48499999999999,34.608000000000004],[135.48499999999999,34.612],[135.48,34.612],[135.48,34.608000000000004]]]}},{"type":"Feature","properties":{"origin":"namba","minutes":52.2},"geometry":{"type":"Polygon","coordinates":[[[135.48,34.612],[135.48499999999999,34.612],[135.48499999999999,34.616],[135.48,34.616],[135.48,34.612]]]}},{"type":"Feature","properties":{"origin":"namba","minutes":49.0},"geometry":{"type":"Polygon","coordinates":[[[135.48,34.616],[135.48499999999999,34.616],[135.48499999999999,34.62],[135.48,34.62],[135.48,34.616]]]}},{"type":"Feature","properties":{"origin":"namba","minutes":45.9},"geometry":{"type":"Polygon","coordinates":[[[135.48,34.620000000000005],[135.48499999999999,34.620000000000005],[135.48499999999999,34.624],[135.48,34.624],[135.48,34.620000000000005]]]}},{"type":"Feature","properties":{"origin":"namba","minutes":42.7},"geometry":{"type":"Polygon","coordinates":[[[135.48,34.624],[135.48499999999999,34.624],[135.48499999999999,34.628],[135.48,34.628],[135.48,34.624]]]}},{"type":"Feature","properties":{"origin":"namba","minutes":39.6},"geometry":{"type":"Polygon","coordinates":[[[135.48,34.628],[135.48499999999999,34.628],[135.48499999999999,34.632],[135.48,34.632],[135.48,34.628]]]}},{"type":"Feature","properties":{"origin":"namba","minutes":36.6},"geometry":{"type":"Polygon","coordinates":[[[135.48,34.632000000000005],[135.48499999999999,34.632000000000005],[135.48499999999999,34.636],[135.48,34.636],[135.48,34.632000000000005]]]}},{"type":"Feature","properties":{"origin":"namba","minutes":33.6},"geometry":{"type":"Polygon","coordinates":[[[135.48,34.636],[135.48499999999999,34.636],[135.48499999999999,34.64],[135.48,34.64],[135.48,34.636]]]}},{"type":"Feature","properties":{"origin":"namba","minutes":30.7},"geometry":{"type":"Polygon","coordinates":[[[135.48,34.64],[135.48499999999999,34.64],[135.48499999999999,34.644],[135.48,34.644],[135.48,34.64]]]}},{"type":"Feature","properties":{"origin":"namba","minutes":28.0},"geometry":{"type":"Polygon","coordinates":[[[135.48,34.644000000000005],[135.48499999999999,34.644000000000005],[135.48499999999999,34.648],[135.48,34.648],[135.48,34.644000000000005]]]}},{"type":"Feature","properties":{"origin":"namba","minutes":25.5},"geometry":{"type":"Polygon","coordinates":[[[135.48,34.648],[135.48499999999999,34.648],[135.48499999999999,34.652],[135.48,34.652],[135.48,34.648]]]}},{"type":"Feature","properties":{"origin":"namba","minutes":23.3},"geometry":{"type":"Polygon","coordinates":[[[135.48,34.652],[135.48499999999999,34.652],[135.48499999999999,34.656],[135.48,34.656],[135.48,34.652]]]}},{"type":"Feature","properties":{"origin":"namba","minutes":21.5},"geometry":{"type":"Polygon","coordinates":[[[135.48,34.656],[135.48499999999999,34.656],[135.48499999999999,34.66],[135.48,34.66],[135.48,34.656]]]}},{"type":"Feature","properties":{"origin":"namba","minutes":20.4},"geometry":{"type":"Polygon","coordinates":[[[135.48,34.660000000000004],[135.48499999999999,34.660000000000004],[135.48499999999999,34.664],[135.48,34.664],[135.48,34.660000000000004]]]}},{"type":"Feature","properties":{"origin":"namba","minutes":20.2},"geometry":{"type":"Polygon","coordinates":[[[135.48,34.664],[135.48499999999999,34.664],[135.48499999999999,34.668],[135.48,34.668],[135.48,34.664]]]}},{"type":"Feature","properties":{"origin":"namba","minutes":20.8},"geometry":{"type":"Polygon","coordinates":[[[135.48,34.668],[135.48499999999999,34.668],[135.48499999999999,34.672],[135.48,34.672],[135.48,34.668]]]}},{"type":"Feature","properties":{"origin":"namba","minutes":22.2},"geometry":{"type":"Polygon","coordinates":[[[135.48,34.672000000000004],[135.48499999999999,34.672000000000004],[135.48499999999999,34.676],[135.48,34.676],[135.48,34.672000000000004]]]}},{"type":"Feature","properties":{"origin":"namba","minutes":24.2},"geometry":{"type":"Polygon","coordinates":[[[135.48,34.676],[135.48499999999999,34.676],[135.48499999999999,34.68],[135.48,34.68],[135.48,34.676]]]}},{"type":"Feature","properties":{"origin":"namba","minutes":26.6},"geometry":{"type":"Polygon","coordinates":[[[135.48,34.68],[135.48499999999999,34.68],[135.48499999999999,34.684],[135.48,34.684],[135.48,34.68]]]}},{"type":"Feature","properties":{"origin":"namba","minutes":29.2},"geometry":{"type":"Polygon","coordinates":[[[135.48,34.684000000000005],[135.48499999999999,34.684000000000005],[135.48499999999999,34.688],[135.48,34.688],[135.48,34.684000000000005]]]}},{"type":"Feature","properties":{"origin":"namba","minutes":32.0},"geometry":{"type":"Polygon","coordinates":[[[135.48,34.688],[135.48499999999999,34.688],[135.48499999999999,34.692],[135.48,34.692],[135.48,34.688]]]}},{"type":"Feature","properties":{"origin":"namba","minutes":35.0},"geometry":{"type":"Polygon","coordinates":[[[135.48,34.692],[135.48499999999999,34.692],[135.48499999999999,34.696],[135.48,34.696],[135.48,34.692]]]}},{"type":"Feature","properties":{"origin":"namba","minutes":38.0},"geometry":{"type":"Polygon","coordinates":[[[135.48,34.696000000000005],[135.48499999999999,34.696000000000005],[135.48499999999999,34.7],[135.48,34.7],[135.48,34.696000000000005]]]}},{"type":"Feature","properties":{"origin":"namba","minutes":41.0},"geometry":{"type":"Polygon","coordinates":[[[135.48,34.7],[135.48499999999999,34.7],[135.48499999999999,34.704],[135.48,34.704],[135.48,34.7]]]}},{"type":"Feature","properties":{"origin":"namba","minutes":44.2},"geometry":{"type":"Polygon","coordinates":[[[135.48,34.704],[135.48499999999999,34.704],[135.48499999999999,34.708],[135.48,34.708],[135.48,34.704]]]}},{"type":"Feature","properties":{"origin":"namba","minutes":47.3},"geometry":{"type":"Polygon","coordinates":[[[135.48,34.708000000000006],[135.48499999999999,34.708000000000006],[135.48499999999999,34.712],[135.48,34.712],[135.48,34.708000000000006]]]}},{"type":"Feature","properties":{"origin":"namba","minutes":50.5},"geometry":{"type":"Polygon","coordinates":[[[135.48,34.712],[135.48499999999999,34.712],[135.48499999999999,34.716],[135.48,34.716],[135.48,34.712]]]}},{"type":"Feature","properties":{"origin":"namba","minutes":53.7},"geometry":{"type":"Polygon","coordinates":[[[135.48,34.716],[135.48499999999999,34.716],[135.48499999999999,34.72],[135.48,34.72],[135.48,34.716]]]}},{"type":"Feature","properties":{"origin":"namba","minutes":56.9},"geometry":{"type":"Polygon","coordinates":[[[135.48,34.72],[135.48499999999999,34.72],[135.48499999999999,34.724],[135.48,34.724],[135.48,34.72]]]}},{"type":"Feature","properties":{"origin":"namba","minutes":58.0},"geometry":{"type":"Polygon","coordinates":[[[135.48499999999999,34.604],[135.48999999999998,34.604],[135.48999999999998,34.608],[135.48499999999999,34.608],[135.48499999999999,34.604]]]}},{"type":"Feature","properties":{"origin":"namba","minutes":54.7},"geometry":{"type":"Polygon","coordinates":[[[135.48499999999999,34.608000000000004],[135.48999999999998,34.608000000000004],[135.48999999999998,34.612],[135.48499999999999,34.612],[135.48499999999999,34.608000000000004]]]}},{"type":"Feature","properties":{"origin":"namba","minutes":51.4},"geometry":{"type":"Polygon","coordinates":[[[135.48499999999999,34.612],[135.48999999999998,34.612],[135.48999999999998,34.616],[135.48499999999999,34.616],[135.48499999999999,34.612]]]}},{"type":"Feature","properties":{"origin":"namba","minutes":48.2},"geometry":{"type":"Polygon","coordinates":[[[135.48499999999999,34.616],[135.48999999999998,34.616],[135.48999999999998,34.62],[135.48499999999999,34.62],[135.48499999999999,34.616]]]}},{"type":"Feature","properties":{"origin":"namba","minutes":44.9},"geometry":{"type":"Polygon","coordinates":[[[135.48499999999999,34.620000000000005],[135.48999999999998,34.620000000000005],[135.48999999999998,34.624],[135.48499999999999,34.624],[135.48499999999999,34.620000000000005]]]}},{"type":"Feature","properties":{"origin":"namba","minutes":41.7},"geometry":{"type":"Polygon","coordinates":[[[135.48499999999999,34.624],[135.48999999999998,34.624],[135.48999999999998,34.628],[135.48499999999999,34.628],[135.48499999999999,34.624]]]}},{"type":"Feature","properties":{"origin":"namba","minutes":38.5},"geometry":{"type":"Polygon","coordinates":[[[135.48499999999999,34.628],[135.48999999999998,34.628],[135.48999999999998,34.632],[135.48499999999999,34.632],[135.48499999999999,34.628]]]}},{"type":"Feature","properties":{"origin":"namba","minutes":35.3},"geometry":{"type":"Polygon","coordinates":[[[135.48499999999999,34.632000000000005],[135.48999999999998,34.632000000000005],[135.48999999999998,34.636],[135.48499999999999,34.636],[135.48499999999999,34.632000000000005]]]}},{"type":"Feature","properties":{"origin":"namba","minutes":32.2},"geometry":{"type":"Polygon","coordinates":[[[135.48499999999999,34.636],[135.48999999999998,34.636],[135.48999999999998,34.64],[135.48499999999999,34.64],[135.48499999999999,34.636]]]}},{"type":"Feature","properties":{"origin":"namba","minutes":29.1},"geometry":{"type":"Polygon","coordinates":[[[135.48499999999999,34.64],[135.48999999999998,34.64],[135.48999999999998,34.644],[135.48499999999999,34.644],[135.48499999999999,34.64]]]}},{"type":"Feature","properties":{"origin":"namba","minutes":26.1},"geometry":{"type":"Polygon","coordinates":[[[135.48499999999999,34.644000000000005],[135.48999999999998,34.644000000000005],[135.48999999999998,34.648],[135.48499999999999,34.648],[135.48499999999999,34.644000000000005]]]}},{"type":"Feature","properties":{"origin":"namba","minutes":23.3},"geometry":{"type":"Polygon","coordinates":[[[135.48499999999999,34.648],[135.48999999999998,34.648],[135.48999999999998,34.652],[135.48499999999999,34.652],[135.48499999999999,34.648]]]}},{"type":"Feature","properties":{"origin":"namba","minutes":20.7},"geometry":{"type":"Polygon","coordinates":[[[135.48499999999999,34.652],[135.48999999999998,34.652],[135.48999999999998,34.656],[135.48499999999999,34.656],[135.48499999999999,34.652]]]}},{"type":"Feature","properties":{"origin":"namba","minutes":18.5},"geometry":{"type":"Polygon","coordinates":[[[135.48499999999999,34.656],[135.48999999999998,34.656],[135.48999999999998,34.66],[135.48499999999999,34.66],[135.48499999999999,34.656]]]}},{"type":"Feature","properties":{"origin":"namba","minutes":17.1},"geometry":{"type":"Polygon","coordinates":[[[135.48499999999999,34.660000000000004],[135.48999999999998,34.660000000000004],[135.48999999999998,34.664],[135.48499999999999,34.664],[135.48499999999999,34.660000000000004]]]}},{"type":"Feature","properties":{"origin":"namba","minutes":16.7},"geometry":{"type":"Polygon","coordinates":[[[135.48499999999999,34.664],[135.48999999999998,34.664],[135.48999999999998,34.668],[135.48499999999999,34.668],[135.48499999999999,34.664]]]}},{"type":"Feature","properties":{"origin":"namba","minutes":17.6},"geometry":{"type":"Polygon","coordinates":[[[135.48499999999999,34.668],[135.48999999999998,34.668],[135.48999999999998,34.672],[135.48499999999999,34.672],[135.48499999999999,34.668]]]}},{"type":"Feature","properties":{"origin":"namba","minutes":19.4},"geometry":{"type":"Polygon","coordinates":[[[135.48499999999999,34.672000000000004],[135.48999999999998,34.672000000000004],[135.48999999999998,34.676],[135.48499999999999,34.676],[135.48499999999999,34.672000000000004]]]}},{"type":"Feature","properties":{"origin":"namba","minutes":21.8},"geometry":{"type":"Polygon","coordinates":[[[135.48499999999999,34.676],[135.48999999999998,34.676],[135.48999999999998,34.68],[135.48499999999999,34.68],[135.48499999999999,34.676]]]}},{"type":"Feature","properties":{"origin":"namba","minutes":24.5},"geometry":{"type":"Polygon","coordinates":[[[135.48499999999999,34.68],[135.48999999999998,34.68],[135.48999999999998,34.684],[135.48499999999999,34.684],[135.48499999999999,34.68]]]}},{"type":"Feature","properties":{"origin":"namba","minutes":27.5},"geometry":{"type":"Polygon","coordinates":[[[135.48499999999999,34.684000000000005],[135.48999999999998,34.684000000000005],[135.48999999999998,34.688],[135.48499999999999,34.688],[135.48499999999999,34.684000000000005]]]}},{"type":"Feature","properties":{"origin":"namba","minutes":30.5},"geometry":{"type":"Polygon","coordinates":[[[135.48499999999999,34.688],[135.48999999999998,34.688],[135.48999999999998,34.692],[135.48499999999999,34.692],[135.48499999999999,34.688]]]}},{"type":"Feature","properties":{"origin":"namba","minutes":33.6},"geometry":{"type":"Polygon","coordinates":[[[135.48499999999999,34.692],[135.48999999999998,34.692],[135.48999999999998,34.696],[135.48499999999999,34.696],[135.48499999999999,34.692]]]}},{"type":"Feature","properties":{"origin":"namba","minutes":36.7},"geometry":{"type":"Polygon","coordinates":[[[135.48499999999999,34.696000000000005],[135.48999999999998,34.696000000000005],[135.48999999999998,34.7],[135.48499999999999,34.7],[135.48499999999999,34.696000000000005]]]}},{"type":"Feature","properties":{"origin":"namba","minutes":39.9},"geometry":{"type":"Polygon","coordinates":[[[135.48499999999999,34.7],[135.48999999999998,34.7],[135.48999999999998,34.704],[135.48499999999999,34.704],[135.48499999999999,34.7]]]}},{"type":"Feature","properties":{"origin":"namba","minutes":43.1},"geometry":{"type":"Polygon","coordinates":[[[135.48499999999999,34.704],[135.48999999999998,34.704],[135.48999999999998,34.708],[135.48499999999999,34.708],[135.48499999999999,34.704]]]}},{"type":"Feature","properties":{"origin":"namba","minutes":46.4},"geometry":{"type":"Polygon","coordinates":[[[135.48499999999999,34.708000000000006],[135.48999999999998,34.708000000000006],[135.48999999999998,34.712],[135.48499999999999,34.712],[135.48499999999999,34.708000000000006]]]}},{"type":"Feature","properties":{"origin":"namba","minutes":49.6},"geometry":{"type":"Polygon","coordinates":[[[135.48499999999999,34.712],[135.48999999999998,34.712],[135.48999999999998,34.716],[135.48499999999999,34.716],[135.48499999999999,34.712]]]}},{"type":"Feature","properties":{"origin":"namba","minutes":52.9},"geometry":{"type":"Polygon","coordinates":[[[135.48499999999999,34.716],[135.48999999999998,34.716],[135.48999999999998,34.72],[135.48499999999999,34.72],[135.48499999999999,34.716]]]}},{"type":"Feature","properties":{"origin":"namba","minutes":56.2},"geometry":{"type":"Polygon","coordinates":[[[135.48499999999999,34.72],[135.48999999999998,34.72],[135.48999999999998,34.724],[135.48499999999999,34.724],[135.48499999999999,34.72]]]}},{"type":"Feature","properties":{"origin":"namba","minutes":59.4},"geometry":{"type":"Polygon","coordinates":[[[135.48499999999999,34.724000000000004],[135.48999999999998,34.724000000000004],[135.48999999999998,34.728],[135.48499999999999,34.728],[135.48499999999999,34.724000000000004]]]}},{"type":"Feature","properties":{"origin":"namba","minutes":57.5},"geometry":{"type":"Polygon","coordinates":[[[135.49,34.604],[135.495,34.604],[135.495,34.608],[135.49,34.608],[135.49,34.604]]]}},{"type":"Feature","properties":{"origin":"namba","minutes":54.2},"geometry":{"type":"Polygon","coordinates":[[[135.49,34.608000000000004],[135.495,34.608000000000004],[135.495,34.612],[135.49,34.612],[135.49,34.608000000000004]]]}},{"type":"Feature","properties":{"origin":"namba","minutes":50.9},"geometry":{"type":"Polygon","coordinates":[[[135.49,34.612],[135.495,34.612],[135.495,34.616],[135.49,34.616],[135.49,34.612]]]}},{"type":"Feature","properties":{"origin":"namba","minutes":47.6},"geometry":{"type":"Polygon","coordinates":[[[135.49,34.616],[135.495,34.616],[135.495,34.62],[135.49,34.62],[135.49,34.616]]]}},{"type":"Feature","properties":{"origin":"namba","minutes":44.3},"geometry":{"type":"Polygon","coordinates":[[[135.49,34.620000000000005],[135.495,34.620000000000005],[135.495,34.624],[135.49,34.624],[135.49,34.620000000000005]]]}},{"type":"Feature","properties":{"origin":"namba","minutes":41.0},"geometry":{"type":"Polygon","coordinates":[[[135.49,34.624],[135.495,34.624],[135.495,34.628],[135.49,34.628],[135.49,34.624]]]}},{"type":"Feature","properties":{"origin":"namba","minutes":37.7},"geometry":{"type":"Polygon","coordinates":[[[135.49,34.628],[135.495,34.628],[135.495,34.632],[135.49,34.632],[135.49,34.628]]]}},{"type":"Feature","properties":{"origin":"namba","minutes":34.4},"geometry":{"type":"Polygon","coordinates":[[[135.49,34.632000000000005],[135.495,34.632000000000005],[135.495,34.636],[135.49,34.636],[135.49,34.632000000000005]]]}},{"type":"Feature","properties":{"origin":"namba","minutes":31.2},"geometry":{"type":"Polygon","coordinates":[[[135.49,34.636],[135.495,34.636],[135.495,34.64],[135.49,34.64],[135.49,34.636]]]}},{"type":"Feature","properties":{"origin":"namba","minutes":27.9},"geometry":{"type":"Polygon","coordinates":[[[135.49,34.64],[135.495,34.64],[135.495,34.644],[135.49,34.644],[135.49,34.64]]]}},{"type":"Feature","properties":{"origin":"namba","minutes":24.8},"geometry":{"type":"Polygon","coordinates":[[[135.49,34.644000000000005],[135.495,34.644000000000005],[135.495,34.648],[135.49,34.648],[135.49,34.644000000000005]]]}},{"type":"Feature","properties":{"origin":"namba","minutes":21.6},"geometry":{"type":"Polygon","coordinates":[[[135.49,34.648],[135.495,34.648],[135.495,34.652],[135.49,34.652],[135.49,34.648]]]}},{"type":"Feature","properties":{"origin":"namba","minutes":18.6},"geometry":{"type":"Polygon","coordinates":[[[135.49,34.652],[135.495,34.652],[135.495,34.656],[135.49,34.656],[135.49,34.652]]]}},{"type":"Feature","properties":{"origin":"namba","minutes":15.9},"geometry":{"type":"Polygon","coordinates":[[[135.49,34.656],[135.495,34.656],[135.495,34.66],[135.49,34.66],[135.49,34.656]]]}},{"type":"Feature","properties":{"origin":"namba","minutes":13.9},"geometry":{"type":"Polygon","coordinates":[[[135.49,34.660000000000004],[135.495,34.660000000000004],[135.495,34.664],[135.49,34.664],[135.49,34.660000000000004]]]}},{"type":"Feature","properties":{"origin":"namba","minutes":13.3},"geometry":{"type":"Polygon","coordinates":[[[135.49,34.664],[135.495,34.664],[135.495,34.668],[135.49,34.668],[135.49,34.664]]]}},{"type":"Feature","properties":{"origin":"namba","minutes":14.7},"geometry":{"type":"Polygon","coordinates":[[[135.49,34.668],[135.495,34.668],[135.495,34.672],[135.49,34.672],[135.49,34.668]]]}},{"type":"Feature","properties":{"origin":"namba","minutes":17.1},"geometry":{"type":"Polygon","coordinates":[[[135.49,34.672000000000004],[135.495,34.672000000000004],[135.495,34.676],[135.49,34.676],[135.49,34.672000000000004]]]}},{"type":"Feature","properties":{"origin":"namba","minutes":20.0},"geometry":{"type":"Polygon","coordinates":[[[135.49,34.676],[135.495,34.676],[135.495,34.68],[135.49,34.68],[135.49,34.676]]]}},{"type":"Feature","properties":{"origin":"namba","minutes":23.0},"geometry":{"type":"Polygon","coordinates":[[[135.49,34.68],[135.495,34.68],[135.495,34.684],[135.49,34.684],[135.49,34.68]]]}},{"type":"Feature","properties":{"origin":"namba","minutes":26.2},"geometry":{"type":"Polygon","coordinates":[[[135.49,34.684000000000005],[135.495,34.684000000000005],[135.495,34.688],[135.49,34.688],[135.49,34.684000000000005]]]}},{"type":"Feature","properties":{"origin":"namba","minutes":29.4},"geometry":{"type":"Polygon","coordinates":[[[135.49,34.688],[135.495,34.688],[135.495,34.692],[135.49,34.692],[135.49,34.688]]]}},{"type":"Feature","properties":{"origin":"namba","minutes":32.6},"geometry":{"type":"Polygon","coordinates":[[[135.49,34.692],[135.495,34.692],[135.495,34.696],[135.49,34.696],[135.49,34.692]]]}},{"type":"Feature","properties":{"origin":"namba","minutes":35.9},"geometry":{"type":"Polygon","coordinates":[[[135.49,34.696000000000005],[135.495,34.696000000000005],[135.495,34.7],[135.49,34.7],[135.49,34.696000000000005]]]}},{"type":"Feature","properties":{"origin":"namba","minutes":39.2},"geometry":{"type":"Polygon","coordinates":[[[135.49,34.7],[135.495,34.7],[135.495,34.704],[135.49,34.704],[135.49,34.7]]]}},{"type":"Feature","properties":{"origin":"namba","minutes":42.5},"geometry":{"type":"Polygon","coordinates":[[[135.49,34.704],[135.495,34.704],[135.495,34.708],[135.49,34.708],[135.49,34.704]]]}},{"type":"Feature","properties":{"origin":"namba","minutes":45.8},"geometry":{"type":"Polygon","coordinates":[[[135.49,34.708000000000006],[135.495,34.708000000000006],[135.495,34.712],[135.49,34.712],[135.49,34.708000000000006]]]}},{"type":"Feature","properties":{"origin":"namba","minutes":49.1},"geometry":{"type":"Polygon","coordinates":[[[135.49,34.712],[135.495,34.712],[135.495,34.716],[135.49,34.716],[135.49,34.712]]]}},{"type":"Feature","properties":{"origin":"namba","minutes":52.4},"geometry":{"type":"Polygon","coordinates":[[[135.49,34.716],[135.495,34.716],[135.495,34.72],[135.49,34.72],[135.49,34.716]]]}},{"type":"Feature","properties":{"origin":"namba","minutes":55.7},"geometry":{"type":"Polygon","coordinates":[[[135.49,34.72],[135.495,34.72],[135.495,34.724],[135.49,34.724],[135.49,34.72]]]}},{"type":"Feature","properties":{"origin":"namba","minutes":59.0},"geometry":{"type":"Polygon","coordinates":[[[135.49,34.724000000000004],[135.495,34.724000000000004],[135.495,34.728],[135.49,34.728],[135.49,34.724000000000004]]]}},{"type":"Feature","properties":{"origin":"namba","minutes":57.2},"geometry":{"type":"Polygon","coordinates":[[[135.495,34.604],[135.5,34.604],[135.5,34.608],[135.495,34.608],[135.495,34.604]]]}},{"type":"Feature","properties":{"origin":"namba","minutes":53.9},"geometry":{"type":"Polygon","coordinates":[[[135.495,34.608000000000004],[135.5,34.608000000000004],[135.5,34.612],[135.495,34.612],[135.495,34.608000000000004]]]}},{"type":"Feature","properties":{"origin":"namba","minutes":50.6},"geometry":{"type":"Polygon","coordinates":[[[135.495,34.612],[135.5,34.612],[135.5,34.616],[135.495,34.616],[135.495,34.612]]]}},{"type":"Feature","properties":{"origin":"namba","minutes":47.3},"geometry":{"type":"Polygon","coordinates":[[[135.495,34.616],[135.5,34.616],[135.5,34.62],[135.495,34.62],[135.495,34.616]]]}},{"type":"Feature","properties":{"origin":"namba","minutes":43.9},"geometry":{"type":"Polygon","coordinates":[[[135.495,34.620000000000005],[135.5,34.620000000000005],[135.5,34.624],[135.495,34.624],[135.495,34.620000000000005]]]}},{"type":"Feature","properties":{"origin":"namba","minutes":40.6},"geometry":{"type":"Polygon","coordinates":[[[135.495,34.624],[135.5,34.624],[135.5,34.628],[135.495,34.628],[135.495,34.624]]]}},{"type":"Feature","properties":{"origin":"namba","minutes":37.3},"geometry":{"type":"Polygon","coordinates":[[[135.495,34.628],[135.5,34.628],[135.5,34.632],[135.495,34.632],[135.495,34.628]]]}},{"type":"Feature","properties":{"origin":"namba","minutes":34.0},"geometry":{"type":"Polygon","coordinates":[[[135.495,34.632000000000005],[135.5,34.632000000000005],[135.5,34.636],[135.495,34.636],[135.495,34.632000000000005]]]}},{"type":"Feature","properties":{"origin":"namba","minutes":30.6},"geometry":{"type":"Polygon","coordinates":[[[135.495,34.636],[135.5,34.636],[135.5,34.64],[135.495,34.64],[135.495,34.636]]]}},{"type":"Feature","properties":{"origin":"namba","minutes":27.3},"geometry":{"type":"Polygon","coordinates":[[[135.495,34.64],[135.5,34.64],[135.5,34.644],[135.495,34.644],[135.495,34.64]]]}},{"type":"Feature","properties":{"origin":"namba","minutes":24.0},"geometry":{"type":"Polygon","coordinates":[[[135.495,34.644000000000005],[135.5,34.644000000000005],[135.5,34.648],[135.495,34.648],[135.495,34.644000000000005]]]}},{"type":"Feature","properties":{"origin":"namba","minutes":20.7},"geometry":{"type":"Polygon","coordinates":[[[135.495,34.648],[135.5,34.648],[135.5,34.652],[135.495,34.652],[135.495,34.648]]]}},{"type":"Feature","properties":{"origin":"namba","minutes":17.4},"geometry":{"type":"Polygon","coordinates":[[[135.495,34.652],[135.5,34.652],[135.5,34.656],[135.495,34.656],[135.495,34.652]]]}},{"type":"Feature","properties":{"origin":"namba","minutes":14.2},"geometry":{"type":"Polygon","coordinates":[[[135.495,34.656],[135.5,34.656],[135.5,34.66],[135.495,34.66],[135.495,34.656]]]}},{"type":"Feature","properties":{"origin":"namba","minutes":11.2},"geometry":{"type":"Polygon","coordinates":[[[135.495,34.660000000000004],[135.5,34.660000000000004],[135.5,34.664],[135.495,34.664],[135.495,34.660000000000004]]]}},{"type":"Feature","properties":{"origin":"namba","minutes":10.0},"geometry":{"type":"Polygon","coordinates":[[[135.495,34.664],[135.5,34.664],[135.5,34.668],[135.495,34.668],[135.495,34.664]]]}},{"type":"Feature","properties":{"origin":"namba","minutes":12.5},"geometry":{"type":"Polygon","coordinates":[[[135.495,34.668],[135.5,34.668],[135.5,34.672],[135.495,34.672],[135.495,34.668]]]}},{"type":"Feature","properties":{"origin":"namba","minutes":15.6},"geometry":{"type":"Polygon","coordinates":[[[135.495,34.672000000000004],[135.5,34.672000000000004],[135.5,34.676],[135.495,34.676],[135.495,34.672000000000004]]]}},{"type":"Feature","properties":{"origin":"namba","minutes":18.9},"geometry":{"type":"Polygon","coordinates":[[[135.495,34.676],[135.5,34.676],[135.5,34.68],[135.495,34.68],[135.495,34.676]]]}},{"type":"Feature","properties":{"origin":"namba","minutes":22.2},"geometry":{"type":"Polygon","coordinates":[[[135.495,34.68],[135.5,34.68],[135.5,34.684],[135.495,34.684],[135.495,34.68]]]}},{"type":"Feature","properties":{"origin":"namba","minutes":25.5},"geometry":{"type":"Polygon","coordinates":[[[135.495,34.684000000000005],[135.5,34.684000000000005],[135.5,34.688],[135.495,34.688],[135.495,34.684000000000005]]]}},{"type":"Feature","properties":{"origin":"namba","minutes":28.8},"geometry":{"type":"Polygon","coordinates":[[[135.495,34.688],[135.5,34.688],[135.5,34.692],[135.495,34.692],[135.495,34.688]]]}},{"type":"Feature","properties":{"origin":"namba","minutes":32.1},"geometry":{"type":"Polygon","coordinates":[[[135.495,34.692],[135.5,34.692],[135.5,34.696],[135.495,34.696],[135.495,34.692]]]}},{"type":"Feature","properties":{"origin":"namba","minutes":35.5},"geometry":{"type":"Polygon","coordinates":[[[135.495,34.696000000000005],[135.5,34.696000000000005],[135.5,34.7],[135.495,34.7],[135.495,34.696000000000005]]]}},{"type":"Feature","properties":{"origin":"namba","minutes":38.8},"geometry":{"type":"Polygon","coordinates":[[[135.495,34.7],[135.5,34.7],[135.5,34.704],[135.495,34.704],[135.495,34.7]]]}},{"type":"Feature","properties":{"origin":"namba","minutes":42.1},"geometry":{"type":"Polygon","coordinates":[[[135.495,34.704],[135.5,34.704],[135.5,34.708],[135.495,34.708],[135.495,34.704]]]}},{"type":"Feature","properties":{"origin":"namba","minutes":45.4},"geometry":{"type":"Polygon","coordinates":[[[135.495,34.708000000000006],[135.5,34.708000000000006],[135.5,34.712],[135.495,34.712],[135.495,34.708000000000006]]]}},{"type":"Feature","properties":{"origin":"namba","minutes":48.8},"geometry":{"type":"Polygon","coordinates":[[[135.495,34.712],[135.5,34.712],[135.5,34.716],[135.495,34.716],[135.495,34.712]]]}},{"type":"Feature","properties":{"origin":"namba","minutes":52.1},"geometry":{"type":"Polygon","coordinates":[[[135.495,34.716],[135.5,34.716],[135.5,34.72],[135.495,34.72],[135.495,34.716]]]}},{"type":"Feature","properties":{"origin":"namba","minutes":55.4},"geometry":{"type":"Polygon","coordinates":[[[135.495,34.72],[135.5,34.72],[135.5,34.724],[135.495,34.724],[135.495,34.72]]]}},{"type":"Feature","properties":{"origin":"namba","minutes":58.7},"geometry":{"type":"Polygon","coordinates":[[[135.495,34.724000000000004],[135.5,34.724000000000004],[135.5,34.728],[135.495,34.728],[135.495,34.724000000000004]]]}},{"type":"Feature","properties":{"origin":"namba","minutes":57.2},"geometry":{"type":"Polygon","coordinates":[[[135.5,34.604],[135.505,34.604],[135.505,34.608],[135.5,34.608],[135.5,34.604]]]}},{"type":"Feature","properties":{"origin":"namba","minutes":53.9},"geometry":{"type":"Polygon","coordinates":[[[135.5,34.608000000000004],[135.505,34.608000000000004],[135.505,34.612],[135.5,34.612],[135.5,34.608000000000004]]]}},{"type":"Feature","properties":{"origin":"namba","minutes":50.6},"geometry":{"type":"Polygon","coordinates":[[[135.5,34.612],[135.505,34.612],[135.505,34.616],[135.5,34.616],[135.5,34.612]]]}},{"type":"Feature","properties":{"origin":"namba","minutes":47.2},"geometry":{"type":"Polygon","coordinates":[[[135.5,34.616],[135.505,34.616],[135.505,34.62],[135.5,34.62],[135.5,34.616]]]}},{"type":"Feature","properties":{"origin":"namba","minutes":43.9},"geometry":{"type":"Polygon","coordinates":[[[135.5,34.620000000000005],[135.505,34.620000000000005],[135.505,34.624],[135.5,34.624],[135.5,34.620000000000005]]]}},{"type":"Feature","properties":{"origin":"namba","minutes":40.6},"geometry":{"type":"Polygon","coordinates":[[[135.5,34.624],[135.505,34.624],[135.505,34.628],[135.5,34.628],[135.5,34.624]]]}},{"type":"Feature","properties":{"origin":"namba","minutes":37.3},"geometry":{"type":"Polygon","coordinates":[[[135.5,34.628],[135.505,34.628],[135.505,34.632],[135.5,34.632],[135.5,34.628]]]}},{"type":"Feature","properties":{"origin":"namba","minutes":33.9},"geometry":{"type":"Polygon","coordinates":[[[135.5,34.632000000000005],[135.505,34.632000000000005],[135.505,34.636],[135.5,34.636],[135.5,34.632000000000005]]]}},{"type":"Feature","properties":{"origin":"namba","minutes":30.6},"geometry":{"type":"Polygon","coordinates":[[[135.5,34.636],[135.505,34.636],[135.505,34.64],[135.5,34.64],[135.5,34.636]]]}},{"type":"Feature","properties":{"origin":"namba","minutes":27.3},"geometry":{"type":"Polygon","coordinates":[[[135.5,34.64],[135.505,34.64],[135.505,34.644],[135.5,34.644],[135.5,34.64]]]}},{"type":"Feature","properties":{"origin":"namba","minutes":24.0},"geometry":{"type":"Polygon","coordinates":[[[135.5,34.644000000000005],[135.505,34.644000000000005],[135.505,34.648],[135.5,34.648],[135.5,34.644000000000005]]]}},{"type":"Feature","properties":{"origin":"namba","minutes":20.7},"geometry":{"type":"Polygon","coordinates":[[[135.5,34.648],[135.505,34.648],[135.505,34.652],[135.5,34.652],[135.5,34.648]]]}},{"type":"Feature","properties":{"origin":"namba","minutes":17.4},"geometry":{"type":"Polygon","coordinates":[[[135.5,34.652],[135.505,34.652],[135.505,34.656],[135.5,34.656],[135.5,34.652]]]}},{"type":"Feature","properties":{"origin":"namba","minutes":14.1},"geometry":{"type":"Polygon","coordinates":[[[135.5,34.656],[135.505,34.656],[135.505,34.66],[135.5,34.66],[135.5,34.656]]]}},{"type":"Feature","properties":{"origin":"namba","minutes":11.0},"geometry":{"type":"Polygon","coordinates":[[[135.5,34.660000000000004],[135.505,34.660000000000004],[135.505,34.664],[135.5,34.664],[135.5,34.660000000000004]]]}},{"type":"Feature","properties":{"origin":"namba","minutes":9.7},"geometry":{"type":"Polygon","coordinates":[[[135.5,34.664],[135.505,34.664],[135.505,34.668],[135.5,34.668],[135.5,34.664]]]}},{"type":"Feature","properties":{"origin":"namba","minutes":12.4},"geometry":{"type":"Polygon","coordinates":[[[135.5,34.668],[135.505,34.668],[135.505,34.672],[135.5,34.672],[135.5,34.668]]]}},{"type":"Feature","properties":{"origin":"namba","minutes":15.6},"geometry":{"type":"Polygon","coordinates":[[[135.5,34.672000000000004],[135.505,34.672000000000004],[135.505,34.676],[135.5,34.676],[135.5,34.672000000000004]]]}},{"type":"Feature","properties":{"origin":"namba","minutes":18.9},"geometry":{"type":"Polygon","coordinates":[[[135.5,34.676],[135.505,34.676],[135.505,34.68],[135.5,34.68],[135.5,34.676]]]}},{"type":"Feature","properties":{"origin":"namba","minutes":22.2},"geometry":{"type":"Polygon","coordinates":[[[135.5,34.68],[135.505,34.68],[135.505,34.684],[135.5,34.684],[135.5,34.68]]]}},{"type":"Feature","properties":{"origin":"namba","minutes":25.5},"geometry":{"type":"Polygon","coordinates":[[[135.5,34.684000000000005],[135.505,34.684000000000005],[135.505,34.688],[135.5,34.688],[135.5,34.684000000000005]]]}},{"type":"Feature","properties":{"origin":"namba","minutes":28.8},"geometry":{"type":"Polygon","coordinates":[[[135.5,34.688],[135.505,34.688],[135.505,34.692],[135.5,34.692],[135.5,34.688]]]}},{"type":"Feature","properties":{"origin":"namba","minutes":32.1},"geometry":{"type":"Polygon","coordinates":[[[135.5,34.692],[135.505,34.692],[135.505,34.696],[135.5,34.696],[135.5,34.692]]]}},{"type":"Feature","properties":{"origin":"namba","minutes":35.4},"geometry":{"type":"Polygon","coordinates":[[[135.5,34.696000000000005],[135.505,34.696000000000005],[135.505,34.7],[135.5,34.7],[135.5,34.696000000000005]]]}},{"type":"Feature","properties":{"origin":"namba","minutes":38.8},"geometry":{"type":"Polygon","coordinates":[[[135.5,34.7],[135.505,34.7],[135.505,34.704],[135.5,34.704],[135.5,34.7]]]}},{"type":"Feature","properties":{"origin":"namba","minutes":42.1},"geometry":{"type":"Polygon","coordinates":[[[135.5,34.704],[135.505,34.704],[135.505,34.708],[135.5,34.708],[135.5,34.704]]]}},{"type":"Feature","properties":{"origin":"namba","minutes":45.4},"geometry":{"type":"Polygon","coordinates":[[[135.5,34.708000000000006],[135.505,34.708000000000006],[135.505,34.712],[135.5,34.712],[135.5,34.708000000000006]]]}},{"type":"Feature","properties":{"origin":"namba","minutes":48.7},"geometry":{"type":"Polygon","coordinates":[[[135.5,34.712],[135.505,34.712],[135.505,34.716],[135.5,34.716],[135.5,34.712]]]}},{"type":"Feature","properties":{"origin":"namba","minutes":52.1},"geometry":{"type":"Polygon","coordinates":[[[135.5,34.716],[135.505,34.716],[135.505,34.72],[135.5,34.72],[135.5,34.716]]]}},{"type":"Feature","properties":{"origin":"namba","minutes":55.4},"geometry":{"type":"Polygon","coordinates":[[[135.5,34.72],[135.505,34.72],[135.505,34.724],[135.5,34.724],[135.5,34.72]]]}},{"type":"Feature","properties":{"origin":"namba","minutes":58.7},"geometry":{"type":"Polygon","coordinates":[[[135.5,34.724000000000004],[135.505,34.724000000000004],[135.505,34.728],[135.5,34.728],[135.5,34.724000000000004]]]}},{"type":"Feature","properties":{"origin":"namba","minutes":57.5},"geometry":{"type":"Polygon","coordinates":[[[135.505,34.604],[135.51,34.604],[135.51,34.608],[135.505,34.608],[135.505,34.604]]]}},{"type":"Feature","properties":{"origin":"namba","minutes":54.1},"geometry":{"type":"Polygon","coordinates":[[[135.505,34.608000000000004],[135.51,34.608000000000004],[135.51,34.612],[135.505,34.612],[135.505,34.608000000000004]]]}},{"type":"Feature","properties":{"origin":"namba","minutes":50.8},"geometry":{"type":"Polygon","coordinates":[[[135.505,34.612],[135.51,34.612],[135.51,34.616],[135.505,34.616],[135.505,34.612]]]}},{"type":"Feature","properties":{"origin":"namba","minutes":47.5},"geometry":{"type":"Polygon","coordinates":[[[135.505,34.616],[135.51,34.616],[135.51,34.62],[135.505,34.62],[135.505,34.616]]]}},{"type":"Feature","properties":{"origin":"namba","minutes":44.2},"geometry":{"type":"Polygon","coordinates":[[[135.505,34.620000000000005],[135.51,34.620000000000005],[135.51,34.624],[135.505,34.624],[135.505,34.620000000000005]]]}},{"type":"Feature","properties":{"origin":"namba","minutes":40.9},"geometry":{"type":"Polygon","coordinates":[[[135.505,34.624],[135.51,34.624],[135.51,34.628],[135.505,34.628],[135.505,34.624]]]}},{"type":"Feature","properties":{"origin":"namba","minutes":37.6},"geometry":{"type":"Polygon","coordinates":[[[135.505,34.628],[135.51,34.628],[135.51,34.632],[135.505,34.632],[135.505,34.628]]]}},{"type":"Feature","properties":{"origin":"namba","minutes":34.4},"geometry":{"type":"Polygon","coordinates":[[[135.505,34.632000000000005],[135.51,34.632000000000005],[135.51,34.636],[135.505,34.636],[135.505,34.632000000000005]]]}},{"type":"Feature","properties":{"origin":"namba","minutes":31.1},"geometry":{"type":"Polygon","coordinates":[[[135.505,34.636],[135.51,34.636],[135.51,34.64],[135.505,34.64],[135.505,34.636]]]}},{"type":"Feature","properties":{"origin":"namba","minutes":27.9},"geometry":{"type":"Polygon","coordinates":[[[135.505,34.64],[135.51,34.64],[135.51,34.644],[135.505,34.644],[135.505,34.64]]]}},{"type":"Feature","properties":{"origin":"namba","minutes":24.7},"geometry":{"type":"Polygon","coordinates":[[[135.505,34.644000000000005],[135.51,34.644000000000005],[135.51,34.648],[135.505,34.648],[135.505,34.644000000000005]]]}},{"type":"Feature","properties":{"origin":"namba","minutes":21.5},"geometry":{"type":"Polygon","coordinates":[[[135.505,34.648],[135.51,34.648],[135.51,34.652],[135.505,34.652],[135.505,34.648]]]}},{"type":"Feature","properties":{"origin":"namba","minutes":18.5},"geometry":{"type":"Polygon","coordinates":[[[135.505,34.652],[135.51,34.652],[135.51,34.656],[135.505,34.656],[135.505,34.652]]]}},{"type":"Feature","properties":{"origin":"namba","minutes":15.7},"geometry":{"type":"Polygon","coordinates":[[[135.505,34.656],[135.51,34.656],[135.51,34.66],[135.505,34.66],[135.505,34.656]]]}},{"type":"Feature","properties":{"origin":"namba","minutes":13.6},"geometry":{"type":"Polygon","coordinates":[[[135.505,34.660000000000004],[135.51,34.660000000000004],[135.51,34.664],[135.505,34.664],[135.505,34.660000000000004]]]}},{"type":"Feature","properties":{"origin":"namba","minutes":13.1},"geometry":{"type":"Polygon","coordinates":[[[135.505,34.664],[135.51,34.664],[135.51,34.668],[135.505,34.668],[135.505,34.664]]]}},{"type":"Feature","properties":{"origin":"namba","minutes":14.5},"geometry":{"type":"Polygon","coordinates":[[[135.505,34.668],[135.51,34.668],[135.51,34.672],[135.505,34.672],[135.505,34.668]]]}},{"type":"Feature","properties":{"origin":"namba","minutes":16.9},"geometry":{"type":"Polygon","coordinates":[[[135.505,34.672000000000004],[135.51,34.672000000000004],[135.51,34.676],[135.505,34.676],[135.505,34.672000000000004]]]}},{"type":"Feature","properties":{"origin":"namba","minutes":19.9},"geometry":{"type":"Polygon","coordinates":[[[135.505,34.676],[135.51,34.676],[135.51,34.68],[135.505,34.68],[135.505,34.676]]]}},{"type":"Feature","properties":{"origin":"namba","minutes":22.9},"geometry":{"type":"Polygon","coordinates":[[[135.505,34.68],[135.51,34.68],[135.51,34.684],[135.505,34.684],[135.505,34.68]]]}},{"type":"Feature","properties":{"origin":"namba","minutes":26.1},"geometry":{"type":"Polygon","coordinates":[[[135.505,34.684000000000005],[135.51,34.684000000000005],[135.51,34.688],[135.505,34.688],[135.505,34.684000000000005]]]}},{"type":"Feature","properties":{"origin":"namba","minutes":29.3},"geometry":{"type":"Polygon","coordinates":[[[135.505,34.688],[135.51,34.688],[135.51,34.692],[135.505,34.692],[135.505,34.688]]]}},{"type":"Feature","properties":{"origin":"namba","minutes":32.6},"geometry":{"type":"Polygon","coordinates":[[[135.505,34.692],[135.51,34.692],[135.51,34.696],[135.505,34.696],[135.505,34.692]]]}},{"type":"Feature","properties":{"origin":"namba","minutes":35.8},"geometry":{"type":"Polygon","coordinates":[[[135.505,34.696000000000005],[135.51,34.696000000000005],[135.51,34.7],[135.505,34.7],[135.505,34.696000000000005]]]}},{"type":"Feature","properties":{"origin":"namba","minutes":39.1},"geometry":{"type":"Polygon","coordinates":[[[135.505,34.7],[135.51,34.7],[135.51,34.704],[135.505,34.704],[135.505,34.7]]]}},{"type":"Feature","properties":{"origin":"namba","minutes":42.4},"geometry":{"type":"Polygon","coordinates":[[[135.505,34.704],[135.51,34.704],[135.51,34.708],[135.505,34.708],[135.505,34.704]]]}},{"type":"Feature","properties":{"origin":"namba","minutes":45.7},"geometry":{"type":"Polygon","coordinates":[[[135.505,34.708000000000006],[135.51,34.708000000000006],[135.51,34.712],[135.505,34.712],[135.505,34.708000000000006]]]}},{"type":"Feature","properties":{"origin":"namba","minutes":49.0},"geometry":{"type":"Polygon","coordinates":[[[135.505,34.712],[135.51,34.712],[135.51,34.716],[135.505,34.716],[135.505,34.712]]]}},{"type":"Feature","properties":{"origin":"namba","minutes":52.3},"geometry":{"type":"Polygon","coordinates":[[[135.505,34.716],[135.51,34.716],[135.51,34.72],[135.505,34.72],[135.505,34.716]]]}},{"type":"Feature","properties":{"origin":"namba","minutes":55.6},"geometry":{"type":"Polygon","coordinates":[[[135.505,34.72],[135.51,34.72],[135.51,34.724],[135.505,34.724],[135.505,34.72]]]}},{"type":"Feature","properties":{"origin":"namba","minutes":58.9},"geometry":{"type":"Polygon","coordinates":[[[135.505,34.724000000000004],[135.51,34.724000000000004],[135.51,34.728],[135.505,34.728],[135.505,34.724000000000004]]]}},{"type":"Feature","properties":{"origin":"namba","minutes":57.9},"geometry":{"type":"Polygon","coordinates":[[[135.51,34.604],[135.515,34.604],[135.515,34.608],[135.51,34.608],[135.51,34.604]]]}},{"type":"Feature","properties":{"origin":"namba","minutes":54.6},"geometry":{"type":"Polygon","coordinates":[[[135.51,34.608000000000004],[135.515,34.608000000000004],[135.515,34.612],[135.51,34.612],[135.51,34.608000000000004]]]}},{"type":"Feature","properties":{"origin":"namba","minutes":51.4},"geometry":{"type":"Polygon","coordinates":[[[135.51,34.612],[135.515,34.612],[135.515,34.616],[135.51,34.616],[135.51,34.612]]]}},{"type":"Feature","properties":{"origin":"namba","minutes":48.1},"geometry":{"type":"Polygon","coordinates":[[[135.51,34.616],[135.515,34.616],[135.515,34.62],[135.51,34.62],[135.51,34.616]]]}},{"type":"Feature","properties":{"origin":"namba","minutes":44.9},"geometry":{"type":"Polygon","coordinates":[[[135.51,34.620000000000005],[135.515,34.620000000000005],[135.515,34.624],[135.51,34.624],[135.51,34.620000000000005]]]}},{"type":"Feature","properties":{"origin":"namba","minutes":41.6},"geometry":{"type":"Polygon","coordinates":[[[135.51,34.624],[135.515,34.624],[135.515,34.628],[135.51,34.628],[135.51,34.624]]]}},{"type":"Feature","properties":{"origin":"namba","minutes":38.4},"geometry":{"type":"Polygon","coordinates":[[[135.51,34.628],[135.515,34.628],[135.515,34.632],[135.51,34.632],[135.51,34.628]]]}},{"type":"Feature","properties":{"origin":"namba","minutes":35.2},"geometry":{"type":"Polygon","coordinates":[[[135.51,34.632000000000005],[135.515,34.632000000000005],[135.515,34.636],[135.51,34.636],[135.51,34.632000000000005]]]}},{"type":"Feature","properties":{"origin":"namba","minutes":32.1},"geometry":{"type":"Polygon","coordinates":[[[135.51,34.636],[135.515,34.636],[135.515,34.64],[135.51,34.64],[135.51,34.636]]]}},{"type":"Feature","properties":{"origin":"namba","minutes":29.0},"geometry":{"type":"Polygon","coordinates":[[[135.51,34.64],[135.515,34.64],[135.515,34.644],[135.51,34.644],[135.51,34.64]]]}},{"type":"Feature","properties":{"origin":"namba","minutes":26.0},"geometry":{"type":"Polygon","coordinates":[[[135.51,34.644000000000005],[135.515,34.644000000000005],[135.515,34.648],[135.51,34.648],[135.51,34.644000000000005]]]}},{"type":"Feature","properties":{"origin":"namba","minutes":23.1},"geometry":{"type":"Polygon","coordinates":[[[135.51,34.648],[135.515,34.648],[135.515,34.652],[135.51,34.652],[135.51,34.648]]]}},{"type":"Feature","properties":{"origin":"namba","minutes":20.5},"geometry":{"type":"Polygon","coordinates":[[[135.51,34.652],[135.515,34.652],[135.515,34.656],[135.51,34.656],[135.51,34.652]]]}},{"type":"Feature","properties":{"origin":"namba","minutes":18.3},"geometry":{"type":"Polygon","coordinates":[[[135.51,34.656],[135.515,34.656],[135.515,34.66],[135.51,34.66],[135.51,34.656]]]}},{"type":"Feature","properties":{"origin":"namba","minutes":16.8},"geometry":{"type":"Polygon","coordinates":[[[135.51,34.660000000000004],[135.515,34.660000000000004],[135.515,34.664],[135.51,34.664],[135.51,34.660000000000004]]]}},{"type":"Feature","properties":{"origin":"namba","minutes":16.5},"geometry":{"type":"Polygon","coordinates":[[[135.51,34.664],[135.515,34.664],[135.515,34.668],[135.51,34.668],[135.51,34.664]]]}},{"type":"Feature","properties":{"origin":"namba","minutes":17.4},"geometry":{"type":"Polygon","coordinates":[[[135.51,34.668],[135.515,34.668],[135.515,34.672],[135.51,34.672],[135.51,34.668]]]}},{"type":"Feature","properties":{"origin":"namba","minutes":19.2},"geometry":{"type":"Polygon","coordinates":[[[135.51,34.672000000000004],[135.515,34.672000000000004],[135.515,34.676],[135.51,34.676],[135.51,34.672000000000004]]]}},{"type":"Feature","properties":{"origin":"namba","minutes":21.7},"geometry":{"type":"Polygon","coordinates":[[[135.51,34.676],[135.515,34.676],[135.515,34.68],[135.51,34.68],[135.51,34.676]]]}},{"type":"Feature","properties":{"origin":"namba","minutes":24.4},"geometry":{"type":"Polygon","coordinates":[[[135.51,34.68],[135.515,34.68],[135.515,34.684],[135.51,34.684],[135.51,34.68]]]}},{"type":"Feature","properties":{"origin":"namba","minutes":27.3},"geometry":{"type":"Polygon","coordinates":[[[135.51,34.684000000000005],[135.515,34.684000000000005],[135.515,34.688],[135.51,34.688],[135.51,34.684000000000005]]]}},{"type":"Feature","properties":{"origin":"namba","minutes":30.4},"geometry":{"type":"Polygon","coordinates":[[[135.51,34.688],[135.515,34.688],[135.515,34.692],[135.51,34.692],[135.51,34.688]]]}},{"type":"Feature","properties":{"origin":"namba","minutes":33.5},"geometry":{"type":"Polygon","coordinates":[[[135.51,34.692],[135.515,34.692],[135.515,34.696],[135.51,34.696],[135.51,34.692]]]}},{"type":"Feature","properties":{"origin":"namba","minutes":36.7},"geometry":{"type":"Polygon","coordinates":[[[135.51,34.696000000000005],[135.515,34.696000000000005],[135.515,34.7],[135.51,34.7],[135.51,34.696000000000005]]]}},{"type":"Feature","properties":{"origin":"namba","minutes":39.9},"geometry":{"type":"Polygon","coordinates":[[[135.51,34.7],[135.515,34.7],[135.515,34.704],[135.51,34.704],[135.51,34.7]]]}},{"type":"Feature","properties":{"origin":"namba","minutes":43.1},"geometry":{"type":"Polygon","coordinates":[[[135.51,34.704],[135.515,34.704],[135.515,34.708],[135.51,34.708],[135.51,34.704]]]}},{"type":"Feature","properties":{"origin":"namba","minutes":46.3},"geometry":{"type":"Polygon","coordinates":[[[135.51,34.708000000000006],[135.515,34.708000000000006],[135.515,34.712],[135.51,34.712],[135.51,34.708000000000006]]]}},{"type":"Feature","properties":{"origin":"namba","minutes":49.6},"geometry":{"type":"Polygon","coordinates":[[[135.51,34.712],[135.515,34.712],[135.515,34.716],[135.51,34.716],[135.51,34.712]]]}},{"type":"Feature","properties":{"origin":"namba","minutes":52.8},"geometry":{"type":"Polygon","coordinates":[[[135.51,34.716],[135.515,34.716],[135.515,34.72],[135.51,34.72],[135.51,34.716]]]}},{"type":"Feature","properties":{"origin":"namba","minutes":56.1},"geometry":{"type":"Polygon","coordinates":[[[135.51,34.72],[135.515,34.72],[135.515,34.724],[135.51,34.724],[135.51,34.72]]]}},{"type":"Feature","properties":{"origin":"namba","minutes":59.4},"geometry":{"type":"Polygon","coordinates":[[[135.51,34.724000000000004],[135.515,34.724000000000004],[135.515,34.728],[135.51,34.728],[135.51,34.724000000000004]]]}},{"type":"Feature","properties":{"origin":"namba","minutes":58.6},"geometry":{"type":"Polygon","coordinates":[[[135.515,34.604],[135.51999999999998,34.604],[135.51999999999998,34.608],[135.515,34.608],[135.515,34.604]]]}},{"type":"Feature","properties":{"origin":"namba","minutes":55.4},"geometry":{"type":"Polygon","coordinates":[[[135.515,34.608000000000004],[135.51999999999998,34.608000000000004],[135.51999999999998,34.612],[135.515,34.612],[135.515,34.608000000000004]]]}},{"type":"Feature","properties":{"origin":"namba","minutes":52.2},"geometry":{"type":"Polygon","coordinates":[[[135.515,34.612],[135.51999999999998,34.612],[135.51999999999998,34.616],[135.515,34.616],[135.515,34.612]]]}},{"type":"Feature","properties":{"origin":"namba","minutes":49.0},"geometry":{"type":"Polygon","coordinates":[[[135.515,34.616],[135.51999999999998,34.616],[135.51999999999998,34.62],[135.515,34.62],[135.515,34.616]]]}},{"type":"Feature","properties":{"origin":"namba","minutes":45.8},"geometry":{"type":"Polygon","coordinates":[[[135.515,34.620000000000005],[135.51999999999998,34.620000000000005],[135.51999999999998,34.624],[135.515,34.624],[135.515,34.620000000000005]]]}},{"type":"Feature","properties":{"origin":"namba","minutes":42.6},"geometry":{"type":"Polygon","coordinates":[[[135.515,34.624],[135.51999999999998,34.624],[135.51999999999998,34.628],[135.515,34.628],[135.515,34.624]]]}},{"type":"Feature","properties":{"origin":"namba","minutes":39.5},"geometry":{"type":"Polygon","coordinates":[[[135.515,34.628],[135.51999999999998,34.628],[135.51999999999998,34.632],[135.515,34.632],[135.515,34.628]]]}},{"type":"Feature","properties":{"origin":"namba","minutes":36.5},"geometry":{"type":"Polygon","coordinates":[[[135.515,34.632000000000005],[135.51999999999998,34.632000000000005],[135.51999999999998,34.636],[135.515,34.636],[135.515,34.632000000000005]]]}},{"type":"Feature","properties":{"origin":"namba","minutes":33.5},"geometry":{"type":"Polygon","coordinates":[[[135.515,34.636],[135.51999999999998,34.636],[135.51999999999998,34.64],[135.515,34.64],[135.515,34.636]]]}},{"type":"Feature","properties":{"origin":"namba","minutes":30.6},"geometry":{"type":"Polygon","coordinates":[[[135.515,34.64],[135.51999999999998,34.64],[135.51999999999998,34.644],[135.515,34.644],[135.515,34.64]]]}},{"type":"Feature","properties":{"origin":"namba","minutes":27.8},"geometry":{"type":"Polygon","coordinates":[[[135.515,34.644000000000005],[135.51999999999998,34.644000000000005],[135.51999999999998,34.648],[135.515,34.648],[135.515,34.644000000000005]]]}},{"type":"Feature","properties":{"origin":"namba","minutes":25.3},"geometry":{"type":"Polygon","coordinates":[[[135.515,34.648],[135.51999999999998,34.648],[135.51999999999998,34.652],[135.515,34.652],[135.515,34.648]]]}},{"type":"Feature","properties":{"origin":"namba","minutes":23.0},"geometry":{"type":"Polygon","coordinates":[[[135.515,34.652],[135.51999999999998,34.652],[135.51999999999998,34.656],[135.515,34.656],[135.515,34.652]]]}},{"type":"Feature","properties":{"origin":"namba","minutes":21.3},"geometry":{"type":"Polygon","coordinates":[[[135.515,34.656],[135.51999999999998,34.656],[135.51999999999998,34.66],[135.515,34.66],[135.515,34.656]]]}},{"type":"Feature","properties":{"origin":"namba","minutes":20.1},"geometry":{"type":"Polygon","coordinates":[[[135.515,34.660000000000004],[135.51999999999998,34.660000000000004],[135.51999999999998,34.664],[135.515,34.664],[135.515,34.660000000000004]]]}},{"type":"Feature","properties":{"origin":"namba","minutes":19.9},"geometry":{"type":"Polygon","coordinates":[[[135.515,34.664],[135.51999999999998,34.664],[135.51999999999998,34.668],[135.515,34.668],[135.515,34.664]]]}},{"type":"Feature","properties":{"origin":"namba","minutes":20.6},"geometry":{"type":"Polygon","coordinates":[[[135.515,34.668],[135.51999999999998,34.668],[135.51999999999998,34.672],[135.515,34.672],[135.515,34.668]]]}},{"type":"Feature","properties":{"origin":"namba","minutes":22.0},"geometry":{"type":"Polygon","coordinates":[[[135.515,34.672000000000004],[135.51999999999998,34.672000000000004],[135.51999999999998,34.676],[135.515,34.676],[135.515,34.672000000000004]]]}},{"type":"Feature","properties":{"origin":"namba","minutes":24.0},"geometry":{"type":"Polygon","coordinates":[[[135.515,34.676],[135.51999999999998,34.676],[135.51999999999998,34.68],[135.515,34.68],[135.515,34.676]]]}},{"type":"Feature","properties":{"origin":"namba","minutes":26.4},"geometry":{"type":"Polygon","coordinates":[[[135.515,34.68],[135.51999999999998,34.68],[135.51999999999998,34.684],[135.515,34.684],[135.515,34.68]]]}},{"type":"Feature","properties":{"origin":"namba","minutes":29.1},"geometry":{"type":"Polygon","coordinates":[[[135.515,34.684000000000005],[135.51999999999998,34.684000000000005],[135.51999999999998,34.688],[135.515,34.688],[135.515,34.684000000000005]]]}},{"type":"Feature","properties":{"origin":"namba","minutes":31.9},"geometry":{"type":"Polygon","coordinates":[[[135.515,34.688],[135.51999999999998,34.688],[135.51999999999998,34.692],[135.515,34.692],[135.515,34.688]]]}},{"type":"Feature","properties":{"origin":"namba","minutes":34.8},"geometry":{"type":"Polygon","coordinates":[[[135.515,34.692],[135.51999999999998,34.692],[135.51999999999998,34.696],[135.515,34.696],[135.515,34.692]]]}},{"type":"Feature","properties":{"origin":"namba","minutes":37.9},"geometry":{"type":"Polygon","coordinates":[[[135.515,34.696000000000005],[135.51999999999998,34.696000000000005],[135.51999999999998,34.7],[135.515,34.7],[135.515,34.696000000000005]]]}},{"type":"Feature","properties":{"origin":"namba","minutes":40.9},"geometry":{"type":"Polygon","coordinates":[[[135.515,34.7],[135.51999999999998,34.7],[135.51999999999998,34.704],[135.515,34.704],[135.515,34.7]]]}},{"type":"Feature","properties":{"origin":"namba","minutes":44.1},"geometry":{"type":"Polygon","coordinates":[[[135.515,34.704],[135.51999999999998,34.704],[135.51999999999998,34.708],[135.515,34.708],[135.515,34.704]]]}},{"type":"Feature","properties":{"origin":"namba","minutes":47.2},"geometry":{"type":"Polygon","coordinates":[[[135.515,34.708000000000006],[135.51999999999998,34.708000000000006],[135.51999999999998,34.712],[135.515,34.712],[135.515,34.708000000000006]]]}},{"type":"Feature","properties":{"origin":"namba","minutes":50.4},"geometry":{"type":"Polygon","coordinates":[[[135.515,34.712],[135.51999999999998,34.712],[135.51999999999998,34.716],[135.515,34.716],[135.515,34.712]]]}},{"type":"Feature","properties":{"origin":"namba","minutes":53.6},"geometry":{"type":"Polygon","coordinates":[[[135.515,34.716],[135.51999999999998,34.716],[135.51999999999998,34.72],[135.515,34.72],[135.515,34.716]]]}},{"type":"Feature","properties":{"origin":"namba","minutes":56.8},"geometry":{"type":"Polygon","coordinates":[[[135.515,34.72],[135.51999999999998,34.72],[135.51999999999998,34.724],[135.515,34.724],[135.515,34.72]]]}},{"type":"Feature","properties":{"origin":"namba","minutes":59.5},"geometry":{"type":"Polygon","coordinates":[[[135.51999999999998,34.604],[135.52499999999998,34.604],[135.52499999999998,34.608],[135.51999999999998,34.608],[135.51999999999998,34.604]]]}},{"type":"Feature","properties":{"origin":"namba","minutes":56.4},"geometry":{"type":"Polygon","coordinates":[[[135.51999999999998,34.608000000000004],[135.52499999999998,34.608000000000004],[135.52499999999998,34.612],[135.51999999999998,34.612],[135.51999999999998,34.608000000000004]]]}},{"type":"Feature","properties":{"origin":"namba","minutes":53.2},"geometry":{"type":"Polygon","coordinates":[[[135.51999999999998,34.612],[135.52499999999998,34.612],[135.52499999999998,34.616],[135.51999999999998,34.616],[135.51999999999998,34.612]]]}},{"type":"Feature","properties":{"origin":"namba","minutes":50.1},"geometry":{"type":"Polygon","coordinates":[[[135.51999999999998,34.616],[135.52499999999998,34.616],[135.52499999999998,34.62],[135.51999999999998,34.62],[135.51999999999998,34.616]]]}},{"type":"Feature","properties":{"origin":"namba","minutes":47.0},"geometry":{"type":"Polygon","coordinates":[[[135.51999999999998,34.620000000000005],[135.52499999999998,34.620000000000005],[135.52499999999998,34.624],[135.51999999999998,34.624],[135.51999999999998,34.620000000000005]]]}},{"type":"Feature","properties":{"origin":"namba","minutes":44.0},"geometry":{"type":"Polygon","coordinates":[[[135.51999999999998,34.624],[135.52499999999998,34.624],[135.52499999999998,34.628],[135.51999999999998,34.628],[135.51999999999998,34.624]]]}},{"type":"Feature","properties":{"origin":"namba","minutes":41.0},"geometry":{"type":"Polygon","coordinates":[[[135.51999999999998,34.628],[135.52499999999998,34.628],[135.52499999999998,34.632],[135.51999999999998,34.632],[135.51999999999998,34.628]]]}},{"type":"Feature","properties":{"origin":"namba","minutes":38.1},"geometry":{"type":"Polygon","coordinates":[[[135.51999999999998,34.632000000000005],[135.52499999999998,34.632000000000005],[135.52499999999998,34.636],[135.51999999999998,34.636],[135.51999999999998,34.632000000000005]]]}},{"type":"Feature","properties":{"origin":"namba","minutes":35.3},"geometry":{"type":"Polygon","coordinates":[[[135.51999999999998,34.636],[135.52499999999998,34.636],[135.52499999999998,34.64],[135.51999999999998,34.64],[135.51999999999998,34.636]]]}},{"type":"Feature","properties":{"origin":"namba","minutes":32.6},"geometry":{"type":"Polygon","coordinates":[[[135.51999999999998,34.64],[135.52499999999998,34.64],[135.52499999999998,34.644],[135.51999999999998,34.644],[135.51999999999998,34.64]]]}},{"type":"Feature","properties":{"origin":"namba","minutes":30.1},"geometry":{"type":"Polygon","coordinates":[[[135.51999999999998,34.644000000000005],[135.52499999999998,34.644000000000005],[135.52499999999998,34.648],[135.51999999999998,34.648],[135.51999999999998,34.644000000000005]]]}},{"type":"Feature","properties":{"origin":"namba","minutes":27.8},"geometry":{"type":"Polygon","coordinates":[[[135.51999999999998,34.648],[135.52499999999998,34.648],[135.52499999999998,34.652],[135.51999999999998,34.652],[135.51999999999998,34.648]]]}},{"type":"Feature","properties":{"origin":"namba","minutes":25.9},"geometry":{"type":"Polygon","coordinates":[[[135.51999999999998,34.652],[135.52499999999998,34.652],[135.52499999999998,34.656],[135.51999999999998,34.656],[135.51999999999998,34.652]]]}},{"type":"Feature","properties":{"origin":"namba","minutes":24.4},"geometry":{"type":"Polygon","coordinates":[[[135.51999999999998,34.656],[135.52499999999998,34.656],[135.52499999999998,34.66],[135.51999999999998,34.66],[135.51999999999998,34.656]]]}},{"type":"Feature","properties":{"origin":"namba","minutes":23.5},"geometry":{"type":"Polygon","coordinates":[[[135.51999999999998,34.660000000000004],[135.52499999999998,34.660000000000004],[135.52499999999998,34.664],[135.51999999999998,34.664],[135.51999999999998,34.660000000000004]]]}},{"type":"Feature","properties":{"origin":"namba","minutes":23.3},"geometry":{"type":"Polygon","coordinates":[[[135.51999999999998,34.664],[135.52499999999998,34.664],[135.52499999999998,34.668],[135.51999999999998,34.668],[135.51999999999998,34.664]]]}},{"type":"Feature","properties":{"origin":"namba","minutes":23.8},"geometry":{"type":"Polygon","coordinates":[[[135.51999999999998,34.668],[135.52499999999998,34.668],[135.52499999999998,34.672],[135.51999999999998,34.672],[135.51999999999998,34.668]]]}},{"type":"Feature","properties":{"origin":"namba","minutes":25.0},"geometry":{"type":"Polygon","coordinates":[[[135.51999999999998,34.672000000000004],[135.52499999999998,34.672000000000004],[135.52499999999998,34.676],[135.51999999999998,34.676],[135.51999999999998,34.672000000000004]]]}},{"type":"Feature","properties":{"origin":"namba","minutes":26.7},"geometry":{"type":"Polygon","coordinates":[[[135.51999999999998,34.676],[135.52499999999998,34.676],[135.52499999999998,34.68],[135.51999999999998,34.68],[135.51999999999998,34.676]]]}},{"type":"Feature","properties":{"origin":"namba","minutes":28.8},"geometry":{"type":"Polygon","coordinates":[[[135.51999999999998,34.68],[135.52499999999998,34.68],[135.52499999999998,34.684],[135.51999999999998,34.684],[135.51999999999998,34.68]]]}},{"type":"Feature","properties":{"origin":"namba","minutes":31.2},"geometry":{"type":"Polygon","coordinates":[[[135.51999999999998,34.684000000000005],[135.52499999999998,34.684000000000005],[135.52499999999998,34.688],[135.51999999999998,34.688],[135.51999999999998,34.684000000000005]]]}},{"type":"Feature","properties":{"origin":"namba","minutes":33.8},"geometry":{"type":"Polygon","coordinates":[[[135.51999999999998,34.688],[135.52499999999998,34.688],[135.52499999999998,34.692],[135.51999999999998,34.692],[135.51999999999998,34.688]]]}},{"type":"Feature","properties":{"origin":"namba","minutes":36.5},"geometry":{"type":"Polygon","coordinates":[[[135.51999999999998,34.692],[135.52499999999998,34.692],[135.52499999999998,34.696],[135.51999999999998,34.696],[135.51999999999998,34.692]]]}},{"type":"Feature","properties":{"origin":"namba","minutes":39.4},"geometry":{"type":"Polygon","coordinates":[[[135.51999999999998,34.696000000000005],[135.52499999999998,34.696000000000005],[135.52499999999998,34.7],[135.51999999999998,34.7],[135.51999999999998,34.696000000000005]]]}},{"type":"Feature","properties":{"origin":"namba","minutes":42.3},"geometry":{"type":"Polygon","coordinates":[[[135.51999999999998,34.7],[135.52499999999998,34.7],[135.52499999999998,34.704],[135.51999999999998,34.704],[135.51999999999998,34.7]]]}},{"type":"Feature","properties":{"origin":"namba","minutes":45.3},"geometry":{"type":"Polygon","coordinates":[[[135.51999999999998,34.704],[135.52499999999998,34.704],[135.52499999999998,34.708],[135.51999999999998,34.708],[135.51999999999998,34.704]]]}},{"type":"Feature","properties":{"origin":"namba","minutes":48.4},"geometry":{"type":"Polygon","coordinates":[[[135.51999999999998,34.708000000000006],[135.52499999999998,34.708000000000006],[135.52499999999998,34.712],[135.51999999999998,34.712],[135.51999999999998,34.708000000000006]]]}},{"type":"Feature","properties":{"origin":"namba","minutes":51.5},"geometry":{"type":"Polygon","coordinates":[[[135.51999999999998,34.712],[135.52499999999998,34.712],[135.52499999999998,34.716],[135.51999999999998,34.716],[135.51999999999998,34.712]]]}},{"type":"Feature","properties":{"origin":"namba","minutes":54.6},"geometry":{"type":"Polygon","coordinates":[[[135.51999999999998,34.716],[135.52499999999998,34.716],[135.52499999999998,34.72],[135.51999999999998,34.72],[135.51999999999998,34.716]]]}},{"type":"Feature","properties":{"origin":"namba","minutes":57.8},"geometry":{"type":"Polygon","coordinates":[[[135.51999999999998,34.72],[135.52499999999998,34.72],[135.52499999999998,34.724],[135.51999999999998,34.724],[135.51999999999998,34.72]]]}},{"type":"Feature","properties":{"origin":"namba","minutes":57.5},"geometry":{"type":"Polygon","coordinates":[[[135.525,34.608000000000004],[135.53,34.608000000000004],[135.53,34.612],[135.525,34.612],[135.525,34.608000000000004]]]}},{"type":"Feature","properties":{"origin":"namba","minutes":54.5},"geometry":{"type":"Polygon","coordinates":[[[135.525,34.612],[135.53,34.612],[135.53,34.616],[135.525,34.616],[135.525,34.612]]]}},{"type":"Feature","properties":{"origin":"namba","minutes":51.5},"geometry":{"type":"Polygon","coordinates":[[[135.525,34.616],[135.53,34.616],[135.53,34.62],[135.525,34.62],[135.525,34.616]]]}},{"type":"Feature","properties":{"origin":"namba","minutes":48.5},"geometry":{"type":"Polygon","coordinates":[[[135.525,34.620000000000005],[135.53,34.620000000000005],[135.53,34.624],[135.525,34.624],[135.525,34.620000000000005]]]}},{"type":"Feature","properties":{"origin":"namba","minutes":45.6},"geometry":{"type":"Polygon","coordinates":[[[135.525,34.624],[135.53,34.624],[135.53,34.628],[135.525,34.628],[135.525,34.624]]]}},{"type":"Feature","properties":{"origin":"namba","minutes":42.7},"geometry":{"type":"Polygon","coordinates":[[[135.525,34.628],[135.53,34.628],[135.53,34.632],[135.525,34.632],[135.525,34.628]]]}},{"type":"Feature","properties":{"origin":"namba","minutes":40.0},"geometry":{"type":"Polygon","coordinates":[[[135.525,34.632000000000005],[135.53,34.632000000000005],[135.53,34.636],[135.525,34.636],[135.525,34.632000000000005]]]}},{"type":"Feature","properties":{"origin":"namba","minutes":37.3},"geometry":{"type":"Polygon","coordinates":[[[135.525,34.636],[135.53,34.636],[135.53,34.64],[135.525,34.64],[135.525,34.636]]]}},{"type":"Feature","properties":{"origin":"namba","minutes":34.8},"geometry":{"type":"Polygon","coordinates":[[[135.525,34.64],[135.53,34.64],[135.53,34.644],[135.525,34.644],[135.525,34.64]]]}},{"type":"Feature","properties":{"origin":"namba","minutes":32.6},"geometry":{"type":"Polygon","coordinates":[[[135.525,34.644000000000005],[135.53,34.644000000000005],[135.53,34.648],[135.525,34.648],[135.525,34.644000000000005]]]}},{"type":"Feature","properties":{"origin":"namba","minutes":30.6},"geometry":{"type":"Polygon","coordinates":[[[135.525,34.648],[135.53,34.648],[135.53,34.652],[135.525,34.652],[135.525,34.648]]]}},{"type":"Feature","properties":{"origin":"namba","minutes":28.9},"geometry":{"type":"Polygon","coordinates":[[[135.525,34.652],[135.53,34.652],[135.53,34.656],[135.525,34.656],[135.525,34.652]]]}},{"type":"Feature","properties":{"origin":"namba","minutes":27.6},"geometry":{"type":"Polygon","coordinates":[[[135.525,34.656],[135.53,34.656],[135.53,34.66],[135.525,34.66],[135.525,34.656]]]}},{"type":"Feature","properties":{"origin":"namba","minutes":26.9},"geometry":{"type":"Polygon","coordinates":[[[135.525,34.660000000000004],[135.53,34.660000000000004],[135.53,34.664],[135.525,34.664],[135.525,34.660000000000004]]]}},{"type":"Feature","properties":{"origin":"namba","minutes":26.7},"geometry":{"type":"Polygon","coordinates":[[[135.525,34.664],[135.53,34.664],[135.53,34.668],[135.525,34.668],[135.525,34.664]]]}},{"type":"Feature","properties":{"origin":"namba","minutes":27.2},"geometry":{"type":"Polygon","coordinates":[[[135.525,34.668],[135.53,34.668],[135.53,34.672],[135.525,34.672],[135.525,34.668]]]}},{"type":"Feature","properties":{"origin":"namba","minutes":28.1},"geometry":{"type":"Polygon","coordinates":[[[135.525,34.672000000000004],[135.53,34.672000000000004],[135.53,34.676],[135.525,34.676],[135.525,34.672000000000004]]]}},{"type":"Feature","properties":{"origin":"namba","minutes":29.6},"geometry":{"type":"Polygon","coordinates":[[[135.525,34.676],[135.53,34.676],[135.53,34.68],[135.525,34.68],[135.525,34.676]]]}},{"type":"Feature","properties":{"origin":"namba","minutes":31.4},"geometry":{"type":"Polygon","coordinates":[[[135.525,34.68],[135.53,34.68],[135.53,34.684],[135.525,34.684],[135.525,34.68]]]}},{"type":"Feature","properties":{"origin":"namba","minutes":33.6},"geometry":{"type":"Polygon","coordinates":[[[135.525,34.684000000000005],[135.53,34.684000000000005],[135.53,34.688],[135.525,34.688],[135.525,34.684000000000005]]]}},{"type":"Feature","properties":{"origin":"namba","minutes":35.9},"geometry":{"type":"Polygon","coordinates":[[[135.525,34.688],[135.53,34.688],[135.53,34.692],[135.525,34.692],[135.525,34.688]]]}},{"type":"Feature","properties":{"origin":"namba","minutes":38.5},"geometry":{"type":"Polygon","coordinates":[[[135.525,34.692],[135.53,34.692],[135.53,34.696],[135.525,34.696],[135.525,34.692]]]}},{"type":"Feature","properties":{"origin":"namba","minutes":41.2},"geometry":{"type":"Polygon","coordinates":[[[135.525,34.696000000000005],[135.53,34.696000000000005],[135.53,34.7],[135.525,34.7],[135.525,34.696000000000005]]]}},{"type":"Feature","properties":{"origin":"namba","minutes":44.0},"geometry":{"type":"Polygon","coordinates":[[[135.525,34.7],[135.53,34.7],[135.53,34.704],[135.525,34.704],[135.525,34.7]]]}},{"type":"Feature","properties":{"origin":"namba","minutes":46.9},"geometry":{"type":"Polygon","coordinates":[[[135.525,34.704],[135.53,34.704],[135.53,34.708],[135.525,34.708],[135.525,34.704]]]}},{"type":"Feature","properties":{"origin":"namba","minutes":49.8},"geometry":{"type":"Polygon","coordinates":[[[135.525,34.708000000000006],[135.53,34.708000000000006],[135.53,34.712],[135.525,34.712],[135.525,34.708000000000006]]]}},{"type":"Feature","properties":{"origin":"namba","minutes":52.8},"geometry":{"type":"Polygon","coordinates":[[[135.525,34.712],[135.53,34.712],[135.53,34.716],[135.525,34.716],[135.525,34.712]]]}},{"type":"Feature","properties":{"origin":"namba","minutes":55.9},"geometry":{"type":"Polygon","coordinates":[[[135.525,34.716],[135.53,34.716],[135.53,34.72],[135.525,34.72],[135.525,34.716]]]}},{"type":"Feature","properties":{"origin":"namba","minutes":58.9},"geometry":{"type":"Polygon","coordinates":[[[135.525,34.72],[135.53,34.72],[135.53,34.724],[135.525,34.724],[135.525,34.72]]]}},{"type":"Feature","properties":{"origin":"namba","minutes":58.9},"geometry":{"type":"Polygon","coordinates":[[[135.53,34.608000000000004],[135.535,34.608000000000004],[135.535,34.612],[135.53,34.612],[135.53,34.608000000000004]]]}},{"type":"Feature","properties":{"origin":"namba","minutes":56.0},"geometry":{"type":"Polygon","coordinates":[[[135.53,34.612],[135.535,34.612],[135.535,34.616],[135.53,34.616],[135.53,34.612]]]}},{"type":"Feature","properties":{"origin":"namba","minutes":53.0},"geometry":{"type":"Polygon","coordinates":[[[135.53,34.616],[135.535,34.616],[135.535,34.62],[135.53,34.62],[135.53,34.616]]]}},{"type":"Feature","properties":{"origin":"namba","minutes":50.2},"geometry":{"type":"Polygon","coordinates":[[[135.53,34.620000000000005],[135.535,34.620000000000005],[135.535,34.624],[135.53,34.624],[135.53,34.620000000000005]]]}},{"type":"Feature","properties":{"origin":"namba","minutes":47.4},"geometry":{"type":"Polygon","coordinates":[[[135.53,34.624],[135.535,34.624],[135.535,34.628],[135.53,34.628],[135.53,34.624]]]}},{"type":"Feature","properties":{"origin":"namba","minutes":44.7},"geometry":{"type":"Polygon","coordinates":[[[135.53,34.628],[135.535,34.628],[135.535,34.632],[135.53,34.632],[135.53,34.628]]]}},{"type":"Feature","properties":{"origin":"namba","minutes":42.1},"geometry":{"type":"Polygon","coordinates":[[[135.53,34.632000000000005],[135.535,34.632000000000005],[135.535,34.636],[135.53,34.636],[135.53,34.632000000000005]]]}},{"type":"Feature","properties":{"origin":"namba","minutes":39.6},"geometry":{"type":"Polygon","coordinates":[[[135.53,34.636],[135.535,34.636],[135.535,34.64],[135.53,34.64],[135.53,34.636]]]}},{"type":"Feature","properties":{"origin":"namba","minutes":37.3},"geometry":{"type":"Polygon","coordinates":[[[135.53,34.64],[135.535,34.64],[135.535,34.644],[135.53,34.644],[135.53,34.64]]]}},{"type":"Feature","properties":{"origin":"namba","minutes":35.3},"geometry":{"type":"Polygon","coordinates":[[[135.53,34.644000000000005],[135.535,34.644000000000005],[135.535,34.648],[135.53,34.648],[135.53,34.644000000000005]]]}},{"type":"Feature","properties":{"origin":"namba","minutes":33.5},"geometry":{"type":"Polygon","coordinates":[[[135.53,34.648],[135.535,34.648],[135.535,34.652],[135.53,34.652],[135.53,34.648]]]}},{"type":"Feature","properties":{"origin":"namba","minutes":32.0},"geometry":{"type":"Polygon","coordinates":[[[135.53,34.652],[135.535,34.652],[135.535,34.656],[135.53,34.656],[135.53,34.652]]]}},{"type":"Feature","properties":{"origin":"namba","minutes":30.9},"geometry":{"type":"Polygon","coordinates":[[[135.53,34.656],[135.535,34.656],[135.535,34.66],[135.53,34.66],[135.53,34.656]]]}},{"type":"Feature","properties":{"origin":"namba","minutes":30.3},"geometry":{"type":"Polygon","coordinates":[[[135.53,34.660000000000004],[135.535,34.660000000000004],[135.535,34.664],[135.53,34.664],[135.53,34.660000000000004]]]}},{"type":"Feature","properties":{"origin":"namba","minutes":30.2},"geometry":{"type":"Polygon","coordinates":[[[135.53,34.664],[135.535,34.664],[135.535,34.668],[135.53,34.668],[135.53,34.664]]]}},{"type":"Feature","properties":{"origin":"namba","minutes":30.5},"geometry":{"type":"Polygon","coordinates":[[[135.53,34.668],[135.535,34.668],[135.535,34.672],[135.53,34.672],[135.53,34.668]]]}},{"type":"Feature","properties":{"origin":"namba","minutes":31.4},"geometry":{"type":"Polygon","coordinates":[[[135.53,34.672000000000004],[135.535,34.672000000000004],[135.535,34.676],[135.53,34.676],[135.53,34.672000000000004]]]}},{"type":"Feature","properties":{"origin":"namba","minutes":32.6},"geometry":{"type":"Polygon","coordinates":[[[135.53,34.676],[135.535,34.676],[135.535,34.68],[135.53,34.68],[135.53,34.676]]]}},{"type":"Feature","properties":{"origin":"namba","minutes":34.3},"geometry":{"type":"Polygon","coordinates":[[[135.53,34.68],[135.535,34.68],[135.535,34.684],[135.53,34.684],[135.53,34.68]]]}},{"type":"Feature","properties":{"origin":"namba","minutes":36.2},"geometry":{"type":"Polygon","coordinates":[[[135.53,34.684000000000005],[135.535,34.684000000000005],[135.535,34.688],[135.53,34.688],[135.53,34.684000000000005]]]}},{"type":"Feature","properties":{"origin":"namba","minutes":38.3},"geometry":{"type":"Polygon","coordinates":[[[135.53,34.688],[135.535,34.688],[135.535,34.692],[135.53,34.692],[135.53,34.688]]]}},{"type":"Feature","properties":{"origin":"namba","minutes":40.7},"geometry":{"type":"Polygon","coordinates":[[[135.53,34.692],[135.535,34.692],[135.535,34.696],[135.53,34.696],[135.53,34.692]]]}},{"type":"Feature","properties":{"origin":"namba","minutes":43.2},"geometry":{"type":"Polygon","coordinates":[[[135.53,34.696000000000005],[135.535,34.696000000000005],[135.535,34.7],[135.53,34.7],[135.53,34.696000000000005]]]}},{"type":"Feature","properties":{"origin":"namba","minutes":45.9},"geometry":{"type":"Polygon","coordinates":[[[135.53,34.7],[135.535,34.7],[135.535,34.704],[135.53,34.704],[135.53,34.7]]]}},{"type":"Feature","properties":{"origin":"namba","minutes":48.6},"geometry":{"type":"Polygon","coordinates":[[[135.53,34.704],[135.535,34.704],[135.535,34.708],[135.53,34.708],[135.53,34.704]]]}},{"type":"Feature","properties":{"origin":"namba","minutes":51.5},"geometry":{"type":"Polygon","coordinates":[[[135.53,34.708000000000006],[135.535,34.708000000000006],[135.535,34.712],[135.53,34.712],[135.53,34.708000000000006]]]}},{"type":"Feature","properties":{"origin":"namba","minutes":54.4},"geometry":{"type":"Polygon","coordinates":[[[135.53,34.712],[135.535,34.712],[135.535,34.716],[135.53,34.716],[135.53,34.712]]]}},{"type":"Feature","properties":{"origin":"namba","minutes":57.3},"geometry":{"type":"Polygon","coordinates":[[[135.53,34.716],[135.535,34.716],[135.535,34.72],[135.53,34.72],[135.53,34.716]]]}},{"type":"Feature","properties":{"origin":"namba","minutes":57.6},"geometry":{"type":"Polygon","coordinates":[[[135.535,34.612],[135.54,34.612],[135.54,34.616],[135.535,34.616],[135.535,34.612]]]}},{"type":"Feature","properties":{"origin":"namba","minutes":54.8},"geometry":{"type":"Polygon","coordinates":[[[135.535,34.616],[135.54,34.616],[135.54,34.62],[135.535,34.62],[135.535,34.616]]]}},{"type":"Feature","properties":{"origin":"namba","minutes":52.1},"geometry":{"type":"Polygon","coordinates":[[[135.535,34.620000000000005],[135.54,34.620000000000005],[135.54,34.624],[135.535,34.624],[135.535,34.620000000000005]]]}},{"type":"Feature","properties":{"origin":"namba","minutes":49.4},"geometry":{"type":"Polygon","coordinates":[[[135.535,34.624],[135.54,34.624],[135.54,34.628],[135.535,34.628],[135.535,34.624]]]}},{"type":"Feature","properties":{"origin":"namba","minutes":46.8},"geometry":{"type":"Polygon","coordinates":[[[135.535,34.628],[135.54,34.628],[135.54,34.632],[135.535,34.632],[135.535,34.628]]]}},{"type":"Feature","properties":{"origin":"namba","minutes":44.4},"geometry":{"type":"Polygon","coordinates":[[[135.535,34.632000000000005],[135.54,34.632000000000005],[135.54,34.636],[135.535,34.636],[135.535,34.632000000000005]]]}},{"type":"Feature","properties":{"origin":"namba","minutes":42.1},"geometry":{"type":"Polygon","coordinates":[[[135.535,34.636],[135.54,34.636],[135.54,34.64],[135.535,34.64],[135.535,34.636]]]}},{"type":"Feature","properties":{"origin":"namba","minutes":40.0},"geometry":{"type":"Polygon","coordinates":[[[135.535,34.64],[135.54,34.64],[135.54,34.644],[135.535,34.644],[135.535,34.64]]]}},{"type":"Feature","properties":{"origin":"namba","minutes":38.1},"geometry":{"type":"Polygon","coordinates":[[[135.535,34.644000000000005],[135.54,34.644000000000005],[135.54,34.648],[135.535,34.648],[135.535,34.644000000000005]]]}},{"type":"Feature","properties":{"origin":"namba","minutes":36.5},"geometry":{"type":"Polygon","coordinates":[[[135.535,34.648],[135.54,34.648],[135.54,34.652],[135.535,34.652],[135.535,34.648]]]}},{"type":"Feature","properties":{"origin":"namba","minutes":35.2},"geometry":{"type":"Polygon","coordinates":[[[135.535,34.652],[135.54,34.652],[135.54,34.656],[135.535,34.656],[135.535,34.652]]]}},{"type":"Feature","properties":{"origin":"namba","minutes":34.3},"geometry":{"type":"Polygon","coordinates":[[[135.535,34.656],[135.54,34.656],[135.54,34.66],[135.535,34.66],[135.535,34.656]]]}},{"type":"Feature","properties":{"origin":"namba","minutes":33.7},"geometry":{"type":"Polygon","coordinates":[[[135.535,34.660000000000004],[135.54,34.660000000000004],[135.54,34.664],[135.535,34.664],[135.535,34.660000000000004]]]}},{"type":"Feature","properties":{"origin":"namba","minutes":33.6},"geometry":{"type":"Polygon","coordinates":[[[135.535,34.664],[135.54,34.664],[135.54,34.668],[135.535,34.668],[135.535,34.664]]]}},{"type":"Feature","properties":{"origin":"namba","minutes":33.9},"geometry":{"type":"Polygon","coordinates":[[[135.535,34.668],[135.54,34.668],[135.54,34.672],[135.535,34.672],[135.535,34.668]]]}},{"type":"Feature","properties":{"origin":"namba","minutes":34.6},"geometry":{"type":"Polygon","coordinates":[[[135.535,34.672000000000004],[135.54,34.672000000000004],[135.54,34.676],[135.535,34.676],[135.535,34.672000000000004]]]}},{"type":"Feature","properties":{"origin":"namba","minutes":35.8},"geometry":{"type":"Polygon","coordinates":[[[135.535,34.676],[135.54,34.676],[135.54,34.68],[135.535,34.68],[135.535,34.676]]]}},{"type":"Feature","properties":{"origin":"namba","minutes":37.2},"geometry":{"type":"Polygon","coordinates":[[[135.535,34.68],[135.54,34.68],[135.54,34.684],[135.535,34.684],[135.535,34.68]]]}},{"type":"Feature","properties":{"origin":"namba","minutes":39.0},"geometry":{"type":"Polygon","coordinates":[[[135.535,34.684000000000005],[135.54,34.684000000000005],[135.54,34.688],[135.535,34.688],[135.535,34.684000000000005]]]}},{"type":"Feature","properties":{"origin":"namba","minutes":40.9},"geometry":{"type":"Polygon","coordinates":[[[135.535,34.688],[135.54,34.688],[135.54,34.692],[135.535,34.692],[135.535,34.688]]]}},{"type":"Feature","properties":{"origin":"namba","minutes":43.1},"geometry":{"type":"Polygon","coordinates":[[[135.535,34.692],[135.54,34.692],[135.54,34.696],[135.535,34.696],[135.535,34.692]]]}},{"type":"Feature","properties":{"origin":"namba","minutes":45.5},"geometry":{"type":"Polygon","coordinates":[[[135.535,34.696000000000005],[135.54,34.696000000000005],[135.54,34.7],[135.535,34.7],[135.535,34.696000000000005]]]}},{"type":"Feature","properties":{"origin":"namba","minutes":48.0},"geometry":{"type":"Polygon","coordinates":[[[135.535,34.7],[135.54,34.7],[135.54,34.704],[135.535,34.704],[135.535,34.7]]]}},{"type":"Feature","properties":{"origin":"namba","minutes":50.6},"geometry":{"type":"Polygon","coordinates":[[[135.535,34.704],[135.54,34.704],[135.54,34.708],[135.535,34.708],[135.535,34.704]]]}},{"type":"Feature","properties":{"origin":"namba","minutes":53.3},"geometry":{"type":"Polygon","coordinates":[[[135.535,34.708000000000006],[135.54,34.708000000000006],[135.54,34.712],[135.535,34.712],[135.535,34.708000000000006]]]}},{"type":"Feature","properties":{"origin":"namba","minutes":56.1},"geometry":{"type":"Polygon","coordinates":[[[135.535,34.712],[135.54,34.712],[135.54,34.716],[135.535,34.716],[135.535,34.712]]]}},{"type":"Feature","properties":{"origin":"namba","minutes":58.9},"geometry":{"type":"Polygon","coordinates":[[[135.535,34.716],[135.54,34.716],[135.54,34.72],[135.535,34.72],[135.535,34.716]]]}},{"type":"Feature","properties":{"origin":"namba","minutes":59.5},"geometry":{"type":"Polygon","coordinates":[[[135.54,34.612],[135.545,34.612],[135.545,34.616],[135.54,34.616],[135.54,34.612]]]}},{"type":"Feature","properties":{"origin":"namba","minutes":56.8},"geometry":{"type":"Polygon","coordinates":[[[135.54,34.616],[135.545,34.616],[135.545,34.62],[135.54,34.62],[135.54,34.616]]]}},{"type":"Feature","properties":{"origin":"namba","minutes":54.2},"geometry":{"type":"Polygon","coordinates":[[[135.54,34.620000000000005],[135.545,34.620000000000005],[135.545,34.624],[135.54,34.624],[135.54,34.620000000000005]]]}},{"type":"Feature","properties":{"origin":"namba","minutes":51.6},"geometry":{"type":"Polygon","coordinates":[[[135.54,34.624],[135.545,34.624],[135.545,34.628],[135.54,34.628],[135.54,34.624]]]}},{"type":"Feature","properties":{"origin":"namba","minutes":49.2},"geometry":{"type":"Polygon","coordinates":[[[135.54,34.628],[135.545,34.628],[135.545,34.632],[135.54,34.632],[135.54,34.628]]]}},{"type":"Feature","properties":{"origin":"namba","minutes":46.9},"geometry":{"type":"Polygon","coordinates":[[[135.54,34.632000000000005],[135.545,34.632000000000005],[135.545,34.636],[135.54,34.636],[135.54,34.632000000000005]]]}},{"type":"Feature","properties":{"origin":"namba","minutes":44.8},"geometry":{"type":"Polygon","coordinates":[[[135.54,34.636],[135.545,34.636],[135.545,34.64],[135.54,34.64],[135.54,34.636]]]}},{"type":"Feature","properties":{"origin":"namba","minutes":42.8},"geometry":{"type":"Polygon","coordinates":[[[135.54,34.64],[135.545,34.64],[135.545,34.644],[135.54,34.644],[135.54,34.64]]]}},{"type":"Feature","properties":{"origin":"namba","minutes":41.1},"geometry":{"type":"Polygon","coordinates":[[[135.54,34.644000000000005],[135.545,34.644000000000005],[135.545,34.648],[135.54,34.648],[135.54,34.644000000000005]]]}},{"type":"Feature","properties":{"origin":"namba","minutes":39.6},"geometry":{"type":"Polygon","coordinates":[[[135.54,34.648],[135.545,34.648],[135.545,34.652],[135.54,34.652],[135.54,34.648]]]}},{"type":"Feature","properties":{"origin":"namba","minutes":38.5},"geometry":{"type":"Polygon","coordinates":[[[135.54,34.652],[135.545,34.652],[135.545,34.656],[135.54,34.656],[135.54,34.652]]]}},{"type":"Feature","properties":{"origin":"namba","minutes":37.6},"geometry":{"type":"Polygon","coordinates":[[[135.54,34.656],[135.545,34.656],[135.545,34.66],[135.54,34.66],[135.54,34.656]]]}},{"type":"Feature","properties":{"origin":"namba","minutes":37.1},"geometry":{"type":"Polygon","coordinates":[[[135.54,34.660000000000004],[135.545,34.660000000000004],[135.545,34.664],[135.54,34.664],[135.54,34.660000000000004]]]}},{"type":"Feature","properties":{"origin":"namba","minutes":37.0},"geometry":{"type":"Polygon","coordinates":[[[135.54,34.664],[135.545,34.664],[135.545,34.668],[135.54,34.668],[135.54,34.664]]]}},{"type":"Feature","properties":{"origin":"namba","minutes":37.3},"geometry":{"type":"Polygon","coordinates":[[[135.54,34.668],[135.545,34.668],[135.545,34.672],[135.54,34.672],[135.54,34.668]]]}},{"type":"Feature","properties":{"origin":"namba","minutes":38.0},"geometry":{"type":"Polygon","coordinates":[[[135.54,34.672000000000004],[135.545,34.672000000000004],[135.545,34.676],[135.54,34.676],[135.54,34.672000000000004]]]}},{"type":"Feature","properties":{"origin":"namba","minutes":39.0},"geometry":{"type":"Polygon","coordinates":[[[135.54,34.676],[135.545,34.676],[135.545,34.68],[135.54,34.68],[135.54,34.676]]]}},{"type":"Feature","properties":{"origin":"namba","minutes":40.3},"geometry":{"type":"Polygon","coordinates":[[[135.54,34.68],[135.545,34.68],[135.545,34.684],[135.54,34.684],[135.54,34.68]]]}},{"type":"Feature","properties":{"origin":"namba","minutes":41.8},"geometry":{"type":"Polygon","coordinates":[[[135.54,34.684000000000005],[135.545,34.684000000000005],[135.545,34.688],[135.54,34.688],[135.54,34.684000000000005]]]}},{"type":"Feature","properties":{"origin":"namba","minutes":43.7},"geometry":{"type":"Polygon","coordinates":[[[135.54,34.688],[135.545,34.688],[135.545,34.692],[135.54,34.692],[135.54,34.688]]]}},{"type":"Feature","properties":{"origin":"namba","minutes":45.7},"geometry":{"type":"Polygon","coordinates":[[[135.54,34.692],[135.545,34.692],[135.545,34.696],[135.54,34.696],[135.54,34.692]]]}},{"type":"Feature","properties":{"origin":"namba","minutes":47.9},"geometry":{"type":"Polygon","coordinates":[[[135.54,34.696000000000005],[135.545,34.696000000000005],[135.545,34.7],[135.54,34.7],[135.54,34.696000000000005]]]}},{"type":"Feature","properties":{"origin":"namba","minutes":50.3},"geometry":{"type":"Polygon","coordinates":[[[135.54,34.7],[135.545,34.7],[135.545,34.704],[135.54,34.704],[135.54,34.7]]]}},{"type":"Feature","properties":{"origin":"namba","minutes":52.7},"geometry":{"type":"Polygon","coordinates":[[[135.54,34.704],[135.545,34.704],[135.545,34.708],[135.54,34.708],[135.54,34.704]]]}},{"type":"Feature","properties":{"origin":"namba","minutes":55.3},"geometry":{"type":"Polygon","coordinates":[[[135.54,34.708000000000006],[135.545,34.708000000000006],[135.545,34.712],[135.54,34.712],[135.54,34.708000000000006]]]}},{"type":"Feature","properties":{"origin":"namba","minutes":58.0},"geometry":{"type":"Polygon","coordinates":[[[135.54,34.712],[135.545,34.712],[135.545,34.716],[135.54,34.716],[135.54,34.712]]]}},{"type":"Feature","properties":{"origin":"namba","minutes":58.9},"geometry":{"type":"Polygon","coordinates":[[[135.545,34.616],[135.54999999999998,34.616],[135.54999999999998,34.62],[135.545,34.62],[135.545,34.616]]]}},{"type":"Feature","properties":{"origin":"namba","minutes":56.4},"geometry":{"type":"Polygon","coordinates":[[[135.545,34.620000000000005],[135.54999999999998,34.620000000000005],[135.54999999999998,34.624],[135.545,34.624],[135.545,34.620000000000005]]]}},{"type":"Feature","properties":{"origin":"namba","minutes":54.0},"geometry":{"type":"Polygon","coordinates":[[[135.545,34.624],[135.54999999999998,34.624],[135.54999999999998,34.628],[135.545,34.628],[135.545,34.624]]]}},{"type":"Feature","properties":{"origin":"namba","minutes":51.7},"geometry":{"type":"Polygon","coordinates":[[[135.545,34.628],[135.54999999999998,34.628],[135.54999999999998,34.632],[135.545,34.632],[135.545,34.628]]]}},{"type":"Feature","properties":{"origin":"namba","minutes":49.5},"geometry":{"type":"Polygon","coordinates":[[[135.545,34.632000000000005],[135.54999999999998,34.632000000000005],[135.54999999999998,34.636],[135.545,34.636],[135.545,34.632000000000005]]]}},{"type":"Feature","properties":{"origin":"namba","minutes":47.5},"geometry":{"type":"Polygon","coordinates":[[[135.545,34.636],[135.54999999999998,34.636],[135.54999999999998,34.64],[135.545,34.64],[135.545,34.636]]]}},{"type":"Feature","properties":{"origin":"namba","minutes":45.7},"geometry":{"type":"Polygon","coordinates":[[[135.545,34.64],[135.54999999999998,34.64],[135.54999999999998,34.644],[135.545,34.644],[135.545,34.64]]]}},{"type":"Feature","properties":{"origin":"namba","minutes":44.1},"geometry":{"type":"Polygon","coordinates":[[[135.545,34.644000000000005],[135.54999999999998,34.644000000000005],[135.54999999999998,34.648],[135.545,34.648],[135.545,34.644000000000005]]]}},{"type":"Feature","properties":{"origin":"namba","minutes":42.8},"geometry":{"type":"Polygon","coordinates":[[[135.545,34.648],[135.54999999999998,34.648],[135.54999999999998,34.652],[135.545,34.652],[135.545,34.648]]]}},{"type":"Feature","properties":{"origin":"namba","minutes":41.7},"geometry":{"type":"Polygon","coordinates":[[[135.545,34.652],[135.54999999999998,34.652],[135.54999999999998,34.656],[135.545,34.656],[135.545,34.652]]]}},{"type":"Feature","properties":{"origin":"namba","minutes":41.0},"geometry":{"type":"Polygon","coordinates":[[[135.545,34.656],[135.54999999999998,34.656],[135.54999999999998,34.66],[135.545,34.66],[135.545,34.656]]]}},{"type":"Feature","properties":{"origin":"namba","minutes":40.6},"geometry":{"type":"Polygon","coordinates":[[[135.545,34.660000000000004],[135.54999999999998,34.660000000000004],[135.54999999999998,34.664],[135.545,34.664],[135.545,34.660000000000004]]]}},{"type":"Feature","properties":{"origin":"namba","minutes":40.5},"geometry":{"type":"Polygon","coordinates":[[[135.545,34.664],[135.54999999999998,34.664],[135.54999999999998,34.668],[135.545,34.668],[135.545,34.664]]]}},{"type":"Feature","properties":{"origin":"namba","minutes":40.7},"geometry":{"type":"Polygon","coordinates":[[[135.545,34.668],[135.54999999999998,34.668],[135.54999999999998,34.672],[135.545,34.672],[135.545,34.668]]]}},{"type":"Feature","properties":{"origin":"namba","minutes":41.3},"geometry":{"type":"Polygon","coordinates":[[[135.545,34.672000000000004],[135.54999999999998,34.672000000000004],[135.54999999999998,34.676],[135.545,34.676],[135.545,34.672000000000004]]]}},{"type":"Feature","properties":{"origin":"namba","minutes":42.2},"geometry":{"type":"Polygon","coordinates":[[[135.545,34.676],[135.54999999999998,34.676],[135.54999999999998,34.68],[135.545,34.68],[135.545,34.676]]]}},{"type":"Feature","properties":{"origin":"namba","minutes":43.4},"geometry":{"type":"Polygon","coordinates":[[[135.545,34.68],[135.54999999999998,34.68],[135.54999999999998,34.684],[135.545,34.684],[135.545,34.68]]]}},{"type":"Feature","properties":{"origin":"namba","minutes":44.8},"geometry":{"type":"Polygon","coordinates":[[[135.545,34.684000000000005],[135.54999999999998,34.684000000000005],[135.54999999999998,34.688],[135.545,34.688],[135.545,34.684000000000005]]]}},{"type":"Feature","properties":{"origin":"namba","minutes":46.5},"geometry":{"type":"Polygon","coordinates":[[[135.545,34.688],[135.54999999999998,34.688],[135.54999999999998,34.692],[135.545,34.692],[135.545,34.688]]]}},{"type":"Feature","properties":{"origin":"namba","minutes":48.4},"geometry":{"type":"Polygon","coordinates":[[[135.545,34.692],[135.54999999999998,34.692],[135.54999999999998,34.696],[135.545,34.696],[135.545,34.692]]]}},{"type":"Feature","properties":{"origin":"namba","minutes":50.5},"geometry":{"type":"Polygon","coordinates":[[[135.545,34.696000000000005],[135.54999999999998,34.696000000000005],[135.54999999999998,34.7],[135.545,34.7],[135.545,34.696000000000005]]]}},{"type":"Feature","properties":{"origin":"namba","minutes":52.7},"geometry":{"type":"Polygon","coordinates":[[[135.545,34.7],[135.54999999999998,34.7],[135.54999999999998,34.704],[135.545,34.704],[135.545,34.7]]]}},{"type":"Feature","properties":{"origin":"namba","minutes":55.0},"geometry":{"type":"Polygon","coordinates":[[[135.545,34.704],[135.54999999999998,34.704],[135.54999999999998,34.708],[135.545,34.708],[135.545,34.704]]]}},{"type":"Feature","properties":{"origin":"namba","minutes":57.5},"geometry":{"type":"Polygon","coordinates":[[[135.545,34.708000000000006],[135.54999999999998,34.708000000000006],[135.54999999999998,34.712],[135.545,34.712],[135.545,34.708000000000006]]]}},{"type":"Feature","properties":{"origin":"namba","minutes":58.8},"geometry":{"type":"Polygon","coordinates":[[[135.54999999999998,34.620000000000005],[135.55499999999998,34.620000000000005],[135.55499999999998,34.624],[135.54999999999998,34.624],[135.54999999999998,34.620000000000005]]]}},{"type":"Feature","properties":{"origin":"namba","minutes":56.5},"geometry":{"type":"Polygon","coordinates":[[[135.54999999999998,34.624],[135.55499999999998,34.624],[135.55499999999998,34.628],[135.54999999999998,34.628],[135.54999999999998,34.624]]]}},{"type":"Feature","properties":{"origin":"namba","minutes":54.3},"geometry":{"type":"Polygon","coordinates":[[[135.54999999999998,34.628],[135.55499999999998,34.628],[135.55499999999998,34.632],[135.54999999999998,34.632],[135.54999999999998,34.628]]]}},{"type":"Feature","properties":{"origin":"namba","minutes":52.3},"geometry":{"type":"Polygon","coordinates":[[[135.54999999999998,34.632000000000005],[135.55499999999998,34.632000000000005],[135.55499999999998,34.636],[135.54999999999998,34.636],[135.54999999999998,34.632000000000005]]]}},{"type":"Feature","properties":{"origin":"namba","minutes":50.4},"geometry":{"type":"Polygon","coordinates":[[[135.54999999999998,34.636],[135.55499999999998,34.636],[135.55499999999998,34.64],[135.54999999999998,34.64],[135.54999999999998,34.636]]]}},{"type":"Feature","properties":{"origin":"namba","minutes":48.7},"geometry":{"type":"Polygon","coordinates":[[[135.54999999999998,34.64],[135.55499999999998,34.64],[135.55499999999998,34.644],[135.54999999999998,34.644],[135.54999999999998,34.64]]]}},{"type":"Feature","properties":{"origin":"namba","minutes":47.3},"geometry":{"type":"Polygon","coordinates":[[[135.54999999999998,34.644000000000005],[135.55499999999998,34.644000000000005],[135.55499999999998,34.648],[135.54999999999998,34.648],[135.54999999999998,34.644000000000005]]]}},{"type":"Feature","properties":{"origin":"namba","minutes":46.0},"geometry":{"type":"Polygon","coordinates":[[[135.54999999999998,34.648],[135.55499999999998,34.648],[135.55499999999998,34.652],[135.54999999999998,34.652],[135.54999999999998,34.648]]]}},{"type":"Feature","properties":{"origin":"namba","minutes":45.1},"geometry":{"type":"Polygon","coordinates":[[[135.54999999999998,34.652],[135.55499999999998,34.652],[135.55499999999998,34.656],[135.54999999999998,34.656],[135.54999999999998,34.652]]]}},{"type":"Feature","properties":{"origin":"namba","minutes":44.4},"geometry":{"type":"Polygon","coordinates":[[[135.54999999999998,34.656],[135.55499999999998,34.656],[135.55499999999998,34.66],[135.54999999999998,34.66],[135.54999999999998,34.656]]]}},{"type":"Feature","properties":{"origin":"namba","minutes":44.0},"geometry":{"type":"Polygon","coordinates":[[[135.54999999999998,34.660000000000004],[135.55499999999998,34.660000000000004],[135.55499999999998,34.664],[135.54999999999998,34.664],[135.54999999999998,34.660000000000004]]]}},{"type":"Feature","properties":{"origin":"namba","minutes":43.9},"geometry":{"type":"Polygon","coordinates":[[[135.54999999999998,34.664],[135.55499999999998,34.664],[135.55499999999998,34.668],[135.54999999999998,34.668],[135.54999999999998,34.664]]]}},{"type":"Feature","properties":{"origin":"namba","minutes":44.1},"geometry":{"type":"Polygon","coordinates":[[[135.54999999999998,34.668],[135.55499999999998,34.668],[135.55499999999998,34.672],[135.54999999999998,34.672],[135.54999999999998,34.668]]]}},{"type":"Feature","properties":{"origin":"namba","minutes":44.6},"geometry":{"type":"Polygon","coordinates":[[[135.54999999999998,34.672000000000004],[135.55499999999998,34.672000000000004],[135.55499999999998,34.676],[135.54999999999998,34.676],[135.54999999999998,34.672000000000004]]]}},{"type":"Feature","properties":{"origin":"namba","minutes":45.5},"geometry":{"type":"Polygon","coordinates":[[[135.54999999999998,34.676],[135.55499999999998,34.676],[135.55499999999998,34.68],[135.54999999999998,34.68],[135.54999999999998,34.676]]]}},{"type":"Feature","properties":{"origin":"namba","minutes":46.5},"geometry":{"type":"Polygon","coordinates":[[[135.54999999999998,34.68],[135.55499999999998,34.68],[135.55499999999998,34.684],[135.54999999999998,34.684],[135.54999999999998,34.68]]]}},{"type":"Feature","properties":{"origin":"namba","minutes":47.9},"geometry":{"type":"Polygon","coordinates":[[[135.54999999999998,34.684000000000005],[135.55499999999998,34.684000000000005],[135.55499999999998,34.688],[135.54999999999998,34.688],[135.54999999999998,34.684000000000005]]]}},{"type":"Feature","properties":{"origin":"namba","minutes":49.4},"geometry":{"type":"Polygon","coordinates":[[[135.54999999999998,34.688],[135.55499999999998,34.688],[135.55499999999998,34.692],[135.54999999999998,34.692],[135.54999999999998,34.688]]]}},{"type":"Feature","properties":{"origin":"namba","minutes":51.2},"geometry":{"type":"Polygon","coordinates":[[[135.54999999999998,34.692],[135.55499999999998,34.692],[135.55499999999998,34.696],[135.54999999999998,34.696],[135.54999999999998,34.692]]]}},{"type":"Feature","properties":{"origin":"namba","minutes":53.1},"geometry":{"type":"Polygon","coordinates":[[[135.54999999999998,34.696000000000005],[135.55499999999998,34.696000000000005],[135.55499999999998,34.7],[135.54999999999998,34.7],[135.54999999999998,34.696000000000005]]]}},{"type":"Feature","properties":{"origin":"namba","minutes":55.2},"geometry":{"type":"Polygon","coordinates":[[[135.54999999999998,34.7],[135.55499999999998,34.7],[135.55499999999998,34.704],[135.54999999999998,34.704],[135.54999999999998,34.7]]]}},{"type":"Feature","properties":{"origin":"namba","minutes":57.5},"geometry":{"type":"Polygon","coordinates":[[[135.54999999999998,34.704],[135.55499999999998,34.704],[135.55499999999998,34.708],[135.54999999999998,34.708],[135.54999999999998,34.704]]]}},{"type":"Feature","properties":{"origin":"namba","minutes":59.8},"geometry":{"type":"Polygon","coordinates":[[[135.54999999999998,34.708000000000006],[135.55499999999998,34.708000000000006],[135.55499999999998,34.712],[135.54999999999998,34.712],[135.54999999999998,34.708000000000006]]]}},{"type":"Feature","properties":{"origin":"namba","minutes":59.0},"geometry":{"type":"Polygon","coordinates":[[[135.555,34.624],[135.56,34.624],[135.56,34.628],[135.555,34.628],[135.555,34.624]]]}},{"type":"Feature","properties":{"origin":"namba","minutes":57.0},"geometry":{"type":"Polygon","coordinates":[[[135.555,34.628],[135.56,34.628],[135.56,34.632],[135.555,34.632],[135.555,34.628]]]}},{"type":"Feature","properties":{"origin":"namba","minutes":55.1},"geometry":{"type":"Polygon","coordinates":[[[135.555,34.632000000000005],[135.56,34.632000000000005],[135.56,34.636],[135.555,34.636],[135.555,34.632000000000005]]]}},{"type":"Feature","properties":{"origin":"namba","minutes":53.3},"geometry":{"type":"Polygon","coordinates":[[[135.555,34.636],[135.56,34.636],[135.56,34.64],[135.555,34.64],[135.555,34.636]]]}},{"type":"Feature","properties":{"origin":"namba","minutes":51.8},"geometry":{"type":"Polygon","coordinates":[[[135.555,34.64],[135.56,34.64],[135.56,34.644],[135.555,34.644],[135.555,34.64]]]}},{"type":"Feature","properties":{"origin":"namba","minutes":50.4},"geometry":{"type":"Polygon","coordinates":[[[135.555,34.644000000000005],[135.56,34.644000000000005],[135.56,34.648],[135.555,34.648],[135.555,34.644000000000005]]]}},{"type":"Feature","properties":{"origin":"namba","minutes":49.3},"geometry":{"type":"Polygon","coordinates":[[[135.555,34.648],[135.56,34.648],[135.56,34.652],[135.555,34.652],[135.555,34.648]]]}},{"type":"Feature","properties":{"origin":"namba","minutes":48.4},"geometry":{"type":"Polygon","coordinates":[[[135.555,34.652],[135.56,34.652],[135.56,34.656],[135.555,34.656],[135.555,34.652]]]}},{"type":"Feature","properties":{"origin":"namba","minutes":47.8},"geometry":{"type":"Polygon","coordinates":[[[135.555,34.656],[135.56,34.656],[135.56,34.66],[135.555,34.66],[135.555,34.656]]]}},{"type":"Feature","properties":{"origin":"namba","minutes":47.4},"geometry":{"type":"Polygon","coordinates":[[[135.555,34.660000000000004],[135.56,34.660000000000004],[135.56,34.664],[135.555,34.664],[135.555,34.660000000000004]]]}},{"type":"Feature","properties":{"origin":"namba","minutes":47.3},"geometry":{"type":"Polygon","coordinates":[[[135.555,34.664],[135.56,34.664],[135.56,34.668],[135.555,34.668],[135.555,34.664]]]}},{"type":"Feature","properties":{"origin":"namba","minutes":47.5},"geometry":{"type":"Polygon","coordinates":[[[135.555,34.668],[135.56,34.668],[135.56,34.672],[135.555,34.672],[135.555,34.668]]]}},{"type":"Feature","properties":{"origin":"namba","minutes":48.0},"geometry":{"type":"Polygon","coordinates":[[[135.555,34.672000000000004],[135.56,34.672000000000004],[135.56,34.676],[135.555,34.676],[135.555,34.672000000000004]]]}},{"type":"Feature","properties":{"origin":"namba","minutes":48.8},"geometry":{"type":"Polygon","coordinates":[[[135.555,34.676],[135.56,34.676],[135.56,34.68],[135.555,34.68],[135.555,34.676]]]}},{"type":"Feature","properties":{"origin":"namba","minutes":49.8},"geometry":{"type":"Polygon","coordinates":[[[135.555,34.68],[135.56,34.68],[135.56,34.684],[135.555,34.684],[135.555,34.68]]]}},{"type":"Feature","properties":{"origin":"namba","minutes":51.0},"geometry":{"type":"Polygon","coordinates":[[[135.555,34.684000000000005],[135.56,34.684000000000005],[135.56,34.688],[135.555,34.688],[135.555,34.684000000000005]]]}},{"type":"Feature","properties":{"origin":"namba","minutes":52.5},"geometry":{"type":"Polygon","coordinates":[[[135.555,34.688],[135.56,34.688],[135.56,34.692],[135.555,34.692],[135.555,34.688]]]}},{"type":"Feature","properties":{"origin":"namba","minutes":54.1},"geometry":{"type":"Polygon","coordinates":[[[135.555,34.692],[135.56,34.692],[135.56,34.696],[135.555,34.696],[135.555,34.692]]]}},{"type":"Feature","properties":{"origin":"namba","minutes":55.9},"geometry":{"type":"Polygon","coordinates":[[[135.555,34.696000000000005],[135.56,34.696000000000005],[135.56,34.7],[135.555,34.7],[135.555,34.696000000000005]]]}},{"type":"Feature","properties":{"origin":"namba","minutes":57.9},"geometry":{"type":"Polygon","coordinates":[[[135.555,34.7],[135.56,34.7],[135.56,34.704],[135.555,34.704],[135.555,34.7]]]}},{"type":"Feature","properties":{"origin":"namba","minutes":60.0},"geometry":{"type":"Polygon","coordinates":[[[135.555,34.704],[135.56,34.704],[135.56,34.708],[135.555,34.708],[135.555,34.704]]]}},{"type":"Feature","properties":{"origin":"namba","minutes":59.8},"geometry":{"type":"Polygon","coordinates":[[[135.56,34.628],[135.565,34.628],[135.565,34.632],[135.56,34.632],[135.56,34.628]]]}},{"type":"Feature","properties":{"origin":"namba","minutes":58.0},"geometry":{"type":"Polygon","coordinates":[[[135.56,34.632000000000005],[135.565,34.632000000000005],[135.565,34.636],[135.56,34.636],[135.56,34.632000000000005]]]}},{"type":"Feature","properties":{"origin":"namba","minutes":56.3},"geometry":{"type":"Polygon","coordinates":[[[135.56,34.636],[135.565,34.636],[135.565,34.64],[135.56,34.64],[135.56,34.636]]]}},{"type":"Feature","properties":{"origin":"namba","minutes":54.9},"geometry":{"type":"Polygon","coordinates":[[[135.56,34.64],[135.565,34.64],[135.565,34.644],[135.56,34.644],[135.56,34.64]]]}},{"type":"Feature","properties":{"origin":"namba","minutes":53.6},"geometry":{"type":"Polygon","coordinates":[[[135.56,34.644000000000005],[135.565,34.644000000000005],[135.565,34.648],[135.56,34.648],[135.56,34.644000000000005]]]}},{"type":"Feature","properties":{"origin":"namba","minutes":52.6},"geometry":{"type":"Polygon","coordinates":[[[135.56,34.648],[135.565,34.648],[135.565,34.652],[135.56,34.652],[135.56,34.648]]]}},{"type":"Feature","properties":{"origin":"namba","minutes":51.7},"geometry":{"type":"Polygon","coordinates":[[[135.56,34.652],[135.565,34.652],[135.565,34.656],[135.56,34.656],[135.56,34.652]]]}},{"type":"Feature","properties":{"origin":"namba","minutes":51.2},"geometry":{"type":"Polygon","coordinates":[[[135.56,34.656],[135.565,34.656],[135.565,34.66],[135.56,34.66],[135.56,34.656]]]}},{"type":"Feature","properties":{"origin":"namba","minutes":50.8},"geometry":{"type":"Polygon","coordinates":[[[135.56,34.660000000000004],[135.565,34.660000000000004],[135.565,34.664],[135.56,34.664],[135.56,34.660000000000004]]]}},{"type":"Feature","properties":{"origin":"namba","minutes":50.8},"geometry":{"type":"Polygon","coordinates":[[[135.56,34.664],[135.565,34.664],[135.565,34.668],[135.56,34.668],[135.56,34.664]]]}},{"type":"Feature","properties":{"origin":"namba","minutes":50.9},"geometry":{"type":"Polygon","coordinates":[[[135.56,34.668],[135.565,34.668],[135.565,34.672],[135.56,34.672],[135.56,34.668]]]}},{"type":"Feature","properties":{"origin":"namba","minutes":51.4},"geometry":{"type":"Polygon","coordinates":[[[135.56,34.672000000000004],[135.565,34.672000000000004],[135.565,34.676],[135.56,34.676],[135.56,34.672000000000004]]]}},{"type":"Feature","properties":{"origin":"namba","minutes":52.1},"geometry":{"type":"Polygon","coordinates":[[[135.56,34.676],[135.565,34.676],[135.565,34.68],[135.56,34.68],[135.56,34.676]]]}},{"type":"Feature","properties":{"origin":"namba","minutes":53.0},"geometry":{"type":"Polygon","coordinates":[[[135.56,34.68],[135.565,34.68],[135.565,34.684],[135.56,34.684],[135.56,34.68]]]}},{"type":"Feature","properties":{"origin":"namba","minutes":54.2},"geometry":{"type":"Polygon","coordinates":[[[135.56,34.684000000000005],[135.565,34.684000000000005],[135.565,34.688],[135.56,34.688],[135.56,34.684000000000005]]]}},{"type":"Feature","properties":{"origin":"namba","minutes":55.5},"geometry":{"type":"Polygon","coordinates":[[[135.56,34.688],[135.565,34.688],[135.565,34.692],[135.56,34.692],[135.56,34.688]]]}},{"type":"Feature","properties":{"origin":"namba","minutes":57.1},"geometry":{"type":"Polygon","coordinates":[[[135.56,34.692],[135.565,34.692],[135.565,34.696],[135.56,34.696],[135.56,34.692]]]}},{"type":"Feature","properties":{"origin":"namba","minutes":58.8},"geometry":{"type":"Polygon","coordinates":[[[135.56,34.696000000000005],[135.565,34.696000000000005],[135.565,34.7],[135.56,34.7],[135.56,34.696000000000005]]]}},{"type":"Feature","properties":{"origin":"namba","minutes":59.4},"geometry":{"type":"Polygon","coordinates":[[[135.565,34.636],[135.57,34.636],[135.57,34.64],[135.565,34.64],[135.565,34.636]]]}},{"type":"Feature","properties":{"origin":"namba","minutes":58.0},"geometry":{"type":"Polygon","coordinates":[[[135.565,34.64],[135.57,34.64],[135.57,34.644],[135.565,34.644],[135.565,34.64]]]}},{"type":"Feature","properties":{"origin":"namba","minutes":56.8},"geometry":{"type":"Polygon","coordinates":[[[135.565,34.644000000000005],[135.57,34.644000000000005],[135.57,34.648],[135.565,34.648],[135.565,34.644000000000005]]]}},{"type":"Feature","properties":{"origin":"namba","minutes":55.9},"geometry":{"type":"Polygon","coordinates":[[[135.565,34.648],[135.57,34.648],[135.57,34.652],[135.565,34.652],[135.565,34.648]]]}},{"type":"Feature","properties":{"origin":"namba","minutes":55.1},"geometry":{"type":"Polygon","coordinates":[[[135.565,34.652],[135.57,34.652],[135.57,34.656],[135.565,34.656],[135.565,34.652]]]}},{"type":"Feature","properties":{"origin":"namba","minutes":54.6},"geometry":{"type":"Polygon","coordinates":[[[135.565,34.656],[135.57,34.656],[135.57,34.66],[135.565,34.66],[135.565,34.656]]]}},{"type":"Feature","properties":{"origin":"namba","minutes":54.3},"geometry":{"type":"Polygon","coordinates":[[[135.565,34.660000000000004],[135.57,34.660000000000004],[135.57,34.664],[135.565,34.664],[135.565,34.660000000000004]]]}},{"type":"Feature","properties":{"origin":"namba","minutes":54.2},"geometry":{"type":"Polygon","coordinates":[[[135.565,34.664],[135.57,34.664],[135.57,34.668],[135.565,34.668],[135.565,34.664]]]}},{"type":"Feature","properties":{"origin":"namba","minutes":54.4},"geometry":{"type":"Polygon","coordinates":[[[135.565,34.668],[135.57,34.668],[135.57,34.672],[135.565,34.672],[135.565,34.668]]]}},{"type":"Feature","properties":{"origin":"namba","minutes":54.8},"geometry":{"type":"Polygon","coordinates":[[[135.565,34.672000000000004],[135.57,34.672000000000004],[135.57,34.676],[135.565,34.676],[135.565,34.672000000000004]]]}},{"type":"Feature","properties":{"origin":"namba","minutes":55.4},"geometry":{"type":"Polygon","coordinates":[[[135.565,34.676],[135.57,34.676],[135.57,34.68],[135.565,34.68],[135.565,34.676]]]}},{"type":"Feature","properties":{"origin":"namba","minutes":56.3},"geometry":{"type":"Polygon","coordinates":[[[135.565,34.68],[135.57,34.68],[135.57,34.684],[135.565,34.684],[135.565,34.68]]]}},{"type":"Feature","properties":{"origin":"namba","minutes":57.4},"geometry":{"type":"Polygon","coordinates":[[[135.565,34.684000000000005],[135.57,34.684000000000005],[135.57,34.688],[135.565,34.688],[135.565,34.684000000000005]]]}},{"type":"Feature","properties":{"origin":"namba","minutes":58.6},"geometry":{"type":"Polygon","coordinates":[[[135.565,34.688],[135.57,34.688],[135.57,34.692],[135.565,34.692],[135.565,34.688]]]}},{"type":"Feature","properties":{"origin":"namba","minutes":59.2},"geometry":{"type":"Polygon","coordinates":[[[135.57,34.648],[135.575,34.648],[135.575,34.652],[135.57,34.652],[135.57,34.648]]]}},{"type":"Feature","properties":{"origin":"namba","minutes":58.5},"geometry":{"type":"Polygon","coordinates":[[[135.57,34.652],[135.575,34.652],[135.575,34.656],[135.57,34.656],[135.57,34.652]]]}},{"type":"Feature","properties":{"origin":"namba","minutes":58.0},"geometry":{"type":"Polygon","coordinates":[[[135.57,34.656],[135.575,34.656],[135.575,34.66],[135.57,34.66],[135.57,34.656]]]}},{"type":"Feature","properties":{"origin":"namba","minutes":57.7},"geometry":{"type":"Polygon","coordinates":[[[135.57,34.660000000000004],[135.575,34.660000000000004],[135.575,34.664],[135.57,34.664],[135.57,34.660000000000004]]]}},{"type":"Feature","properties":{"origin":"namba","minutes":57.6},"geometry":{"type":"Polygon","coordinates":[[[135.57,34.664],[135.575,34.664],[135.575,34.668],[135.57,34.668],[135.57,34.664]]]}},{"type":"Feature","properties":{"origin":"namba","minutes":57.8},"geometry":{"type":"Polygon","coordinates":[[[135.57,34.668],[135.575,34.668],[135.575,34.672],[135.57,34.672],[135.57,34.668]]]}},{"type":"Feature","properties":{"origin":"namba","minutes":58.2},"geometry":{"type":"Polygon","coordinates":[[[135.57,34.672000000000004],[135.575,34.672000000000004],[135.575,34.676],[135.57,34.676],[135.57,34.672000000000004]]]}},{"type":"Feature","properties":{"origin":"namba","minutes":58.8},"geometry":{"type":"Polygon","coordinates":[[[135.57,34.676],[135.575,34.676],[135.575,34.68],[135.57,34.68],[135.57,34.676]]]}},{"type":"Feature","properties":{"origin":"namba","minutes":59.6},"geometry":{"type":"Polygon","coordinates":[[[135.57,34.68],[135.575,34.68],[135.575,34.684],[135.57,34.684],[135.57,34.68]]]}},{"type":"Feature","properties":{"origin":"tennoji","minutes":60.0},"geometry":{"type":"Polygon","coordinates":[[[135.44,34.624],[135.445,34.624],[135.445,34.628],[135.44,34.628],[135.44,34.624]]]}},{"type":"Feature","properties":{"origin":"tennoji","minutes":59.0},"geometry":{"type":"Polygon","coordinates":[[[135.44,34.628],[135.445,34.628],[135.445,34.632],[135.44,34.632],[135.44,34.628]]]}},{"type":"Feature","properties":{"origin":"tennoji","minutes":58.2},"geometry":{"type":"Polygon","coordinates":[[[135.44,34.632000000000005],[135.445,34.632000000000005],[135.445,34.636],[135.44,34.636],[135.44,34.632000000000005]]]}},{"type":"Feature","properties":{"origin":"tennoji","minutes":57.5},"geometry":{"type":"Polygon","coordinates":[[[135.44,34.636],[135.445,34.636],[135.445,34.64],[135.44,34.64],[135.44,34.636]]]}},{"type":"Feature","properties":{"origin":"tennoji","minutes":57.1},"geometry":{"type":"Polygon","coordinates":[[[135.44,34.64],[135.445,34.64],[135.445,34.644],[135.44,34.644],[135.44,34.64]]]}},{"type":"Feature","properties":{"origin":"tennoji","minutes":56.9},"geometry":{"type":"Polygon","coordinates":[[[135.44,34.644000000000005],[135.445,34.644000000000005],[135.445,34.648],[135.44,34.648],[135.44,34.644000000000005]]]}},{"type":"Feature","properties":{"origin":"tennoji","minutes":57.0},"geometry":{"type":"Polygon","coordinates":[[[135.44,34.648],[135.445,34.648],[135.445,34.652],[135.44,34.652],[135.44,34.648]]]}},{"type":"Feature","properties":{"origin":"tennoji","minutes":57.2},"geometry":{"type":"Polygon","coordinates":[[[135.44,34.652],[135.445,34.652],[135.445,34.656],[135.44,34.656],[135.44,34.652]]]}},{"type":"Feature","properties":{"origin":"tennoji","minutes":57.7},"geometry":{"type":"Polygon","coordinates":[[[135.44,34.656],[135.445,34.656],[135.445,34.66],[135.44,34.66],[135.44,34.656]]]}},{"type":"Feature","properties":{"origin":"tennoji","minutes":58.4},"geometry":{"type":"Polygon","coordinates":[[[135.44,34.660000000000004],[135.445,34.660000000000004],[135.445,34.664],[135.44,34.664],[135.44,34.660000000000004]]]}},{"type":"Feature","properties":{"origin":"tennoji","minutes":59.3},"geometry":{"type":"Polygon","coordinates":[[[135.44,34.664],[135.445,34.664],[135.445,34.668],[135.44,34.668],[135.44,34.664]]]}},{"type":"Feature","properties":{"origin":"tennoji","minutes":59.6},"geometry":{"type":"Polygon","coordinates":[[[135.445,34.616],[135.45,34.616],[135.45,34.62],[135.445,34.62],[135.445,34.616]]]}},{"type":"Feature","properties":{"origin":"tennoji","minutes":58.1},"geometry":{"type":"Polygon","coordinates":[[[135.445,34.620000000000005],[135.45,34.620000000000005],[135.45,34.624],[135.445,34.624],[135.445,34.620000000000005]]]}},{"type":"Feature","properties":{"origin":"tennoji","minutes":56.8},"geometry":{"type":"Polygon","coordinates":[[[135.445,34.624],[135.45,34.624],[135.45,34.628],[135.445,34.628],[135.445,34.624]]]}},{"type":"Feature","properties":{"origin":"tennoji","minutes":55.7},"geometry":{"type":"Polygon","coordinates":[[[135.445,34.628],[135.45,34.628],[135.45,34.632],[135.445,34.632],[135.445,34.628]]]}},{"type":"Feature","properties":{"origin":"tennoji","minutes":54.8},"geometry":{"type":"Polygon","coordinates":[[[135.445,34.632000000000005],[135.45,34.632000000000005],[135.45,34.636],[135.445,34.636],[135.445,34.632000000000005]]]}},{"type":"Feature","properties":{"origin":"tennoji","minutes":54.2},"geometry":{"type":"Polygon","coordinates":[[[135.445,34.636],[135.45,34.636],[135.45,34.64],[135.445,34.64],[135.445,34.636]]]}},{"type":"Feature","properties":{"origin":"tennoji","minutes":53.7},"geometry":{"type":"Polygon","coordinates":[[[135.445,34.64],[135.45,34.64],[135.45,34.644],[135.445,34.644],[135.445,34.64]]]}},{"type":"Feature","properties":{"origin":"tennoji","minutes":53.5},"geometry":{"type":"Polygon","coordinates":[[[135.445,34.644000000000005],[135.45,34.644000000000005],[135.45,34.648],[135.445,34.648],[135.445,34.644000000000005]]]}},{"type":"Feature","properties":{"origin":"tennoji","minutes":53.6},"geometry":{"type":"Polygon","coordinates":[[[135.445,34.648],[135.45,34.648],[135.45,34.652],[135.445,34.652],[135.445,34.648]]]}},{"type":"Feature","properties":{"origin":"tennoji","minutes":53.8},"geometry":{"type":"Polygon","coordinates":[[[135.445,34.652],[135.45,34.652],[135.45,34.656],[135.445,34.656],[135.445,34.652]]]}},{"type":"Feature","properties":{"origin":"tennoji","minutes":54.4},"geometry":{"type":"Polygon","coordinates":[[[135.445,34.656],[135.45,34.656],[135.45,34.66],[135.445,34.66],[135.445,34.656]]]}},{"type":"Feature","properties":{"origin":"tennoji","minutes":55.1},"geometry":{"type":"Polygon","coordinates":[[[135.445,34.660000000000004],[135.45,34.660000000000004],[135.45,34.664],[135.445,34.664],[135.445,34.660000000000004]]]}},{"type":"Feature","properties":{"origin":"tennoji","minutes":56.1},"geometry":{"type":"Polygon","coordinates":[[[135.445,34.664],[135.45,34.664],[135.45,34.668],[135.445,34.668],[135.445,34.664]]]}},{"type":"Feature","properties":{"origin":"tennoji","minutes":57.3},"geometry":{"type":"Polygon","coordinates":[[[135.445,34.668],[135.45,34.668],[135.45,34.672],[135.445,34.672],[135.445,34.668]]]}},{"type":"Feature","properties":{"origin":"tennoji","minutes":58.6},"geometry":{"type":"Polygon","coordinates":[[[135.445,34.672000000000004],[135.45,34.672000000000004],[135.45,34.676],[135.445,34.676],[135.445,34.672000000000004]]]}},{"type":"Feature","properties":{"origin":"tennoji","minutes":58.4},"geometry":{"type":"Polygon","coordinates":[[[135.45,34.612],[135.45499999999998,34.612],[135.45499999999998,34.616],[135.45,34.616],[135.45,34.612]]]}},{"type":"Feature","properties":{"origin":"tennoji","minutes":56.6},"geometry":{"type":"Polygon","coordinates":[[[135.45,34.616],[135.45499999999998,34.616],[135.45499999999998,34.62],[135.45,34.62],[135.45,34.616]]]}},{"type":"Feature","properties":{"origin":"tennoji","minutes":55.0},"geometry":{"type":"Polygon","coordinates":[[[135.45,34.620000000000005],[135.45499999999998,34.620000000000005],[135.45499999999998,34.624],[135.45,34.624],[135.45,34.620000000000005]]]}},{"type":"Feature","properties":{"origin":"tennoji","minutes":53.7},"geometry":{"type":"Polygon","coordinates":[[[135.45,34.624],[135.45499999999998,34.624],[135.45499999999998,34.628],[135.45,34.628],[135.45,34.624]]]}},{"type":"Feature","properties":{"origin":"tennoji","minutes":52.5},"geometry":{"type":"Polygon","coordinates":[[[135.45,34.628],[135.45499999999998,34.628],[135.45499999999998,34.632],[135.45,34.632],[135.45,34.628]]]}},{"type":"Feature","properties":{"origin":"tennoji","minutes":51.5},"geometry":{"type":"Polygon","coordinates":[[[135.45,34.632000000000005],[135.45499999999998,34.632000000000005],[135.45499999999998,34.636],[135.45,34.636],[135.45,34.632000000000005]]]}},{"type":"Feature","properties":{"origin":"tennoji","minutes":50.8},"geometry":{"type":"Polygon","coordinates":[[[135.45,34.636],[135.45499999999998,34.636],[135.45499999999998,34.64],[135.45,34.64],[135.45,34.636]]]}},{"type":"Feature","properties":{"origin":"tennoji","minutes":50.3},"geometry":{"type":"Polygon","coordinates":[[[135.45,34.64],[135.45499999999998,34.64],[135.45499999999998,34.644],[135.45,34.644],[135.45,34.64]]]}},{"type":"Feature","properties":{"origin":"tennoji","minutes":50.1},"geometry":{"type":"Polygon","coordinates":[[[135.45,34.644000000000005],[135.45499999999998,34.644000000000005],[135.45499999999998,34.648],[135.45,34.648],[135.45,34.644000000000005]]]}},{"type":"Feature","properties":{"origin":"tennoji","minutes":50.1},"geometry":{"type":"Polygon","coordinates":[[[135.45,34.648],[135.45499999999998,34.648],[135.45499999999998,34.652],[135.45,34.652],[135.45,34.648]]]}},{"type":"Feature","properties":{"origin":"tennoji","minutes":50.4},"geometry":{"type":"Polygon","coordinates":[[[135.45,34.652],[135.45499999999998,34.652],[135.45499999999998,34.656],[135.45,34.656],[135.45,34.652]]]}},{"type":"Feature","properties":{"origin":"tennoji","minutes":51.0},"geometry":{"type":"Polygon","coordinates":[[[135.45,34.656],[135.45499999999998,34.656],[135.45499999999998,34.66],[135.45,34.66],[135.45,34.656]]]}},{"type":"Feature","properties":{"origin":"tennoji","minutes":51.8},"geometry":{"type":"Polygon","coordinates":[[[135.45,34.660000000000004],[135.45499999999998,34.660000000000004],[135.45499999999998,34.664],[135.45,34.664],[135.45,34.660000000000004]]]}},{"type":"Feature","properties":{"origin":"tennoji","minutes":52.9},"geometry":{"type":"Polygon","coordinates":[[[135.45,34.664],[135.45499999999998,34.664],[135.45499999999998,34.668],[135.45,34.668],[135.45,34.664]]]}},{"type":"Feature","properties":{"origin":"tennoji","minutes":54.1},"geometry":{"type":"Polygon","coordinates":[[[135.45,34.668],[135.45499999999998,34.668],[135.45499999999998,34.672],[135.45,34.672],[135.45,34.668]]]}},{"type":"Feature","properties":{"origin":"tennoji","minutes":55.6},"geometry":{"type":"Polygon","coordinates":[[[135.45,34.672000000000004],[135.45499999999998,34.672000000000004],[135.45499999999998,34.676],[135.45,34.676],[135.45,34.672000000000004]]]}},{"type":"Feature","properties":{"origin":"tennoji","minutes":57.2},"geometry":{"type":"Polygon","coordinates":[[[135.45,34.676],[135.45499999999998,34.676],[135.45499999999998,34.68],[135.45,34.68],[135.45,34.676]]]}},{"type":"Feature","properties":{"origin":"tennoji","minutes":59.0},"geometry":{"type":"Polygon","coordinates":[[[135.45,34.68],[135.45499999999998,34.68],[135.45499999999998,34.684],[135.45,34.684],[135.45,34.68]]]}},{"type":"Feature","properties":{"origin":"tennoji","minutes":59.7},"geometry":{"type":"Polygon","coordinates":[[[135.45499999999998,34.604],[135.45999999999998,34.604],[135.45999999999998,34.608],[135.45499999999998,34.608],[135.45499999999998,34.604]]]}},{"type":"Feature","properties":{"origin":"tennoji","minutes":57.6},"geometry":{"type":"Polygon","coordinates":[[[135.45499999999998,34.608000000000004],[135.45999999999998,34.608000000000004],[135.45999999999998,34.612],[135.45499999999998,34.612],[135.45499999999998,34.608000000000004]]]}},{"type":"Feature","properties":{"origin":"tennoji","minutes":55.6},"geometry":{"type":"Polygon","coordinates":[[[135.45499999999998,34.612],[135.45999999999998,34.612],[135.45999999999998,34.616],[135.45499999999998,34.616],[135.45499999999998,34.612]]]}},{"type":"Feature","properties":{"origin":"tennoji","minutes":53.7},"geometry":{"type":"Polygon","coordinates":[[[135.45499999999998,34.616],[135.45999999999998,34.616],[135.45999999999998,34.62],[135.45499999999998,34.62],[135.45499999999998,34.616]]]}},{"type":"Feature","properties":{"origin":"tennoji","minutes":52.0},"geometry":{"type":"Polygon","coordinates":[[[135.45499999999998,34.620000000000005],[135.45999999999998,34.620000000000005],[135.45999999999998,34.624],[135.45499999999998,34.624],[135.45499999999998,34.620000000000005]]]}},{"type":"Feature","properties":{"origin":"tennoji","minutes":50.5},"geometry":{"type":"Polygon","coordinates":[[[135.45499999999998,34.624],[135.45999999999998,34.624],[135.45999999999998,34.628],[135.45499999999998,34.628],[135.45499999999998,34.624]]]}},{"type":"Feature","properties":{"origin":"tennoji","minutes":49.2},"geometry":{"type":"Polygon","coordinates":[[[135.45499999999998,34.628],[135.45999999999998,34.628],[135.45999999999998,34.632],[135.45499999999998,34.632],[135.45499999999998,34.628]]]}},{"type":"Feature","properties":{"origin":"tennoji","minutes":48.2},"geometry":{"type":"Polygon","coordinates":[[[135.45499999999998,34.632000000000005],[135.45999999999998,34.632000000000005],[135.45999999999998,34.636],[135.45499999999998,34.636],[135.45499999999998,34.632000000000005]]]}},{"type":"Feature","properties":{"origin":"tennoji","minutes":47.4},"geometry":{"type":"Polygon","coordinates":[[[135.45499999999998,34.636],[135.45999999999998,34.636],[135.45999999999998,34.64],[135.45499999999998,34.64],[135.45499999999998,34.636]]]}},{"type":"Feature","properties":{"origin":"tennoji","minutes":46.9},"geometry":{"type":"Polygon","coordinates":[[[135.45499999999998,34.64],[135.45999999999998,34.64],[135.45999999999998,34.644],[135.45499999999998,34.644],[135.45499999999998,34.64]]]}},{"type":"Feature","properties":{"origin":"tennoji","minutes":46.7},"geometry":{"type":"Polygon","coordinates":[[[135.45499999999998,34.644000000000005],[135.45999999999998,34.644000000000005],[135.45999999999998,34.648],[135.45499999999998,34.648],[135.45499999999998,34.644000000000005]]]}},{"type":"Feature","properties":{"origin":"tennoji","minutes":46.7},"geometry":{"type":"Polygon","coordinates":[[[135.45499999999998,34.648],[135.45999999999998,34.648],[135.45999999999998,34.652],[135.45499999999998,34.652],[135.45499999999998,34.648]]]}},{"type":"Feature","properties":{"origin":"tennoji","minutes":47.0},"geometry":{"type":"Polygon","coordinates":[[[135.45499999999998,34.652],[135.45999999999998,34.652],[135.45999999999998,34.656],[135.45499999999998,34.656],[135.45499999999998,34.652]]]}},{"type":"Feature","properties":{"origin":"tennoji","minutes":47.6},"geometry":{"type":"Polygon","coordinates":[[[135.45499999999998,34.656],[135.45999999999998,34.656],[135.45999999999998,34.66],[135.45499999999998,34.66],[135.45499999999998,34.656]]]}},{"type":"Feature","properties":{"origin":"tennoji","minutes":48.5},"geometry":{"type":"Polygon","coordinates":[[[135.45499999999998,34.660000000000004],[135.45999999999998,34.660000000000004],[135.45999999999998,34.664],[135.45499999999998,34.664],[135.45499999999998,34.660000000000004]]]}},{"type":"Feature","properties":{"origin":"tennoji","minutes":49.7},"geometry":{"type":"Polygon","coordinates":[[[135.45499999999998,34.664],[135.45999999999998,34.664],[135.45999999999998,34.668],[135.45499999999998,34.668],[135.45499999999998,34.664]]]}},{"type":"Feature","properties":{"origin":"tennoji","minutes":51.0},"geometry":{"type":"Polygon","coordinates":[[[135.45499999999998,34.668],[135.45999999999998,34.668],[135.45999999999998,34.672],[135.45499999999998,34.672],[135.45499999999998,34.668]]]}},{"type":"Feature","properties":{"origin":"tennoji","minutes":52.6},"geometry":{"type":"Polygon","coordinates":[[[135.45499999999998,34.672000000000004],[135.45999999999998,34.672000000000004],[135.45999999999998,34.676],[135.45499999999998,34.676],[135.45499999999998,34.672000000000004]]]}},{"type":"Feature","properties":{"origin":"tennoji","minutes":54.3},"geometry":{"type":"Polygon","coordinates":[[[135.45499999999998,34.676],[135.45999999999998,34.676],[135.45999999999998,34.68],[135.45499999999998,34.68],[135.45499999999998,34.676]]]}},{"type":"Feature","properties":{"origin":"tennoji","minutes":56.2},"geometry":{"type":"Polygon","coordinates":[[[135.45499999999998,34.68],[135.45999999999998,34.68],[135.45999999999998,34.684],[135.45499999999998,34.684],[135.45499999999998,34.68]]]}},{"type":"Feature","properties":{"origin":"tennoji","minutes":58.3},"geometry":{"type":"Polygon","coordinates":[[[135.45499999999998,34.684000000000005],[135.45999999999998,34.684000000000005],[135.45999999999998,34.688],[135.45499999999998,34.688],[135.45499999999998,34.684000000000005]]]}},{"type":"Feature","properties":{"origin":"tennoji","minutes":59.6},"geometry":{"type":"Polygon","coordinates":[[[135.46,34.6],[135.465,34.6],[135.465,34.604],[135.46,34.604],[135.46,34.6]]]}},{"type":"Feature","properties":{"origin":"tennoji","minutes":57.2},"geometry":{"type":"Polygon","coordinates":[[[135.46,34.604],[135.465,34.604],[135.465,34.608],[135.46,34.608],[135.46,34.604]]]}},{"type":"Feature","properties":{"origin":"tennoji","minutes":54.9},"geometry":{"type":"Polygon","coordinates":[[[135.46,34.608000000000004],[135.465,34.608000000000004],[135.465,34.612],[135.46,34.612],[135.46,34.608000000000004]]]}},{"type":"Feature","properties":{"origin":"tennoji","minutes":52.8},"geometry":{"type":"Polygon","coordinates":[[[135.46,34.612],[135.465,34.612],[135.465,34.616],[135.46,34.616],[135.46,34.612]]]}},{"type":"Feature","properties":{"origin":"tennoji","minutes":50.8},"geometry":{"type":"Polygon","coordinates":[[[135.46,34.616],[135.465,34.616],[135.465,34.62],[135.46,34.62],[135.46,34.616]]]}},{"type":"Feature","properties":{"origin":"tennoji","minutes":49.0},"geometry":{"type":"Polygon","coordinates":[[[135.46,34.620000000000005],[135.465,34.620000000000005],[135.465,34.624],[135.46,34.624],[135.46,34.620000000000005]]]}},{"type":"Feature","properties":{"origin":"tennoji","minutes":47.4},"geometry":{"type":"Polygon","coordinates":[[[135.46,34.624],[135.465,34.624],[135.465,34.628],[135.46,34.628],[135.46,34.624]]]}},{"type":"Feature","properties":{"origin":"tennoji","minutes":46.0},"geometry":{"type":"Polygon","coordinates":[[[135.46,34.628],[135.465,34.628],[135.465,34.632],[135.46,34.632],[135.46,34.628]]]}},{"type":"Feature","properties":{"origin":"tennoji","minutes":44.9},"geometry":{"type":"Polygon","coordinates":[[[135.46,34.632000000000005],[135.465,34.632000000000005],[135.465,34.636],[135.46,34.636],[135.46,34.632000000000005]]]}},{"type":"Feature","properties":{"origin":"tennoji","minutes":44.0},"geometry":{"type":"Polygon","coordinates":[[[135.46,34.636],[135.465,34.636],[135.465,34.64],[135.46,34.64],[135.46,34.636]]]}},{"type":"Feature","properties":{"origin":"tennoji","minutes":43.5},"geometry":{"type":"Polygon","coordinates":[[[135.46,34.64],[135.465,34.64],[135.465,34.644],[135.46,34.644],[135.46,34.64]]]}},{"type":"Feature","properties":{"origin":"tennoji","minutes":43.2},"geometry":{"type":"Polygon","coordinates":[[[135.46,34.644000000000005],[135.465,34.644000000000005],[135.465,34.648],[135.46,34.648],[135.46,34.644000000000005]]]}},{"type":"Feature","properties":{"origin":"tennoji","minutes":43.3},"geometry":{"type":"Polygon","coordinates":[[[135.46,34.648],[135.465,34.648],[135.465,34.652],[135.46,34.652],[135.46,34.648]]]}},{"type":"Feature","properties":{"origin":"tennoji","minutes":43.6},"geometry":{"type":"Polygon","coordinates":[[[135.46,34.652],[135.465,34.652],[135.465,34.656],[135.46,34.656],[135.46,34.652]]]}},{"type":"Feature","properties":{"origin":"tennoji","minutes":44.3},"geometry":{"type":"Polygon","coordinates":[[[135.46,34.656],[135.465,34.656],[135.465,34.66],[135.46,34.66],[135.46,34.656]]]}},{"type":"Feature","properties":{"origin":"tennoji","minutes":45.3},"geometry":{"type":"Polygon","coordinates":[[[135.46,34.660000000000004],[135.465,34.660000000000004],[135.465,34.664],[135.46,34.664],[135.46,34.660000000000004]]]}},{"type":"Feature","properties":{"origin":"tennoji","minutes":46.5},"geometry":{"type":"Polygon","coordinates":[[[135.46,34.664],[135.465,34.664],[135.465,34.668],[135.46,34.668],[135.46,34.664]]]}},{"type":"Feature","properties":{"origin":"tennoji","minutes":48.0},"geometry":{"type":"Polygon","coordinates":[[[135.46,34.668],[135.465,34.668],[135.465,34.672],[135.46,34.672],[135.46,34.668]]]}},{"type":"Feature","properties":{"origin":"tennoji","minutes":49.6},"geometry":{"type":"Polygon","coordinates":[[[135.46,34.672000000000004],[135.465,34.672000000000004],[135.465,34.676],[135.46,34.676],[135.46,34.672000000000004]]]}},{"type":"Feature","properties":{"origin":"tennoji","minutes":51.5},"geometry":{"type":"Polygon","coordinates":[[[135.46,34.676],[135.465,34.676],[135.465,34.68],[135.46,34.68],[135.46,34.676]]]}},{"type":"Feature","properties":{"origin":"tennoji","minutes":53.5},"geometry":{"type":"Polygon","coordinates":[[[135.46,34.68],[135.465,34.68],[135.465,34.684],[135.46,34.684],[135.46,34.68]]]}},{"type":"Feature","properties":{"origin":"tennoji","minutes":55.7},"geometry":{"type":"Polygon","coordinates":[[[135.46,34.684000000000005],[135.465,34.684000000000005],[135.465,34.688],[135.46,34.688],[135.46,34.684000000000005]]]}},{"type":"Feature","properties":{"origin":"tennoji","minutes":58.0},"geometry":{"type":"Polygon","coordinates":[[[135.46,34.688],[135.465,34.688],[135.465,34.692],[135.46,34.692],[135.46,34.688]]]}},{"type":"Feature","properties":{"origin":"tennoji","minutes":59.9},"geometry":{"type":"Polygon","coordinates":[[[135.465,34.596000000000004],[135.47,34.596000000000004],[135.47,34.6],[135.465,34.6],[135.465,34.596000000000004]]]}},{"type":"Feature","properties":{"origin":"tennoji","minutes":57.3},"geometry":{"type":"Polygon","coordinates":[[[135.465,34.6],[135.47,34.6],[135.47,34.604],[135.465,34.604],[135.465,34.6]]]}},{"type":"Feature","properties":{"origin":"tennoji","minutes":54.8},"geometry":{"type":"Polygon","coordinates":[[[135.465,34.604],[135.47,34.604],[135.47,34.608],[135.465,34.608],[135.465,34.604]]]}},{"type":"Feature","properties":{"origin":"tennoji","minutes":52.4},"geometry":{"type":"Polygon","coordinates":[[[135.465,34.608000000000004],[135.47,34.608000000000004],[135.47,34.612],[135.465,34.612],[135.465,34.608000000000004]]]}},{"type":"Feature","properties":{"origin":"tennoji","minutes":50.2},"geometry":{"type":"Polygon","coordinates":[[[135.465,34.612],[135.47,34.612],[135.47,34.616],[135.465,34.616],[135.465,34.612]]]}},{"type":"Feature","properties":{"origin":"tennoji","minutes":48.1},"geometry":{"type":"Polygon","coordinates":[[[135.465,34.616],[135.47,34.616],[135.47,34.62],[135.465,34.62],[135.465,34.616]]]}},{"type":"Feature","properties":{"origin":"tennoji","minutes":46.1},"geometry":{"type":"Polygon","coordinates":[[[135.465,34.620000000000005],[135.47,34.620000000000005],[135.47,34.624],[135.465,34.624],[135.465,34.620000000000005]]]}},{"type":"Feature","properties":{"origin":"tennoji","minutes":44.4},"geometry":{"type":"Polygon","coordinates":[[[135.465,34.624],[135.47,34.624],[135.47,34.628],[135.465,34.628],[135.465,34.624]]]}},{"type":"Feature","properties":{"origin":"tennoji","minutes":42.9},"geometry":{"type":"Polygon","coordinates":[[[135.465,34.628],[135.47,34.628],[135.47,34.632],[135.465,34.632],[135.465,34.628]]]}},{"type":"Feature","properties":{"origin":"tennoji","minutes":41.6},"geometry":{"type":"Polygon","coordinates":[[[135.465,34.632000000000005],[135.47,34.632000000000005],[135.47,34.636],[135.465,34.636],[135.465,34.632000000000005]]]}},{"type":"Feature","properties":{"origin":"tennoji","minutes":40.7},"geometry":{"type":"Polygon","coordinates":[[[135.465,34.636],[135.47,34.636],[135.47,34.64],[135.465,34.64],[135.465,34.636]]]}},{"type":"Feature","properties":{"origin":"tennoji","minutes":40.1},"geometry":{"type":"Polygon","coordinates":[[[135.465,34.64],[135.47,34.64],[135.47,34.644],[135.465,34.644],[135.465,34.64]]]}},{"type":"Feature","properties":{"origin":"tennoji","minutes":39.8},"geometry":{"type":"Polygon","coordinates":[[[135.465,34.644000000000005],[135.47,34.644000000000005],[135.47,34.648],[135.465,34.648],[135.465,34.644000000000005]]]}},{"type":"Feature","properties":{"origin":"tennoji","minutes":39.9},"geometry":{"type":"Polygon","coordinates":[[[135.465,34.648],[135.47,34.648],[135.47,34.652],[135.465,34.652],[135.465,34.648]]]}},{"type":"Feature","properties":{"origin":"tennoji","minutes":40.3},"geometry":{"type":"Polygon","coordinates":[[[135.465,34.652],[135.47,34.652],[135.47,34.656],[135.465,34.656],[135.465,34.652]]]}},{"type":"Feature","properties":{"origin":"tennoji","minutes":41.0},"geometry":{"type":"Polygon","coordinates":[[[135.465,34.656],[135.47,34.656],[135.47,34.66],[135.465,34.66],[135.465,34.656]]]}},{"type":"Feature","properties":{"origin":"tennoji","minutes":42.0},"geometry":{"type":"Polygon","coordinates":[[[135.465,34.660000000000004],[135.47,34.660000000000004],[135.47,34.664],[135.465,34.664],[135.465,34.660000000000004]]]}},{"type":"Feature","properties":{"origin":"tennoji","minutes":43.4},"geometry":{"type":"Polygon","coordinates":[[[135.465,34.664],[135.47,34.664],[135.47,34.668],[135.465,34.668],[135.465,34.664]]]}},{"type":"Feature","properties":{"origin":"tennoji","minutes":45.0},"geometry":{"type":"Polygon","coordinates":[[[135.465,34.668],[135.47,34.668],[135.47,34.672],[135.465,34.672],[135.465,34.668]]]}},{"type":"Feature","properties":{"origin":"tennoji","minutes":46.8},"geometry":{"type":"Polygon","coordinates":[[[135.465,34.672000000000004],[135.47,34.672000000000004],[135.47,34.676],[135.465,34.676],[135.465,34.672000000000004]]]}},{"type":"Feature","properties":{"origin":"tennoji","minutes":48.8},"geometry":{"type":"Polygon","coordinates":[[[135.465,34.676],[135.47,34.676],[135.47,34.68],[135.465,34.68],[135.465,34.676]]]}},{"type":"Feature","properties":{"origin":"tennoji","minutes":50.9},"geometry":{"type":"Polygon","coordinates":[[[135.465,34.68],[135.47,34.68],[135.47,34.684],[135.465,34.684],[135.465,34.68]]]}},{"type":"Feature","properties":{"origin":"tennoji","minutes":53.2},"geometry":{"type":"Polygon","coordinates":[[[135.465,34.684000000000005],[135.47,34.684000000000005],[135.47,34.688],[135.465,34.688],[135.465,34.684000000000005]]]}},{"type":"Feature","properties":{"origin":"tennoji","minutes":55.7},"geometry":{"type":"Polygon","coordinates":[[[135.465,34.688],[135.47,34.688],[135.47,34.692],[135.465,34.692],[135.465,34.688]]]}},{"type":"Feature","properties":{"origin":"tennoji","minutes":58.2},"geometry":{"type":"Polygon","coordinates":[[[135.465,34.692],[135.47,34.692],[135.47,34.696],[135.465,34.696],[135.465,34.692]]]}},{"type":"Feature","properties":{"origin":"tennoji","minutes":57.9},"geometry":{"type":"Polygon","coordinates":[[[135.47,34.596000000000004],[135.475,34.596000000000004],[135.475,34.6],[135.47,34.6],[135.47,34.596000000000004]]]}},{"type":"Feature","properties":{"origin":"tennoji","minutes":55.2},"geometry":{"type":"Polygon","coordinates":[[[135.47,34.6],[135.475,34.6],[135.475,34.604],[135.47,34.604],[135.47,34.6]]]}},{"type":"Feature","properties":{"origin":"tennoji","minutes":52.6},"geometry":{"type":"Polygon","coordinates":[[[135.47,34.604],[135.475,34.604],[135.475,34.608],[135.47,34.608],[135.47,34.604]]]}},{"type":"Feature","properties":{"origin":"tennoji","minutes":50.0},"geometry":{"type":"Polygon","coordinates":[[[135.47,34.608000000000004],[135.475,34.608000000000004],[135.475,34.612],[135.47,34.612],[135.47,34.608000000000004]]]}},{"type":"Feature","properties":{"origin":"tennoji","minutes":47.6},"geometry":{"type":"Polygon","coordinates":[[[135.47,34.612],[135.475,34.612],[135.475,34.616],[135.47,34.616],[135.47,34.612]]]}},{"type":"Feature","properties":{"origin":"tennoji","minutes":45.4},"geometry":{"type":"Polygon","coordinates":[[[135.47,34.616],[135.475,34.616],[135.475,34.62],[135.47,34.62],[135.47,34.616]]]}},{"type":"Feature","properties":{"origin":"tennoji","minutes":43.3},"geometry":{"type":"Polygon","coordinates":[[[135.47,34.620000000000005],[135.475,34.620000000000005],[135.475,34.624],[135.47,34.624],[135.47,34.620000000000005]]]}},{"type":"Feature","properties":{"origin":"tennoji","minutes":41.4},"geometry":{"type":"Polygon","coordinates":[[[135.47,34.624],[135.475,34.624],[135.475,34.628],[135.47,34.628],[135.47,34.624]]]}},{"type":"Feature","properties":{"origin":"tennoji","minutes":39.8},"geometry":{"type":"Polygon","coordinates":[[[135.47,34.628],[135.475,34.628],[135.475,34.632],[135.47,34.632],[135.47,34.628]]]}},{"type":"Feature","properties":{"origin":"tennoji","minutes":38.4},"geometry":{"type":"Polygon","coordinates":[[[135.47,34.632000000000005],[135.475,34.632000000000005],[135.475,34.636],[135.47,34.636],[135.47,34.632000000000005]]]}},{"type":"Feature","properties":{"origin":"tennoji","minutes":37.4},"geometry":{"type":"Polygon","coordinates":[[[135.47,34.636],[135.475,34.636],[135.475,34.64],[135.47,34.64],[135.47,34.636]]]}},{"type":"Feature","properties":{"origin":"tennoji","minutes":36.7},"geometry":{"type":"Polygon","coordinates":[[[135.47,34.64],[135.475,34.64],[135.475,34.644],[135.47,34.644],[135.47,34.64]]]}},{"type":"Feature","properties":{"origin":"tennoji","minutes":36.4},"geometry":{"type":"Polygon","coordinates":[[[135.47,34.644000000000005],[135.475,34.644000000000005],[135.475,34.648],[135.47,34.648],[135.47,34.644000000000005]]]}},{"type":"Feature","properties":{"origin":"tennoji","minutes":36.4},"geometry":{"type":"Polygon","coordinates":[[[135.47,34.648],[135.475,34.648],[135.475,34.652],[135.47,34.652],[135.47,34.648]]]}},{"type":"Feature","properties":{"origin":"tennoji","minutes":36.9},"geometry":{"type":"Polygon","coordinates":[[[135.47,34.652],[135.475,34.652],[135.475,34.656],[135.47,34.656],[135.47,34.652]]]}},{"type":"Feature","properties":{"origin":"tennoji","minutes":37.7},"geometry":{"type":"Polygon","coordinates":[[[135.47,34.656],[135.475,34.656],[135.475,34.66],[135.47,34.66],[135.47,34.656]]]}},{"type":"Feature","properties":{"origin":"tennoji","minutes":38.9},"geometry":{"type":"Polygon","coordinates":[[[135.47,34.660000000000004],[135.475,34.660000000000004],[135.475,34.664],[135.47,34.664],[135.47,34.660000000000004]]]}},{"type":"Feature","properties":{"origin":"tennoji","minutes":40.3},"geometry":{"type":"Polygon","coordinates":[[[135.47,34.664],[135.475,34.664],[135.475,34.668],[135.47,34.668],[135.47,34.664]]]}},{"type":"Feature","properties":{"origin":"tennoji","minutes":42.1},"geometry":{"type":"Polygon","coordinates":[[[135.47,34.668],[135.475,34.668],[135.475,34.672],[135.47,34.672],[135.47,34.668]]]}},{"type":"Feature","properties":{"origin":"tennoji","minutes":44.0},"geometry":{"type":"Polygon","coordinates":[[[135.47,34.672000000000004],[135.475,34.672000000000004],[135.475,34.676],[135.47,34.676],[135.47,34.672000000000004]]]}},{"type":"Feature","properties":{"origin":"tennoji","minutes":46.2},"geometry":{"type":"Polygon","coordinates":[[[135.47,34.676],[135.475,34.676],[135.475,34.68],[135.47,34.68],[135.47,34.676]]]}},{"type":"Feature","properties":{"origin":"tennoji","minutes":48.5},"geometry":{"type":"Polygon","coordinates":[[[135.47,34.68],[135.475,34.68],[135.475,34.684],[135.47,34.684],[135.47,34.68]]]}},{"type":"Feature","properties":{"origin":"tennoji","minutes":50.9},"geometry":{"type":"Polygon","coordinates":[[[135.47,34.684000000000005],[135.475,34.684000000000005],[135.475,34.688],[135.47,34.688],[135.47,34.684000000000005]]]}},{"type":"Feature","properties":{"origin":"tennoji","minutes":53.5},"geometry":{"type":"Polygon","coordinates":[[[135.47,34.688],[135.475,34.688],[135.475,34.692],[135.47,34.692],[135.47,34.688]]]}},{"type":"Feature","properties":{"origin":"tennoji","minutes":56.1},"geometry":{"type":"Polygon","coordinates":[[[135.47,34.692],[135.475,34.692],[135.475,34.696],[135.47,34.696],[135.47,34.692]]]}},{"type":"Feature","properties":{"origin":"tennoji","minutes":58.8},"geometry":{"type":"Polygon","coordinates":[[[135.47,34.696000000000005],[135.475,34.696000000000005],[135.475,34.7],[135.47,34.7],[135.47,34.696000000000005]]]}},{"type":"Feature","properties":{"origin":"tennoji","minutes":58.9},"geometry":{"type":"Polygon","coordinates":[[[135.475,34.592],[135.48,34.592],[135.48,34.596],[135.475,34.596],[135.475,34.592]]]}},{"type":"Feature","properties":{"origin":"tennoji","minutes":56.0},"geometry":{"type":"Polygon","coordinates":[[[135.475,34.596000000000004],[135.48,34.596000000000004],[135.48,34.6],[135.475,34.6],[135.475,34.596000000000004]]]}},{"type":"Feature","properties":{"origin":"tennoji","minutes":53.2},"geometry":{"type":"Polygon","coordinates":[[[135.475,34.6],[135.48,34.6],[135.48,34.604],[135.475,34.604],[135.475,34.6]]]}},{"type":"Feature","properties":{"origin":"tennoji","minutes":50.5},"geometry":{"type":"Polygon","coordinates":[[[135.475,34.604],[135.48,34.604],[135.48,34.608],[135.475,34.608],[135.475,34.604]]]}},{"type":"Feature","properties":{"origin":"tennoji","minutes":47.8},"geometry":{"type":"Polygon","coordinates":[[[135.475,34.608000000000004],[135.48,34.608000000000004],[135.48,34.612],[135.475,34.612],[135.475,34.608000000000004]]]}},{"type":"Feature","properties":{"origin":"tennoji","minutes":45.3},"geometry":{"type":"Polygon","coordinates":[[[135.475,34.612],[135.48,34.612],[135.48,34.616],[135.475,34.616],[135.475,34.612]]]}},{"type":"Feature","properties":{"origin":"tennoji","minutes":42.9},"geometry":{"type":"Polygon","coordinates":[[[135.475,34.616],[135.48,34.616],[135.48,34.62],[135.475,34.62],[135.475,34.616]]]}},{"type":"Feature","properties":{"origin":"tennoji","minutes":40.6},"geometry":{"type":"Polygon","coordinates":[[[135.475,34.620000000000005],[135.48,34.620000000000005],[135.48,34.624],[135.475,34.624],[135.475,34.620000000000005]]]}},{"type":"Feature","properties":{"origin":"tennoji","minutes":38.6},"geometry":{"type":"Polygon","coordinates":[[[135.475,34.624],[135.48,34.624],[135.48,34.628],[135.475,34.628],[135.475,34.624]]]}},{"type":"Feature","properties":{"origin":"tennoji","minutes":36.8},"geometry":{"type":"Polygon","coordinates":[[[135.475,34.628],[135.48,34.628],[135.48,34.632],[135.475,34.632],[135.475,34.628]]]}},{"type":"Feature","properties":{"origin":"tennoji","minutes":35.3},"geometry":{"type":"Polygon","coordinates":[[[135.475,34.632000000000005],[135.48,34.632000000000005],[135.48,34.636],[135.475,34.636],[135.475,34.632000000000005]]]}},{"type":"Feature","properties":{"origin":"tennoji","minutes":34.1},"geometry":{"type":"Polygon","coordinates":[[[135.475,34.636],[135.48,34.636],[135.48,34.64],[135.475,34.64],[135.475,34.636]]]}},{"type":"Feature","properties":{"origin":"tennoji","minutes":33.3},"geometry":{"type":"Polygon","coordinates":[[[135.475,34.64],[135.48,34.64],[135.48,34.644],[135.475,34.644],[135.475,34.64]]]}},{"type":"Feature","properties":{"origin":"tennoji","minutes":32.9},"geometry":{"type":"Polygon","coordinates":[[[135.475,34.644000000000005],[135.48,34.644000000000005],[135.48,34.648],[135.475,34.648],[135.475,34.644000000000005]]]}},{"type":"Feature","properties":{"origin":"tennoji","minutes":33.0},"geometry":{"type":"Polygon","coordinates":[[[135.475,34.648],[135.48,34.648],[135.48,34.652],[135.475,34.652],[135.475,34.648]]]}},{"type":"Feature","properties":{"origin":"tennoji","minutes":33.5},"geometry":{"type":"Polygon","coordinates":[[[135.475,34.652],[135.48,34.652],[135.48,34.656],[135.475,34.656],[135.475,34.652]]]}},{"type":"Feature","properties":{"origin":"tennoji","minutes":34.5},"geometry":{"type":"Polygon","coordinates":[[[135.475,34.656],[135.48,34.656],[135.48,34.66],[135.475,34.66],[135.475,34.656]]]}},{"type":"Feature","properties":{"origin":"tennoji","minutes":35.8},"geometry":{"type":"Polygon","coordinates":[[[135.475,34.660000000000004],[135.48,34.660000000000004],[135.48,34.664],[135.475,34.664],[135.475,34.660000000000004]]]}},{"type":"Feature","properties":{"origin":"tennoji","minutes":37.4},"geometry":{"type":"Polygon","coordinates":[[[135.475,34.664],[135.48,34.664],[135.48,34.668],[135.475,34.668],[135.475,34.664]]]}},{"type":"Feature","properties":{"origin":"tennoji","minutes":39.3},"geometry":{"type":"Polygon","coordinates":[[[135.475,34.668],[135.48,34.668],[135.48,34.672],[135.475,34.672],[135.475,34.668]]]}},{"type":"Feature","properties":{"origin":"tennoji","minutes":41.4},"geometry":{"type":"Polygon","coordinates":[[[135.475,34.672000000000004],[135.48,34.672000000000004],[135.48,34.676],[135.475,34.676],[135.475,34.672000000000004]]]}},{"type":"Feature","properties":{"origin":"tennoji","minutes":43.7},"geometry":{"type":"Polygon","coordinates":[[[135.475,34.676],[135.48,34.676],[135.48,34.68],[135.475,34.68],[135.475,34.676]]]}},{"type":"Feature","properties":{"origin":"tennoji","minutes":46.1},"geometry":{"type":"Polygon","coordinates":[[[135.475,34.68],[135.48,34.68],[135.48,34.684],[135.475,34.684],[135.475,34.68]]]}},{"type":"Feature","properties":{"origin":"tennoji","minutes":48.7},"geometry":{"type":"Polygon","coordinates":[[[135.475,34.684000000000005],[135.48,34.684000000000005],[135.48,34.688],[135.475,34.688],[135.475,34.684000000000005]]]}},{"type":"Feature","properties":{"origin":"tennoji","minutes":51.4},"geometry":{"type":"Polygon","coordinates":[[[135.475,34.688],[135.48,34.688],[135.48,34.692],[135.475,34.692],[135.475,34.688]]]}},{"type":"Feature","properties":{"origin":"tennoji","minutes":54.2},"geometry":{"type":"Polygon","coordinates":[[[135.475,34.692],[135.48,34.692],[135.48,34.696],[135.475,34.696],[135.475,34.692]]]}},{"type":"Feature","properties":{"origin":"tennoji","minutes":57.0},"geometry":{"type":"Polygon","coordinates":[[[135.475,34.696000000000005],[135.48,34.696000000000005],[135.48,34.7],[135.475,34.7],[135.475,34.696000000000005]]]}},{"type":"Feature","properties":{"origin":"tennoji","minutes":59.9},"geometry":{"type":"Polygon","coordinates":[[[135.475,34.7],[135.48,34.7],[135.48,34.704],[135.475,34.704],[135.475,34.7]]]}},{"type":"Feature","properties":{"origin":"tennoji","minutes":57.3},"geometry":{"type":"Polygon","coordinates":[[[135.48,34.592],[135.48499999999999,34.592],[135.48499999999999,34.596],[135.48,34.596],[135.48,34.592]]]}},{"type":"Feature","properties":{"origin":"tennoji","minutes":54.3},"geometry":{"type":"Polygon","coordinates":[[[135.48,34.596000000000004],[135.48499999999999,34.596000000000004],[135.48499999999999,34.6],[135.48,34.6],[135.48,34.596000000000004]]]}},{"type":"Feature","properties":{"origin":"tennoji","minutes":51.4},"geometry":{"type":"Polygon","coordinates":[[[135.48,34.6],[135.48499999999999,34.6],[135.48499999999999,34.604],[135.48,34.604],[135.48,34.6]]]}},{"type":"Feature","properties":{"origin":"tennoji","minutes":48.5},"geometry":{"type":"Polygon","coordinates":[[[135.48,34.604],[135.48499999999999,34.604],[135.48499999999999,34.608],[135.48,34.608],[135.48,34.604]]]}},{"type":"Feature","properties":{"origin":"tennoji","minutes":45.8},"geometry":{"type":"Polygon","coordinates":[[[135.48,34.608000000000004],[135.48499999999999,34.608000000000004],[135.48499999999999,34.612],[135.48,34.612],[135.48,34.608000000000004]]]}},{"type":"Feature","properties":{"origin":"tennoji","minutes":43.1},"geometry":{"type":"Polygon","coordinates":[[[135.48,34.612],[135.48499999999999,34.612],[135.48499999999999,34.616],[135.48,34.616],[135.48,34.612]]]}},{"type":"Feature","properties":{"origin":"tennoji","minutes":40.5},"geometry":{"type":"Polygon","coordinates":[[[135.48,34.616],[135.48499999999999,34.616],[135.48499999999999,34.62],[135.48,34.62],[135.48,34.616]]]}},{"type":"Feature","properties":{"origin":"tennoji","minutes":38.1},"geometry":{"type":"Polygon","coordinates":[[[135.48,34.620000000000005],[135.48499999999999,34.620000000000005],[135.48499999999999,34.624],[135.48,34.624],[135.48,34.620000000000005]]]}},{"type":"Feature","properties":{"origin":"tennoji","minutes":35.9},"geometry":{"type":"Polygon","coordinates":[[[135.48,34.624],[135.48499999999999,34.624],[135.48499999999999,34.628],[135.48,34.628],[135.48,34.624]]]}},{"type":"Feature","properties":{"origin":"tennoji","minutes":33.9},"geometry":{"type":"Polygon","coordinates":[[[135.48,34.628],[135.48499999999999,34.628],[135.48499999999999,34.632],[135.48,34.632],[135.48,34.628]]]}},{"type":"Feature","properties":{"origin":"tennoji","minutes":32.2},"geometry":{"type":"Polygon","coordinates":[[[135.48,34.632000000000005],[135.48499999999999,34.632000000000005],[135.48499999999999,34.636],[135.48,34.636],[135.48,34.632000000000005]]]}},{"type":"Feature","properties":{"origin":"tennoji","minutes":30.8},"geometry":{"type":"Polygon","coordinates":[[[135.48,34.636],[135.48499999999999,34.636],[135.48499999999999,34.64],[135.48,34.64],[135.48,34.636]]]}},{"type":"Feature","properties":{"origin":"tennoji","minutes":29.9},"geometry":{"type":"Polygon","coordinates":[[[135.48,34.64],[135.48499999999999,34.64],[135.48499999999999,34.644],[135.48,34.644],[135.48,34.64]]]}},{"type":"Feature","properties":{"origin":"tennoji","minutes":29.5},"geometry":{"type":"Polygon","coordinates":[[[135.48,34.644000000000005],[135.48499999999999,34.644000000000005],[135.48499999999999,34.648],[135.48,34.648],[135.48,34.644000000000005]]]}},{"type":"Feature","properties":{"origin":"tennoji","minutes":29.6},"geometry":{"type":"Polygon","coordinates":[[[135.48,34.648],[135.48499999999999,34.648],[135.48499999999999,34.652],[135.48,34.652],[135.48,34.648]]]}},{"type":"Feature","properties":{"origin":"tennoji","minutes":30.2},"geometry":{"type":"Polygon","coordinates":[[[135.48,34.652],[135.48499999999999,34.652],[135.48499999999999,34.656],[135.48,34.656],[135.48,34.652]]]}},{"type":"Feature","properties":{"origin":"tennoji","minutes":31.3},"geometry":{"type":"Polygon","coordinates":[[[135.48,34.656],[135.48499999999999,34.656],[135.48499999999999,34.66],[135.48,34.66],[135.48,34.656]]]}},{"type":"Feature","properties":{"origin":"tennoji","minutes":32.7},"geometry":{"type":"Polygon","coordinates":[[[135.48,34.660000000000004],[135.48499999999999,34.660000000000004],[135.48499999999999,34.664],[135.48,34.664],[135.48,34.660000000000004]]]}},{"type":"Feature","properties":{"origin":"tennoji","minutes":34.5},"geometry":{"type":"Polygon","coordinates":[[[135.48,34.664],[135.48499999999999,34.664],[135.48499999999999,34.668],[135.48,34.668],[135.48,34.664]]]}},{"type":"Feature","properties":{"origin":"tennoji","minutes":36.6},"geometry":{"type":"Polygon","coordinates":[[[135.48,34.668],[135.48499999999999,34.668],[135.48499999999999,34.672],[135.48,34.672],[135.48,34.668]]]}},{"type":"Feature","properties":{"origin":"tennoji","minutes":38.9},"geometry":{"type":"Polygon","coordinates":[[[135.48,34.672000000000004],[135.48499999999999,34.672000000000004],[135.48499999999999,34.676],[135.48,34.676],[135.48,34.672000000000004]]]}},{"type":"Feature","properties":{"origin":"tennoji","minutes":41.4},"geometry":{"type":"Polygon","coordinates":[[[135.48,34.676],[135.48499999999999,34.676],[135.48499999999999,34.68],[135.48,34.68],[135.48,34.676]]]}},{"type":"Feature","properties":{"origin":"tennoji","minutes":44.0},"geometry":{"type":"Polygon","coordinates":[[[135.48,34.68],[135.48499999999999,34.68],[135.48499999999999,34.684],[135.48,34.684],[135.48,34.68]]]}},{"type":"Feature","properties":{"origin":"tennoji","minutes":46.7},"geometry":{"type":"Polygon","coordinates":[[[135.48,34.684000000000005],[135.48499999999999,34.684000000000005],[135.48499999999999,34.688],[135.48,34.688],[135.48,34.684000000000005]]]}},{"type":"Feature","properties":{"origin":"tennoji","minutes":49.5},"geometry":{"type":"Polygon","coordinates":[[[135.48,34.688],[135.48499999999999,34.688],[135.48499999999999,34.692],[135.48,34.692],[135.48,34.688]]]}},{"type":"Feature","properties":{"origin":"tennoji","minutes":52.4},"geometry":{"type":"Polygon","coordinates":[[[135.48,34.692],[135.48499999999999,34.692],[135.48499999999999,34.696],[135.48,34.696],[135.48,34.692]]]}},{"type":"Feature","properties":{"origin":"tennoji","minutes":55.4},"geometry":{"type":"Polygon","coordinates":[[[135.48,34.696000000000005],[135.48499999999999,34.696000000000005],[135.48499999999999,34.7],[135.48,34.7],[135.48,34.696000000000005]]]}},{"type":"Feature","properties":{"origin":"tennoji","minutes":58.3},"geometry":{"type":"Polygon","coordinates":[[[135.48,34.7],[135.48499999999999,34.7],[135.48499999999999,34.704],[135.48,34.704],[135.48,34.7]]]}},{"type":"Feature","properties":{"origin":"tennoji","minutes":59.0},"geometry":{"type":"Polygon","coordinates":[[[135.48499999999999,34.588],[135.48999999999998,34.588],[135.48999999999998,34.592],[135.48499999999999,34.592],[135.48499999999999,34.588]]]}},{"type":"Feature","properties":{"origin":"tennoji","minutes":55.9},"geometry":{"type":"Polygon","coordinates":[[[135.48499999999999,34.592],[135.48999999999998,34.592],[135.48999999999998,34.596],[135.48499999999999,34.596],[135.48499999999999,34.592]]]}},{"type":"Feature","properties":{"origin":"tennoji","minutes":52.8},"geometry":{"type":"Polygon","coordinates":[[[135.48499999999999,34.596000000000004],[135.48999999999998,34.596000000000004],[135.48999999999998,34.6],[135.48499999999999,34.6],[135.48499999999999,34.596000000000004]]]}},{"type":"Feature","properties":{"origin":"tennoji","minutes":49.8},"geometry":{"type":"Polygon","coordinates":[[[135.48499999999999,34.6],[135.48999999999998,34.6],[135.48999999999998,34.604],[135.48499999999999,34.604],[135.48499999999999,34.6]]]}},{"type":"Feature","properties":{"origin":"tennoji","minutes":46.8},"geometry":{"type":"Polygon","coordinates":[[[135.48499999999999,34.604],[135.48999999999998,34.604],[135.48999999999998,34.608],[135.48499999999999,34.608],[135.48499999999999,34.604]]]}},{"type":"Feature","properties":{"origin":"tennoji","minutes":43.9},"geometry":{"type":"Polygon","coordinates":[[[135.48499999999999,34.608000000000004],[135.48999999999998,34.608000000000004],[135.48999999999998,34.612],[135.48499999999999,34.612],[135.48499999999999,34.608000000000004]]]}},{"type":"Feature","properties":{"origin":"tennoji","minutes":41.1},"geometry":{"type":"Polygon","coordinates":[[[135.48499999999999,34.612],[135.48999999999998,34.612],[135.48999999999998,34.616],[135.48499999999999,34.616],[135.48499999999999,34.612]]]}},{"type":"Feature","properties":{"origin":"tennoji","minutes":38.3},"geometry":{"type":"Polygon","coordinates":[[[135.48499999999999,34.616],[135.48999999999998,34.616],[135.48999999999998,34.62],[135.48499999999999,34.62],[135.48499999999999,34.616]]]}},{"type":"Feature","properties":{"origin":"tennoji","minutes":35.7},"geometry":{"type":"Polygon","coordinates":[[[135.48499999999999,34.620000000000005],[135.48999999999998,34.620000000000005],[135.48999999999998,34.624],[135.48499999999999,34.624],[135.48499999999999,34.620000000000005]]]}},{"type":"Feature","properties":{"origin":"tennoji","minutes":33.3},"geometry":{"type":"Polygon","coordinates":[[[135.48499999999999,34.624],[135.48999999999998,34.624],[135.48999999999998,34.628],[135.48499999999999,34.628],[135.48499999999999,34.624]]]}},{"type":"Feature","properties":{"origin":"tennoji","minutes":31.1},"geometry":{"type":"Polygon","coordinates":[[[135.48499999999999,34.628],[135.48999999999998,34.628],[135.48999999999998,34.632],[135.48499999999999,34.632],[135.48499999999999,34.628]]]}},{"type":"Feature","properties":{"origin":"tennoji","minutes":29.2},"geometry":{"type":"Polygon","coordinates":[[[135.48499999999999,34.632000000000005],[135.48999999999998,34.632000000000005],[135.48999999999998,34.636],[135.48499999999999,34.636],[135.48499999999999,34.632000000000005]]]}},{"type":"Feature","properties":{"origin":"tennoji","minutes":27.6},"geometry":{"type":"Polygon","coordinates":[[[135.48499999999999,34.636],[135.48999999999998,34.636],[135.48999999999998,34.64],[135.48499999999999,34.64],[135.48499999999999,34.636]]]}},{"type":"Feature","properties":{"origin":"tennoji","minutes":26.6},"geometry":{"type":"Polygon","coordinates":[[[135.48499999999999,34.64],[135.48999999999998,34.64],[135.48999999999998,34.644],[135.48499999999999,34.644],[135.48499999999999,34.64]]]}},{"type":"Feature","properties":{"origin":"tennoji","minutes":26.1},"geometry":{"type":"Polygon","coordinates":[[[135.48499999999999,34.644000000000005],[135.48999999999998,34.644000000000005],[135.48999999999998,34.648],[135.48499999999999,34.648],[135.48499999999999,34.644000000000005]]]}},{"type":"Feature","properties":{"origin":"tennoji","minutes":26.2},"geometry":{"type":"Polygon","coordinates":[[[135.48499999999999,34.648],[135.48999999999998,34.648],[135.48999999999998,34.652],[135.48499999999999,34.652],[135.48499999999999,34.648]]]}},{"type":"Feature","properties":{"origin":"tennoji","minutes":26.9},"geometry":{"type":"Polygon","coordinates":[[[135.48499999999999,34.652],[135.48999999999998,34.652],[135.48999999999998,34.656],[135.48499999999999,34.656],[135.48499999999999,34.652]]]}},{"type":"Feature","properties":{"origin":"tennoji","minutes":28.1},"geometry":{"type":"Polygon","coordinates":[[[135.48499999999999,34.656],[135.48999999999998,34.656],[135.48999999999998,34.66],[135.48499999999999,34.66],[135.48499999999999,34.656]]]}},{"type":"Feature","properties":{"origin":"tennoji","minutes":29.8},"geometry":{"type":"Polygon","coordinates":[[[135.48499999999999,34.660000000000004],[135.48999999999998,34.660000000000004],[135.48999999999998,34.664],[135.48499999999999,34.664],[135.48499999999999,34.660000000000004]]]}},{"type":"Feature","properties":{"origin":"tennoji","minutes":31.8},"geometry":{"type":"Polygon","coordinates":[[[135.48499999999999,34.664],[135.48999999999998,34.664],[135.48999999999998,34.668],[135.48499999999999,34.668],[135.48499999999999,34.664]]]}},{"type":"Feature","properties":{"origin":"tennoji","minutes":34.1},"geometry":{"type":"Polygon","coordinates":[[[135.48499999999999,34.668],[135.48999999999998,34.668],[135.48999999999998,34.672],[135.48499999999999,34.672],[135.48499999999999,34.668]]]}},{"type":"Feature","properties":{"origin":"tennoji","minutes":36.6},"geometry":{"type":"Polygon","coordinates":[[[135.48499999999999,34.672000000000004],[135.48999999999998,34.672000000000004],[135.48999999999998,34.676],[135.48499999999999,34.676],[135.48499999999999,34.672000000000004]]]}},{"type":"Feature","properties":{"origin":"tennoji","minutes":39.3},"geometry":{"type":"Polygon","coordinates":[[[135.48499999999999,34.676],[135.48999999999998,34.676],[135.48999999999998,34.68],[135.48499999999999,34.68],[135.48499999999999,34.676]]]}},{"type":"Feature","properties":{"origin":"tennoji","minutes":42.1},"geometry":{"type":"Polygon","coordinates":[[[135.48499999999999,34.68],[135.48999999999998,34.68],[135.48999999999998,34.684],[135.48499999999999,34.684],[135.48499999999999,34.68]]]}},{"type":"Feature","properties":{"origin":"tennoji","minutes":44.9},"geometry":{"type":"Polygon","coordinates":[[[135.48499999999999,34.684000000000005],[135.48999999999998,34.684000000000005],[135.48999999999998,34.688],[135.48499999999999,34.688],[135.48499999999999,34.684000000000005]]]}},{"type":"Feature","properties":{"origin":"tennoji","minutes":47.9},"geometry":{"type":"Polygon","coordinates":[[[135.48499999999999,34.688],[135.48999999999998,34.688],[135.48999999999998,34.692],[135.48499999999999,34.692],[135.48499999999999,34.688]]]}},{"type":"Feature","properties":{"origin":"tennoji","minutes":50.9},"geometry":{"type":"Polygon","coordinates":[[[135.48499999999999,34.692],[135.48999999999998,34.692],[135.48999999999998,34.696],[135.48499999999999,34.696],[135.48499999999999,34.692]]]}},{"type":"Feature","properties":{"origin":"tennoji","minutes":53.9},"geometry":{"type":"Polygon","coordinates":[[[135.48499999999999,34.696000000000005],[135.48999999999998,34.696000000000005],[135.48999999999998,34.7],[135.48499999999999,34.7],[135.48499999999999,34.696000000000005]]]}},{"type":"Feature","properties":{"origin":"tennoji","minutes":57.0},"geometry":{"type":"Polygon","coordinates":[[[135.48499999999999,34.7],[135.48999999999998,34.7],[135.48999999999998,34.704],[135.48499999999999,34.704],[135.48499999999999,34.7]]]}},{"type":"Feature","properties":{"origin":"tennoji","minutes":57.9},"geometry":{"type":"Polygon","coordinates":[[[135.49,34.588],[135.495,34.588],[135.495,34.592],[135.49,34.592],[135.49,34.588]]]}},{"type":"Feature","properties":{"origin":"tennoji","minutes":54.7},"geometry":{"type":"Polygon","coordinates":[[[135.49,34.592],[135.495,34.592],[135.495,34.596],[135.49,34.596],[135.49,34.592]]]}},{"type":"Feature","properties":{"origin":"tennoji","minutes":51.6},"geometry":{"type":"Polygon","coordinates":[[[135.49,34.596000000000004],[135.495,34.596000000000004],[135.495,34.6],[135.49,34.6],[135.49,34.596000000000004]]]}},{"type":"Feature","properties":{"origin":"tennoji","minutes":48.4},"geometry":{"type":"Polygon","coordinates":[[[135.49,34.6],[135.495,34.6],[135.495,34.604],[135.49,34.604],[135.49,34.6]]]}},{"type":"Feature","properties":{"origin":"tennoji","minutes":45.4},"geometry":{"type":"Polygon","coordinates":[[[135.49,34.604],[135.495,34.604],[135.495,34.608],[135.49,34.608],[135.49,34.604]]]}},{"type":"Feature","properties":{"origin":"tennoji","minutes":42.3},"geometry":{"type":"Polygon","coordinates":[[[135.49,34.608000000000004],[135.495,34.608000000000004],[135.495,34.612],[135.49,34.612],[135.49,34.608000000000004]]]}},{"type":"Feature","properties":{"origin":"tennoji","minutes":39.3},"geometry":{"type":"Polygon","coordinates":[[[135.49,34.612],[135.495,34.612],[135.495,34.616],[135.49,34.616],[135.49,34.612]]]}},{"type":"Feature","properties":{"origin":"tennoji","minutes":36.4},"geometry":{"type":"Polygon","coordinates":[[[135.49,34.616],[135.495,34.616],[135.495,34.62],[135.49,34.62],[135.49,34.616]]]}},{"type":"Feature","properties":{"origin":"tennoji","minutes":33.6},"geometry":{"type":"Polygon","coordinates":[[[135.49,34.620000000000005],[135.495,34.620000000000005],[135.495,34.624],[135.49,34.624],[135.49,34.620000000000005]]]}},{"type":"Feature","properties":{"origin":"tennoji","minutes":31.0},"geometry":{"type":"Polygon","coordinates":[[[135.49,34.624],[135.495,34.624],[135.495,34.628],[135.49,34.628],[135.49,34.624]]]}},{"type":"Feature","properties":{"origin":"tennoji","minutes":28.5},"geometry":{"type":"Polygon","coordinates":[[[135.49,34.628],[135.495,34.628],[135.495,34.632],[135.49,34.632],[135.49,34.628]]]}},{"type":"Feature","properties":{"origin":"tennoji","minutes":26.3},"geometry":{"type":"Polygon","coordinates":[[[135.49,34.632000000000005],[135.495,34.632000000000005],[135.495,34.636],[135.49,34.636],[135.49,34.632000000000005]]]}},{"type":"Feature","properties":{"origin":"tennoji","minutes":24.5},"geometry":{"type":"Polygon","coordinates":[[[135.49,34.636],[135.495,34.636],[135.495,34.64],[135.49,34.64],[135.49,34.636]]]}},{"type":"Feature","properties":{"origin":"tennoji","minutes":23.3},"geometry":{"type":"Polygon","coordinates":[[[135.49,34.64],[135.495,34.64],[135.495,34.644],[135.49,34.644],[135.49,34.64]]]}},{"type":"Feature","properties":{"origin":"tennoji","minutes":22.7},"geometry":{"type":"Polygon","coordinates":[[[135.49,34.644000000000005],[135.495,34.644000000000005],[135.495,34.648],[135.49,34.648],[135.49,34.644000000000005]]]}},{"type":"Feature","properties":{"origin":"tennoji","minutes":22.8},"geometry":{"type":"Polygon","coordinates":[[[135.49,34.648],[135.495,34.648],[135.495,34.652],[135.49,34.652],[135.49,34.648]]]}},{"type":"Feature","properties":{"origin":"tennoji","minutes":23.6},"geometry":{"type":"Polygon","coordinates":[[[135.49,34.652],[135.495,34.652],[135.495,34.656],[135.49,34.656],[135.49,34.652]]]}},{"type":"Feature","properties":{"origin":"tennoji","minutes":25.1},"geometry":{"type":"Polygon","coordinates":[[[135.49,34.656],[135.495,34.656],[135.495,34.66],[135.49,34.66],[135.49,34.656]]]}},{"type":"Feature","properties":{"origin":"tennoji","minutes":27.1},"geometry":{"type":"Polygon","coordinates":[[[135.49,34.660000000000004],[135.495,34.660000000000004],[135.495,34.664],[135.49,34.664],[135.49,34.660000000000004]]]}},{"type":"Feature","properties":{"origin":"tennoji","minutes":29.4},"geometry":{"type":"Polygon","coordinates":[[[135.49,34.664],[135.495,34.664],[135.495,34.668],[135.49,34.668],[135.49,34.664]]]}},{"type":"Feature","properties":{"origin":"tennoji","minutes":31.9},"geometry":{"type":"Polygon","coordinates":[[[135.49,34.668],[135.495,34.668],[135.495,34.672],[135.49,34.672],[135.49,34.668]]]}},{"type":"Feature","properties":{"origin":"tennoji","minutes":34.6},"geometry":{"type":"Polygon","coordinates":[[[135.49,34.672000000000004],[135.495,34.672000000000004],[135.495,34.676],[135.49,34.676],[135.49,34.672000000000004]]]}},{"type":"Feature","properties":{"origin":"tennoji","minutes":37.4},"geometry":{"type":"Polygon","coordinates":[[[135.49,34.676],[135.495,34.676],[135.495,34.68],[135.49,34.68],[135.49,34.676]]]}},{"type":"Feature","properties":{"origin":"tennoji","minutes":40.4},"geometry":{"type":"Polygon","coordinates":[[[135.49,34.68],[135.495,34.68],[135.495,34.684],[135.49,34.684],[135.49,34.68]]]}},{"type":"Feature","properties":{"origin":"tennoji","minutes":43.4},"geometry":{"type":"Polygon","coordinates":[[[135.49,34.684000000000005],[135.495,34.684000000000005],[135.495,34.688],[135.49,34.688],[135.49,34.684000000000005]]]}},{"type":"Feature","properties":{"origin":"tennoji","minutes":46.4},"geometry":{"type":"Polygon","coordinates":[[[135.49,34.688],[135.495,34.688],[135.495,34.692],[135.49,34.692],[135.49,34.688]]]}},{"type":"Feature","properties":{"origin":"tennoji","minutes":49.5},"geometry":{"type":"Polygon","coordinates":[[[135.49,34.692],[135.495,34.692],[135.495,34.696],[135.49,34.696],[135.49,34.692]]]}},{"type":"Feature","properties":{"origin":"tennoji","minutes":52.7},"geometry":{"type":"Polygon","coordinates":[[[135.49,34.696000000000005],[135.495,34.696000000000005],[135.495,34.7],[135.49,34.7],[135.49,34.696000000000005]]]}},{"type":"Feature","properties":{"origin":"tennoji","minutes":55.8},"geometry":{"type":"Polygon","coordinates":[[[135.49,34.7],[135.495,34.7],[135.495,34.704],[135.49,34.704],[135.49,34.7]]]}},{"type":"Feature","properties":{"origin":"tennoji","minutes":59.0},"geometry":{"type":"Polygon","coordinates":[[[135.49,34.704],[135.495,34.704],[135.495,34.708],[135.49,34.708],[135.49,34.704]]]}},{"type":"Feature","properties":{"origin":"tennoji","minutes":57.0},"geometry":{"type":"Polygon","coordinates":[[[135.495,34.588],[135.5,34.588],[135.5,34.592],[135.495,34.592],[135.495,34.588]]]}},{"type":"Feature","properties":{"origin":"tennoji","minutes":53.8},"geometry":{"type":"Polygon","coordinates":[[[135.495,34.592],[135.5,34.592],[135.5,34.596],[135.495,34.596],[135.495,34.592]]]}},{"type":"Feature","properties":{"origin":"tennoji","minutes":50.5},"geometry":{"type":"Polygon","coordinates":[[[135.495,34.596000000000004],[135.5,34.596000000000004],[135.5,34.6],[135.495,34.6],[135.495,34.596000000000004]]]}},{"type":"Feature","properties":{"origin":"tennoji","minutes":47.3},"geometry":{"type":"Polygon","coordinates":[[[135.495,34.6],[135.5,34.6],[135.5,34.604],[135.495,34.604],[135.495,34.6]]]}},{"type":"Feature","properties":{"origin":"tennoji","minutes":44.2},"geometry":{"type":"Polygon","coordinates":[[[135.495,34.604],[135.5,34.604],[135.5,34.608],[135.495,34.608],[135.495,34.604]]]}},{"type":"Feature","properties":{"origin":"tennoji","minutes":41.0},"geometry":{"type":"Polygon","coordinates":[[[135.495,34.608000000000004],[135.5,34.608000000000004],[135.5,34.612],[135.495,34.612],[135.495,34.608000000000004]]]}},{"type":"Feature","properties":{"origin":"tennoji","minutes":37.9},"geometry":{"type":"Polygon","coordinates":[[[135.495,34.612],[135.5,34.612],[135.5,34.616],[135.495,34.616],[135.495,34.612]]]}},{"type":"Feature","properties":{"origin":"tennoji","minutes":34.8},"geometry":{"type":"Polygon","coordinates":[[[135.495,34.616],[135.5,34.616],[135.5,34.62],[135.495,34.62],[135.495,34.616]]]}},{"type":"Feature","properties":{"origin":"tennoji","minutes":31.8},"geometry":{"type":"Polygon","coordinates":[[[135.495,34.620000000000005],[135.5,34.620000000000005],[135.5,34.624],[135.495,34.624],[135.495,34.620000000000005]]]}},{"type":"Feature","properties":{"origin":"tennoji","minutes":29.0},"geometry":{"type":"Polygon","coordinates":[[[135.495,34.624],[135.5,34.624],[135.5,34.628],[135.495,34.628],[135.495,34.624]]]}},{"type":"Feature","properties":{"origin":"tennoji","minutes":26.2},"geometry":{"type":"Polygon","coordinates":[[[135.495,34.628],[135.5,34.628],[135.5,34.632],[135.495,34.632],[135.495,34.628]]]}},{"type":"Feature","properties":{"origin":"tennoji","minutes":23.7},"geometry":{"type":"Polygon","coordinates":[[[135.495,34.632000000000005],[135.5,34.632000000000005],[135.5,34.636],[135.495,34.636],[135.495,34.632000000000005]]]}},{"type":"Feature","properties":{"origin":"tennoji","minutes":21.6},"geometry":{"type":"Polygon","coordinates":[[[135.495,34.636],[135.5,34.636],[135.5,34.64],[135.495,34.64],[135.495,34.636]]]}},{"type":"Feature","properties":{"origin":"tennoji","minutes":20.0},"geometry":{"type":"Polygon","coordinates":[[[135.495,34.64],[135.5,34.64],[135.5,34.644],[135.495,34.644],[135.495,34.64]]]}},{"type":"Feature","properties":{"origin":"tennoji","minutes":19.2},"geometry":{"type":"Polygon","coordinates":[[[135.495,34.644000000000005],[135.5,34.644000000000005],[135.5,34.648],[135.495,34.648],[135.495,34.644000000000005]]]}},{"type":"Feature","properties":{"origin":"tennoji","minutes":19.4},"geometry":{"type":"Polygon","coordinates":[[[135.495,34.648],[135.5,34.648],[135.5,34.652],[135.495,34.652],[135.495,34.648]]]}},{"type":"Feature","properties":{"origin":"tennoji","minutes":20.5},"geometry":{"type":"Polygon","coordinates":[[[135.495,34.652],[135.5,34.652],[135.5,34.656],[135.495,34.656],[135.495,34.652]]]}},{"type":"Feature","properties":{"origin":"tennoji","minutes":22.3},"geometry":{"type":"Polygon","coordinates":[[[135.495,34.656],[135.5,34.656],[135.5,34.66],[135.495,34.66],[135.495,34.656]]]}},{"type":"Feature","properties":{"origin":"tennoji","minutes":24.6},"geometry":{"type":"Polygon","coordinates":[[[135.495,34.660000000000004],[135.5,34.660000000000004],[135.5,34.664],[135.495,34.664],[135.495,34.660000000000004]]]}},{"type":"Feature","properties":{"origin":"tennoji","minutes":27.2},"geometry":{"type":"Polygon","coordinates":[[[135.495,34.664],[135.5,34.664],[135.5,34.668],[135.495,34.668],[135.495,34.664]]]}},{"type":"Feature","properties":{"origin":"tennoji","minutes":30.0},"geometry":{"type":"Polygon","coordinates":[[[135.495,34.668],[135.5,34.668],[135.5,34.672],[135.495,34.672],[135.495,34.668]]]}},{"type":"Feature","properties":{"origin":"tennoji","minutes":32.9},"geometry":{"type":"Polygon","coordinates":[[[135.495,34.672000000000004],[135.5,34.672000000000004],[135.5,34.676],[135.495,34.676],[135.495,34.672000000000004]]]}},{"type":"Feature","properties":{"origin":"tennoji","minutes":35.9},"geometry":{"type":"Polygon","coordinates":[[[135.495,34.676],[135.5,34.676],[135.5,34.68],[135.495,34.68],[135.495,34.676]]]}},{"type":"Feature","properties":{"origin":"tennoji","minutes":39.0},"geometry":{"type":"Polygon","coordinates":[[[135.495,34.68],[135.5,34.68],[135.5,34.684],[135.495,34.684],[135.495,34.68]]]}},{"type":"Feature","properties":{"origin":"tennoji","minutes":42.1},"geometry":{"type":"Polygon","coordinates":[[[135.495,34.684000000000005],[135.5,34.684000000000005],[135.5,34.688],[135.495,34.688],[135.495,34.684000000000005]]]}},{"type":"Feature","properties":{"origin":"tennoji","minutes":45.3},"geometry":{"type":"Polygon","coordinates":[[[135.495,34.688],[135.5,34.688],[135.5,34.692],[135.495,34.692],[135.495,34.688]]]}},{"type":"Feature","properties":{"origin":"tennoji","minutes":48.5},"geometry":{"type":"Polygon","coordinates":[[[135.495,34.692],[135.5,34.692],[135.5,34.696],[135.495,34.696],[135.495,34.692]]]}},{"type":"Feature","properties":{"origin":"tennoji","minutes":51.7},"geometry":{"type":"Polygon","coordinates":[[[135.495,34.696000000000005],[135.5,34.696000000000005],[135.5,34.7],[135.495,34.7],[135.495,34.696000000000005]]]}},{"type":"Feature","properties":{"origin":"tennoji","minutes":54.9},"geometry":{"type":"Polygon","coordinates":[[[135.495,34.7],[135.5,34.7],[135.5,34.704],[135.495,34.704],[135.495,34.7]]]}},{"type":"Feature","properties":{"origin":"tennoji","minutes":58.1},"geometry":{"type":"Polygon","coordinates":[[[135.495,34.704],[135.5,34.704],[135.5,34.708],[135.495,34.708],[135.495,34.704]]]}},{"type":"Feature","properties":{"origin":"tennoji","minutes":59.6},"geometry":{"type":"Polygon","coordinates":[[[135.5,34.584],[135.505,34.584],[135.505,34.588],[135.5,34.588],[135.5,34.584]]]}},{"type":"Feature","properties":{"origin":"tennoji","minutes":56.3},"geometry":{"type":"Polygon","coordinates":[[[135.5,34.588],[135.505,34.588],[135.505,34.592],[135.5,34.592],[135.5,34.588]]]}},{"type":"Feature","properties":{"origin":"tennoji","minutes":53.0},"geometry":{"type":"Polygon","coordinates":[[[135.5,34.592],[135.505,34.592],[135.505,34.596],[135.5,34.596],[135.5,34.592]]]}},{"type":"Feature","properties":{"origin":"tennoji","minutes":49.8},"geometry":{"type":"Polygon","coordinates":[[[135.5,34.596000000000004],[135.505,34.596000000000004],[135.505,34.6],[135.5,34.6],[135.5,34.596000000000004]]]}},{"type":"Feature","properties":{"origin":"tennoji","minutes":46.5},"geometry":{"type":"Polygon","coordinates":[[[135.5,34.6],[135.505,34.6],[135.505,34.604],[135.5,34.604],[135.5,34.6]]]}},{"type":"Feature","properties":{"origin":"tennoji","minutes":43.2},"geometry":{"type":"Polygon","coordinates":[[[135.5,34.604],[135.505,34.604],[135.505,34.608],[135.5,34.608],[135.5,34.604]]]}},{"type":"Feature","properties":{"origin":"tennoji","minutes":40.0},"geometry":{"type":"Polygon","coordinates":[[[135.5,34.608000000000004],[135.505,34.608000000000004],[135.505,34.612],[135.5,34.612],[135.5,34.608000000000004]]]}},{"type":"Feature","properties":{"origin":"tennoji","minutes":36.8},"geometry":{"type":"Polygon","coordinates":[[[135.5,34.612],[135.505,34.612],[135.505,34.616],[135.5,34.616],[135.5,34.612]]]}},{"type":"Feature","properties":{"origin":"tennoji","minutes":33.6},"geometry":{"type":"Polygon","coordinates":[[[135.5,34.616],[135.505,34.616],[135.505,34.62],[135.5,34.62],[135.5,34.616]]]}},{"type":"Feature","properties":{"origin":"tennoji","minutes":30.4},"geometry":{"type":"Polygon","coordinates":[[[135.5,34.620000000000005],[135.505,34.620000000000005],[135.505,34.624],[135.5,34.624],[135.5,34.620000000000005]]]}},{"type":"Feature","properties":{"origin":"tennoji","minutes":27.4},"geometry":{"type":"Polygon","coordinates":[[[135.5,34.624],[135.505,34.624],[135.505,34.628],[135.5,34.628],[135.5,34.624]]]}},{"type":"Feature","properties":{"origin":"tennoji","minutes":24.4},"geometry":{"type":"Polygon","coordinates":[[[135.5,34.628],[135.505,34.628],[135.505,34.632],[135.5,34.632],[135.5,34.628]]]}},{"type":"Feature","properties":{"origin":"tennoji","minutes":21.5},"geometry":{"type":"Polygon","coordinates":[[[135.5,34.632000000000005],[135.505,34.632000000000005],[135.505,34.636],[135.5,34.636],[135.5,34.632000000000005]]]}},{"type":"Feature","properties":{"origin":"tennoji","minutes":19.0},"geometry":{"type":"Polygon","coordinates":[[[135.5,34.636],[135.505,34.636],[135.505,34.64],[135.5,34.64],[135.5,34.636]]]}},{"type":"Feature","properties":{"origin":"tennoji","minutes":16.9},"geometry":{"type":"Polygon","coordinates":[[[135.5,34.64],[135.505,34.64],[135.505,34.644],[135.5,34.644],[135.5,34.64]]]}},{"type":"Feature","properties":{"origin":"tennoji","minutes":15.8},"geometry":{"type":"Polygon","coordinates":[[[135.5,34.644000000000005],[135.505,34.644000000000005],[135.505,34.648],[135.5,34.648],[135.5,34.644000000000005]]]}},{"type":"Feature","properties":{"origin":"tennoji","minutes":16.1},"geometry":{"type":"Polygon","coordinates":[[[135.5,34.648],[135.505,34.648],[135.505,34.652],[135.5,34.652],[135.5,34.648]]]}},{"type":"Feature","properties":{"origin":"tennoji","minutes":17.6},"geometry":{"type":"Polygon","coordinates":[[[135.5,34.652],[135.505,34.652],[135.505,34.656],[135.5,34.656],[135.5,34.652]]]}},{"type":"Feature","properties":{"origin":"tennoji","minutes":19.8},"geometry":{"type":"Polygon","coordinates":[[[135.5,34.656],[135.505,34.656],[135.505,34.66],[135.5,34.66],[135.5,34.656]]]}},{"type":"Feature","properties":{"origin":"tennoji","minutes":22.5},"geometry":{"type":"Polygon","coordinates":[[[135.5,34.660000000000004],[135.505,34.660000000000004],[135.505,34.664],[135.5,34.664],[135.5,34.660000000000004]]]}},{"type":"Feature","properties":{"origin":"tennoji","minutes":25.4},"geometry":{"type":"Polygon","coordinates":[[[135.5,34.664],[135.505,34.664],[135.505,34.668],[135.5,34.668],[135.5,34.664]]]}},{"type":"Feature","properties":{"origin":"tennoji","minutes":28.4},"geometry":{"type":"Polygon","coordinates":[[[135.5,34.668],[135.505,34.668],[135.505,34.672],[135.5,34.672],[135.5,34.668]]]}},{"type":"Feature","properties":{"origin":"tennoji","minutes":31.5},"geometry":{"type":"Polygon","coordinates":[[[135.5,34.672000000000004],[135.505,34.672000000000004],[135.505,34.676],[135.5,34.676],[135.5,34.672000000000004]]]}},{"type":"Feature","properties":{"origin":"tennoji","minutes":34.7},"geometry":{"type":"Polygon","coordinates":[[[135.5,34.676],[135.505,34.676],[135.505,34.68],[135.5,34.68],[135.5,34.676]]]}},{"type":"Feature","properties":{"origin":"tennoji","minutes":37.9},"geometry":{"type":"Polygon","coordinates":[[[135.5,34.68],[135.505,34.68],[135.505,34.684],[135.5,34.684],[135.5,34.68]]]}},{"type":"Feature","properties":{"origin":"tennoji","minutes":41.1},"geometry":{"type":"Polygon","coordinates":[[[135.5,34.684000000000005],[135.505,34.684000000000005],[135.505,34.688],[135.5,34.688],[135.5,34.684000000000005]]]}},{"type":"Feature","properties":{"origin":"tennoji","minutes":44.4},"geometry":{"type":"Polygon","coordinates":[[[135.5,34.688],[135.505,34.688],[135.505,34.692],[135.5,34.692],[135.5,34.688]]]}},{"type":"Feature","properties":{"origin":"tennoji","minutes":47.6},"geometry":{"type":"Polygon","coordinates":[[[135.5,34.692],[135.505,34.692],[135.505,34.696],[135.5,34.696],[135.5,34.692]]]}},{"type":"Feature","properties":{"origin":"tennoji","minutes":50.9},"geometry":{"type":"Polygon","coordinates":[[[135.5,34.696000000000005],[135.505,34.696000000000005],[135.505,34.7],[135.5,34.7],[135.5,34.696000000000005]]]}},{"type":"Feature","properties":{"origin":"tennoji","minutes":54.2},"geometry":{"type":"Polygon","coordinates":[[[135.5,34.7],[135.505,34.7],[135.505,34.704],[135.5,34.704],[135.5,34.7]]]}},{"type":"Feature","properties":{"origin":"tennoji","minutes":57.5},"geometry":{"type":"Polygon","coordinates":[[[135.5,34.704],[135.505,34.704],[135.505,34.708],[135.5,34.708],[135.5,34.704]]]}},{"type":"Feature","properties":{"origin":"tennoji","minutes":59.2},"geometry":{"type":"Polygon","coordinates":[[[135.505,34.584],[135.51,34.584],[135.51,34.588],[135.505,34.588],[135.505,34.584]]]}},{"type":"Feature","properties":{"origin":"tennoji","minutes":55.9},"geometry":{"type":"Polygon","coordinates":[[[135.505,34.588],[135.51,34.588],[135.51,34.592],[135.505,34.592],[135.505,34.588]]]}},{"type":"Feature","properties":{"origin":"tennoji","minutes":52.6},"geometry":{"type":"Polygon","coordinates":[[[135.505,34.592],[135.51,34.592],[135.51,34.596],[135.505,34.596],[135.505,34.592]]]}},{"type":"Feature","properties":{"origin":"tennoji","minutes":49.3},"geometry":{"type":"Polygon","coordinates":[[[135.505,34.596000000000004],[135.51,34.596000000000004],[135.51,34.6],[135.505,34.6],[135.505,34.596000000000004]]]}},{"type":"Feature","properties":{"origin":"tennoji","minutes":46.0},"geometry":{"type":"Polygon","coordinates":[[[135.505,34.6],[135.51,34.6],[135.51,34.604],[135.505,34.604],[135.505,34.6]]]}},{"type":"Feature","properties":{"origin":"tennoji","minutes":42.7},"geometry":{"type":"Polygon","coordinates":[[[135.505,34.604],[135.51,34.604],[135.51,34.608],[135.505,34.608],[135.505,34.604]]]}},{"type":"Feature","properties":{"origin":"tennoji","minutes":39.4},"geometry":{"type":"Polygon","coordinates":[[[135.505,34.608000000000004],[135.51,34.608000000000004],[135.51,34.612],[135.505,34.612],[135.505,34.608000000000004]]]}},{"type":"Feature","properties":{"origin":"tennoji","minutes":36.1},"geometry":{"type":"Polygon","coordinates":[[[135.505,34.612],[135.51,34.612],[135.51,34.616],[135.505,34.616],[135.505,34.612]]]}},{"type":"Feature","properties":{"origin":"tennoji","minutes":32.8},"geometry":{"type":"Polygon","coordinates":[[[135.505,34.616],[135.51,34.616],[135.51,34.62],[135.505,34.62],[135.505,34.616]]]}},{"type":"Feature","properties":{"origin":"tennoji","minutes":29.5},"geometry":{"type":"Polygon","coordinates":[[[135.505,34.620000000000005],[135.51,34.620000000000005],[135.51,34.624],[135.505,34.624],[135.505,34.620000000000005]]]}},{"type":"Feature","properties":{"origin":"tennoji","minutes":26.3},"geometry":{"type":"Polygon","coordinates":[[[135.505,34.624],[135.51,34.624],[135.51,34.628],[135.505,34.628],[135.505,34.624]]]}},{"type":"Feature","properties":{"origin":"tennoji","minutes":23.0},"geometry":{"type":"Polygon","coordinates":[[[135.505,34.628],[135.51,34.628],[135.51,34.632],[135.505,34.632],[135.505,34.628]]]}},{"type":"Feature","properties":{"origin":"tennoji","minutes":19.9},"geometry":{"type":"Polygon","coordinates":[[[135.505,34.632000000000005],[135.51,34.632000000000005],[135.51,34.636],[135.505,34.636],[135.505,34.632000000000005]]]}},{"type":"Feature","properties":{"origin":"tennoji","minutes":16.9},"geometry":{"type":"Polygon","coordinates":[[[135.505,34.636],[135.51,34.636],[135.51,34.64],[135.505,34.64],[135.505,34.636]]]}},{"type":"Feature","properties":{"origin":"tennoji","minutes":14.2},"geometry":{"type":"Polygon","coordinates":[[[135.505,34.64],[135.51,34.64],[135.51,34.644],[135.505,34.644],[135.505,34.64]]]}},{"type":"Feature","properties":{"origin":"tennoji","minutes":12.5},"geometry":{"type":"Polygon","coordinates":[[[135.505,34.644000000000005],[135.51,34.644000000000005],[135.51,34.648],[135.505,34.648],[135.505,34.644000000000005]]]}},{"type":"Feature","properties":{"origin":"tennoji","minutes":12.9},"geometry":{"type":"Polygon","coordinates":[[[135.505,34.648],[135.51,34.648],[135.51,34.652],[135.505,34.652],[135.505,34.648]]]}},{"type":"Feature","properties":{"origin":"tennoji","minutes":15.1},"geometry":{"type":"Polygon","coordinates":[[[135.505,34.652],[135.51,34.652],[135.51,34.656],[135.505,34.656],[135.505,34.652]]]}},{"type":"Feature","properties":{"origin":"tennoji","minutes":17.9},"geometry":{"type":"Polygon","coordinates":[[[135.505,34.656],[135.51,34.656],[135.51,34.66],[135.505,34.66],[135.505,34.656]]]}},{"type":"Feature","properties":{"origin":"tennoji","minutes":21.0},"geometry":{"type":"Polygon","coordinates":[[[135.505,34.660000000000004],[135.51,34.660000000000004],[135.51,34.664],[135.505,34.664],[135.505,34.660000000000004]]]}},{"type":"Feature","properties":{"origin":"tennoji","minutes":24.2},"geometry":{"type":"Polygon","coordinates":[[[135.505,34.664],[135.51,34.664],[135.51,34.668],[135.505,34.668],[135.505,34.664]]]}},{"type":"Feature","properties":{"origin":"tennoji","minutes":27.4},"geometry":{"type":"Polygon","coordinates":[[[135.505,34.668],[135.51,34.668],[135.51,34.672],[135.505,34.672],[135.505,34.668]]]}},{"type":"Feature","properties":{"origin":"tennoji","minutes":30.6},"geometry":{"type":"Polygon","coordinates":[[[135.505,34.672000000000004],[135.51,34.672000000000004],[135.51,34.676],[135.505,34.676],[135.505,34.672000000000004]]]}},{"type":"Feature","properties":{"origin":"tennoji","minutes":33.9},"geometry":{"type":"Polygon","coordinates":[[[135.505,34.676],[135.51,34.676],[135.51,34.68],[135.505,34.68],[135.505,34.676]]]}},{"type":"Feature","properties":{"origin":"tennoji","minutes":37.2},"geometry":{"type":"Polygon","coordinates":[[[135.505,34.68],[135.51,34.68],[135.51,34.684],[135.505,34.684],[135.505,34.68]]]}},{"type":"Feature","properties":{"origin":"tennoji","minutes":40.5},"geometry":{"type":"Polygon","coordinates":[[[135.505,34.684000000000005],[135.51,34.684000000000005],[135.51,34.688],[135.505,34.688],[135.505,34.684000000000005]]]}},{"type":"Feature","properties":{"origin":"tennoji","minutes":43.8},"geometry":{"type":"Polygon","coordinates":[[[135.505,34.688],[135.51,34.688],[135.51,34.692],[135.505,34.692],[135.505,34.688]]]}},{"type":"Feature","properties":{"origin":"tennoji","minutes":47.1},"geometry":{"type":"Polygon","coordinates":[[[135.505,34.692],[135.51,34.692],[135.51,34.696],[135.505,34.696],[135.505,34.692]]]}},{"type":"Feature","properties":{"origin":"tennoji","minutes":50.4},"geometry":{"type":"Polygon","coordinates":[[[135.505,34.696000000000005],[135.51,34.696000000000005],[135.51,34.7],[135.505,34.7],[135.505,34.696000000000005]]]}},{"type":"Feature","properties":{"origin":"tennoji","minutes":53.7},"geometry":{"type":"Polygon","coordinates":[[[135.505,34.7],[135.51,34.7],[135.51,34.704],[135.505,34.704],[135.505,34.7]]]}},{"type":"Feature","properties":{"origin":"tennoji","minutes":57.1},"geometry":{"type":"Polygon","coordinates":[[[135.505,34.704],[135.51,34.704],[135.51,34.708],[135.505,34.708],[135.505,34.704]]]}},{"type":"Feature","properties":{"origin":"tennoji","minutes":59.0},"geometry":{"type":"Polygon","coordinates":[[[135.51,34.584],[135.515,34.584],[135.515,34.588],[135.51,34.588],[135.51,34.584]]]}},{"type":"Feature","properties":{"origin":"tennoji","minutes":55.7},"geometry":{"type":"Polygon","coordinates":[[[135.51,34.588],[135.515,34.588],[135.515,34.592],[135.51,34.592],[135.51,34.588]]]}},{"type":"Feature","properties":{"origin":"tennoji","minutes":52.4},"geometry":{"type":"Polygon","coordinates":[[[135.51,34.592],[135.515,34.592],[135.515,34.596],[135.51,34.596],[135.51,34.592]]]}},{"type":"Feature","properties":{"origin":"tennoji","minutes":49.1},"geometry":{"type":"Polygon","coordinates":[[[135.51,34.596000000000004],[135.515,34.596000000000004],[135.515,34.6],[135.51,34.6],[135.51,34.596000000000004]]]}},{"type":"Feature","properties":{"origin":"tennoji","minutes":45.7},"geometry":{"type":"Polygon","coordinates":[[[135.51,34.6],[135.515,34.6],[135.515,34.604],[135.51,34.604],[135.51,34.6]]]}},{"type":"Feature","properties":{"origin":"tennoji","minutes":42.4},"geometry":{"type":"Polygon","coordinates":[[[135.51,34.604],[135.515,34.604],[135.515,34.608],[135.51,34.608],[135.51,34.604]]]}},{"type":"Feature","properties":{"origin":"tennoji","minutes":39.1},"geometry":{"type":"Polygon","coordinates":[[[135.51,34.608000000000004],[135.515,34.608000000000004],[135.515,34.612],[135.51,34.612],[135.51,34.608000000000004]]]}},{"type":"Feature","properties":{"origin":"tennoji","minutes":35.7},"geometry":{"type":"Polygon","coordinates":[[[135.51,34.612],[135.515,34.612],[135.515,34.616],[135.51,34.616],[135.51,34.612]]]}},{"type":"Feature","properties":{"origin":"tennoji","minutes":32.4},"geometry":{"type":"Polygon","coordinates":[[[135.51,34.616],[135.515,34.616],[135.515,34.62],[135.51,34.62],[135.51,34.616]]]}},{"type":"Feature","properties":{"origin":"tennoji","minutes":29.1},"geometry":{"type":"Polygon","coordinates":[[[135.51,34.620000000000005],[135.515,34.620000000000005],[135.515,34.624],[135.51,34.624],[135.51,34.620000000000005]]]}},{"type":"Feature","properties":{"origin":"tennoji","minutes":25.8},"geometry":{"type":"Polygon","coordinates":[[[135.51,34.624],[135.515,34.624],[135.515,34.628],[135.51,34.628],[135.51,34.624]]]}},{"type":"Feature","properties":{"origin":"tennoji","minutes":22.4},"geometry":{"type":"Polygon","coordinates":[[[135.51,34.628],[135.515,34.628],[135.515,34.632],[135.51,34.632],[135.51,34.628]]]}},{"type":"Feature","properties":{"origin":"tennoji","minutes":19.1},"geometry":{"type":"Polygon","coordinates":[[[135.51,34.632000000000005],[135.515,34.632000000000005],[135.515,34.636],[135.51,34.636],[135.51,34.632000000000005]]]}},{"type":"Feature","properties":{"origin":"tennoji","minutes":15.8},"geometry":{"type":"Polygon","coordinates":[[[135.51,34.636],[135.515,34.636],[135.515,34.64],[135.51,34.64],[135.51,34.636]]]}},{"type":"Feature","properties":{"origin":"tennoji","minutes":12.5},"geometry":{"type":"Polygon","coordinates":[[[135.51,34.64],[135.515,34.64],[135.515,34.644],[135.51,34.644],[135.51,34.64]]]}},{"type":"Feature","properties":{"origin":"tennoji","minutes":9.4},"geometry":{"type":"Polygon","coordinates":[[[135.51,34.644000000000005],[135.515,34.644000000000005],[135.515,34.648],[135.51,34.648],[135.51,34.644000000000005]]]}},{"type":"Feature","properties":{"origin":"tennoji","minutes":10.4},"geometry":{"type":"Polygon","coordinates":[[[135.51,34.648],[135.515,34.648],[135.515,34.652],[135.51,34.652],[135.51,34.648]]]}},{"type":"Feature","properties":{"origin":"tennoji","minutes":13.6},"geometry":{"type":"Polygon","coordinates":[[[135.51,34.652],[135.515,34.652],[135.515,34.656],[135.51,34.656],[135.51,34.652]]]}},{"type":"Feature","properties":{"origin":"tennoji","minutes":17.0},"geometry":{"type":"Polygon","coordinates":[[[135.51,34.656],[135.515,34.656],[135.515,34.66],[135.51,34.66],[135.51,34.656]]]}},{"type":"Feature","properties":{"origin":"tennoji","minutes":20.3},"geometry":{"type":"Polygon","coordinates":[[[135.51,34.660000000000004],[135.515,34.660000000000004],[135.515,34.664],[135.51,34.664],[135.51,34.660000000000004]]]}},{"type":"Feature","properties":{"origin":"tennoji","minutes":23.6},"geometry":{"type":"Polygon","coordinates":[[[135.51,34.664],[135.515,34.664],[135.515,34.668],[135.51,34.668],[135.51,34.664]]]}},{"type":"Feature","properties":{"origin":"tennoji","minutes":26.9},"geometry":{"type":"Polygon","coordinates":[[[135.51,34.668],[135.515,34.668],[135.515,34.672],[135.51,34.672],[135.51,34.668]]]}},{"type":"Feature","properties":{"origin":"tennoji","minutes":30.2},"geometry":{"type":"Polygon","coordinates":[[[135.51,34.672000000000004],[135.515,34.672000000000004],[135.515,34.676],[135.51,34.676],[135.51,34.672000000000004]]]}},{"type":"Feature","properties":{"origin":"tennoji","minutes":33.6},"geometry":{"type":"Polygon","coordinates":[[[135.51,34.676],[135.515,34.676],[135.515,34.68],[135.51,34.68],[135.51,34.676]]]}},{"type":"Feature","properties":{"origin":"tennoji","minutes":36.9},"geometry":{"type":"Polygon","coordinates":[[[135.51,34.68],[135.515,34.68],[135.515,34.684],[135.51,34.684],[135.51,34.68]]]}},{"type":"Feature","properties":{"origin":"tennoji","minutes":40.2},"geometry":{"type":"Polygon","coordinates":[[[135.51,34.684000000000005],[135.515,34.684000000000005],[135.515,34.688],[135.51,34.688],[135.51,34.684000000000005]]]}},{"type":"Feature","properties":{"origin":"tennoji","minutes":43.6},"geometry":{"type":"Polygon","coordinates":[[[135.51,34.688],[135.515,34.688],[135.515,34.692],[135.51,34.692],[135.51,34.688]]]}},{"type":"Feature","properties":{"origin":"tennoji","minutes":46.9},"geometry":{"type":"Polygon","coordinates":[[[135.51,34.692],[135.515,34.692],[135.515,34.696],[135.51,34.696],[135.51,34.692]]]}},{"type":"Feature","properties":{"origin":"tennoji","minutes":50.2},"geometry":{"type":"Polygon","coordinates":[[[135.51,34.696000000000005],[135.515,34.696000000000005],[135.515,34.7],[135.51,34.7],[135.51,34.696000000000005]]]}},{"type":"Feature","properties":{"origin":"tennoji","minutes":53.5},"geometry":{"type":"Polygon","coordinates":[[[135.51,34.7],[135.515,34.7],[135.515,34.704],[135.51,34.704],[135.51,34.7]]]}},{"type":"Feature","properties":{"origin":"tennoji","minutes":56.9},"geometry":{"type":"Polygon","coordinates":[[[135.51,34.704],[135.515,34.704],[135.515,34.708],[135.51,34.708],[135.51,34.704]]]}},{"type":"Feature","properties":{"origin":"tennoji","minutes":59.1},"geometry":{"type":"Polygon","coordinates":[[[135.515,34.584],[135.51999999999998,34.584],[135.51999999999998,34.588],[135.515,34.588],[135.515,34.584]]]}},{"type":"Feature","properties":{"origin":"tennoji","minutes":55.8},"geometry":{"type":"Polygon","coordinates":[[[135.515,34.588],[135.51999999999998,34.588],[135.51999999999998,34.592],[135.515,34.592],[135.515,34.588]]]}},{"type":"Feature","properties":{"origin":"tennoji","minutes":52.4},"geometry":{"type":"Polygon","coordinates":[[[135.515,34.592],[135.51999999999998,34.592],[135.51999999999998,34.596],[135.515,34.596],[135.515,34.592]]]}},{"type":"Feature","properties":{"origin":"tennoji","minutes":49.1},"geometry":{"type":"Polygon","coordinates":[[[135.515,34.596000000000004],[135.51999999999998,34.596000000000004],[135.51999999999998,34.6],[135.515,34.6],[135.515,34.596000000000004]]]}},{"type":"Feature","properties":{"origin":"tennoji","minutes":45.8},"geometry":{"type":"Polygon","coordinates":[[[135.515,34.6],[135.51999999999998,34.6],[135.51999999999998,34.604],[135.515,34.604],[135.515,34.6]]]}},{"type":"Feature","properties":{"origin":"tennoji","minutes":42.5},"geometry":{"type":"Polygon","coordinates":[[[135.515,34.604],[135.51999999999998,34.604],[135.51999999999998,34.608],[135.515,34.608],[135.515,34.604]]]}},{"type":"Feature","properties":{"origin":"tennoji","minutes":39.2},"geometry":{"type":"Polygon","coordinates":[[[135.515,34.608000000000004],[135.51999999999998,34.608000000000004],[135.51999999999998,34.612],[135.515,34.612],[135.515,34.608000000000004]]]}},{"type":"Feature","properties":{"origin":"tennoji","minutes":35.8},"geometry":{"type":"Polygon","coordinates":[[[135.515,34.612],[135.51999999999998,34.612],[135.51999999999998,34.616],[135.515,34.616],[135.515,34.612]]]}},{"type":"Feature","properties":{"origin":"tennoji","minutes":32.5},"geometry":{"type":"Polygon","coordinates":[[[135.515,34.616],[135.51999999999998,34.616],[135.51999999999998,34.62],[135.515,34.62],[135.515,34.616]]]}},{"type":"Feature","properties":{"origin":"tennoji","minutes":29.2},"geometry":{"type":"Polygon","coordinates":[[[135.515,34.620000000000005],[135.51999999999998,34.620000000000005],[135.51999999999998,34.624],[135.515,34.624],[135.515,34.620000000000005]]]}},{"type":"Feature","properties":{"origin":"tennoji","minutes":25.9},"geometry":{"type":"Polygon","coordinates":[[[135.515,34.624],[135.51999999999998,34.624],[135.51999999999998,34.628],[135.515,34.628],[135.515,34.624]]]}},{"type":"Feature","properties":{"origin":"tennoji","minutes":22.6},"geometry":{"type":"Polygon","coordinates":[[[135.515,34.628],[135.51999999999998,34.628],[135.51999999999998,34.632],[135.515,34.632],[135.515,34.628]]]}},{"type":"Feature","properties":{"origin":"tennoji","minutes":19.4},"geometry":{"type":"Polygon","coordinates":[[[135.515,34.632000000000005],[135.51999999999998,34.632000000000005],[135.51999999999998,34.636],[135.515,34.636],[135.515,34.632000000000005]]]}},{"type":"Feature","properties":{"origin":"tennoji","minutes":16.1},"geometry":{"type":"Polygon","coordinates":[[[135.515,34.636],[135.51999999999998,34.636],[135.51999999999998,34.64],[135.515,34.64],[135.515,34.636]]]}},{"type":"Feature","properties":{"origin":"tennoji","minutes":13.1},"geometry":{"type":"Polygon","coordinates":[[[135.515,34.64],[135.51999999999998,34.64],[135.51999999999998,34.644],[135.515,34.644],[135.515,34.64]]]}},{"type":"Feature","properties":{"origin":"tennoji","minutes":10.8},"geometry":{"type":"Polygon","coordinates":[[[135.515,34.644000000000005],[135.51999999999998,34.644000000000005],[135.51999999999998,34.648],[135.515,34.648],[135.515,34.644000000000005]]]}},{"type":"Feature","properties":{"origin":"tennoji","minutes":11.4},"geometry":{"type":"Polygon","coordinates":[[[135.515,34.648],[135.51999999999998,34.648],[135.51999999999998,34.652],[135.515,34.652],[135.515,34.648]]]}},{"type":"Feature","properties":{"origin":"tennoji","minutes":14.1},"geometry":{"type":"Polygon","coordinates":[[[135.515,34.652],[135.51999999999998,34.652],[135.51999999999998,34.656],[135.515,34.656],[135.515,34.652]]]}},{"type":"Feature","properties":{"origin":"tennoji","minutes":17.3},"geometry":{"type":"Polygon","coordinates":[[[135.515,34.656],[135.51999999999998,34.656],[135.51999999999998,34.66],[135.515,34.66],[135.515,34.656]]]}},{"type":"Feature","properties":{"origin":"tennoji","minutes":20.5},"geometry":{"type":"Polygon","coordinates":[[[135.515,34.660000000000004],[135.51999999999998,34.660000000000004],[135.51999999999998,34.664],[135.515,34.664],[135.515,34.660000000000004]]]}},{"type":"Feature","properties":{"origin":"tennoji","minutes":23.8},"geometry":{"type":"Polygon","coordinates":[[[135.515,34.664],[135.51999999999998,34.664],[135.51999999999998,34.668],[135.515,34.668],[135.515,34.664]]]}},{"type":"Feature","properties":{"origin":"tennoji","minutes":27.1},"geometry":{"type":"Polygon","coordinates":[[[135.515,34.668],[135.51999999999998,34.668],[135.51999999999998,34.672],[135.515,34.672],[135.515,34.668]]]}},{"type":"Feature","properties":{"origin":"tennoji","minutes":30.4},"geometry":{"type":"Polygon","coordinates":[[[135.515,34.672000000000004],[135.51999999999998,34.672000000000004],[135.51999999999998,34.676],[135.515,34.676],[135.515,34.672000000000004]]]}},{"type":"Feature","properties":{"origin":"tennoji","minutes":33.7},"geometry":{"type":"Polygon","coordinates":[[[135.515,34.676],[135.51999999999998,34.676],[135.51999999999998,34.68],[135.515,34.68],[135.515,34.676]]]}},{"type":"Feature","properties":{"origin":"tennoji","minutes":37.0},"geometry":{"type":"Polygon","coordinates":[[[135.515,34.68],[135.51999999999998,34.68],[135.51999999999998,34.684],[135.515,34.684],[135.515,34.68]]]}},{"type":"Feature","properties":{"origin":"tennoji","minutes":40.3},"geometry":{"type":"Polygon","coordinates":[[[135.515,34.684000000000005],[135.51999999999998,34.684000000000005],[135.51999999999998,34.688],[135.515,34.688],[135.515,34.684000000000005]]]}},{"type":"Feature","properties":{"origin":"tennoji","minutes":43.6},"geometry":{"type":"Polygon","coordinates":[[[135.515,34.688],[135.51999999999998,34.688],[135.51999999999998,34.692],[135.515,34.692],[135.515,34.688]]]}},{"type":"Feature","properties":{"origin":"tennoji","minutes":47.0},"geometry":{"type":"Polygon","coordinates":[[[135.515,34.692],[135.51999999999998,34.692],[135.51999999999998,34.696],[135.515,34.696],[135.515,34.692]]]}},{"type":"Feature","properties":{"origin":"tennoji","minutes":50.3},"geometry":{"type":"Polygon","coordinates":[[[135.515,34.696000000000005],[135.51999999999998,34.696000000000005],[135.51999999999998,34.7],[135.515,34.7],[135.515,34.696000000000005]]]}},{"type":"Feature","properties":{"origin":"tennoji","minutes":53.6},"geometry":{"type":"Polygon","coordinates":[[[135.515,34.7],[135.51999999999998,34.7],[135.51999999999998,34.704],[135.515,34.704],[135.515,34.7]]]}},{"type":"Feature","properties":{"origin":"tennoji","minutes":56.9},"geometry":{"type":"Polygon","coordinates":[[[135.515,34.704],[135.51999999999998,34.704],[135.51999999999998,34.708],[135.515,34.708],[135.515,34.704]]]}},{"type":"Feature","properties":{"origin":"tennoji","minutes":59.4},"geometry":{"type":"Polygon","coordinates":[[[135.51999999999998,34.584],[135.52499999999998,34.584],[135.52499999999998,34.588],[135.51999999999998,34.588],[135.51999999999998,34.584]]]}},{"type":"Feature","properties":{"origin":"tennoji","minutes":56.1},"geometry":{"type":"Polygon","coordinates":[[[135.51999999999998,34.588],[135.52499999999998,34.588],[135.52499999999998,34.592],[135.51999999999998,34.592],[135.51999999999998,34.588]]]}},{"type":"Feature","properties":{"origin":"tennoji","minutes":52.8},"geometry":{"type":"Polygon","coordinates":[[[135.51999999999998,34.592],[135.52499999999998,34.592],[135.52499999999998,34.596],[135.51999999999998,34.596],[135.51999999999998,34.592]]]}},{"type":"Feature","properties":{"origin":"tennoji","minutes":49.5},"geometry":{"type":"Polygon","coordinates":[[[135.51999999999998,34.596000000000004],[135.52499999999998,34.596000000000004],[135.52499999999998,34.6],[135.51999999999998,34.6],[135.51999999999998,34.596000000000004]]]}},{"type":"Feature","properties":{"origin":"tennoji","minutes":46.2},"geometry":{"type":"Polygon","coordinates":[[[135.51999999999998,34.6],[135.52499999999998,34.6],[135.52499999999998,34.604],[135.51999999999998,34.604],[135.51999999999998,34.6]]]}},{"type":"Feature","properties":{"origin":"tennoji","minutes":42.9},"geometry":{"type":"Polygon","coordinates":[[[135.51999999999998,34.604],[135.52499999999998,34.604],[135.52499999999998,34.608],[135.51999999999998,34.608],[135.51999999999998,34.604]]]}},{"type":"Feature","properties":{"origin":"tennoji","minutes":39.6},"geometry":{"type":"Polygon","coordinates":[[[135.51999999999998,34.608000000000004],[135.52499999999998,34.608000000000004],[135.52499999999998,34.612],[135.51999999999998,34.612],[135.51999999999998,34.608000000000004]]]}},{"type":"Feature","properties":{"origin":"tennoji","minutes":36.4},"geometry":{"type":"Polygon","coordinates":[[[135.51999999999998,34.612],[135.52499999999998,34.612],[135.52499999999998,34.616],[135.51999999999998,34.616],[135.51999999999998,34.612]]]}},{"type":"Feature","properties":{"origin":"tennoji","minutes":33.1},"geometry":{"type":"Polygon","coordinates":[[[135.51999999999998,34.616],[135.52499999999998,34.616],[135.52499999999998,34.62],[135.51999999999998,34.62],[135.51999999999998,34.616]]]}},{"type":"Feature","properties":{"origin":"tennoji","minutes":29.9},"geometry":{"type":"Polygon","coordinates":[[[135.51999999999998,34.620000000000005],[135.52499999999998,34.620000000000005],[135.52499999999998,34.624],[135.51999999999998,34.624],[135.51999999999998,34.620000000000005]]]}},{"type":"Feature","properties":{"origin":"tennoji","minutes":26.7},"geometry":{"type":"Polygon","coordinates":[[[135.51999999999998,34.624],[135.52499999999998,34.624],[135.52499999999998,34.628],[135.51999999999998,34.628],[135.51999999999998,34.624]]]}},{"type":"Feature","properties":{"origin":"tennoji","minutes":23.6},"geometry":{"type":"Polygon","coordinates":[[[135.51999999999998,34.628],[135.52499999999998,34.628],[135.52499999999998,34.632],[135.51999999999998,34.632],[135.51999999999998,34.628]]]}},{"type":"Feature","properties":{"origin":"tennoji","minutes":20.6},"geometry":{"type":"Polygon","coordinates":[[[135.51999999999998,34.632000000000005],[135.52499999999998,34.632000000000005],[135.52499999999998,34.636],[135.51999999999998,34.636],[135.51999999999998,34.632000000000005]]]}},{"type":"Feature","properties":{"origin":"tennoji","minutes":17.8},"geometry":{"type":"Polygon","coordinates":[[[135.51999999999998,34.636],[135.52499999999998,34.636],[135.52499999999998,34.64],[135.51999999999998,34.64],[135.51999999999998,34.636]]]}},{"type":"Feature","properties":{"origin":"tennoji","minutes":15.4},"geometry":{"type":"Polygon","coordinates":[[[135.51999999999998,34.64],[135.52499999999998,34.64],[135.52499999999998,34.644],[135.51999999999998,34.644],[135.51999999999998,34.64]]]}},{"type":"Feature","properties":{"origin":"tennoji","minutes":14.1},"geometry":{"type":"Polygon","coordinates":[[[135.51999999999998,34.644000000000005],[135.52499999999998,34.644000000000005],[135.52499999999998,34.648],[135.51999999999998,34.648],[135.51999999999998,34.644000000000005]]]}},{"type":"Feature","properties":{"origin":"tennoji","minutes":14.4},"geometry":{"type":"Polygon","coordinates":[[[135.51999999999998,34.648],[135.52499999999998,34.648],[135.52499999999998,34.652],[135.51999999999998,34.652],[135.51999999999998,34.648]]]}},{"type":"Feature","properties":{"origin":"tennoji","minutes":16.2},"geometry":{"type":"Polygon","coordinates":[[[135.51999999999998,34.652],[135.52499999999998,34.652],[135.52499999999998,34.656],[135.51999999999998,34.656],[135.51999999999998,34.652]]]}},{"type":"Feature","properties":{"origin":"tennoji","minutes":18.7},"geometry":{"type":"Polygon","coordinates":[[[135.51999999999998,34.656],[135.52499999999998,34.656],[135.52499999999998,34.66],[135.51999999999998,34.66],[135.51999999999998,34.656]]]}},{"type":"Feature","properties":{"origin":"tennoji","minutes":21.6},"geometry":{"type":"Polygon","coordinates":[[[135.51999999999998,34.660000000000004],[135.52499999999998,34.660000000000004],[135.52499999999998,34.664],[135.51999999999998,34.664],[135.51999999999998,34.660000000000004]]]}},{"type":"Feature","properties":{"origin":"tennoji","minutes":24.7},"geometry":{"type":"Polygon","coordinates":[[[135.51999999999998,34.664],[135.52499999999998,34.664],[135.52499999999998,34.668],[135.51999999999998,34.668],[135.51999999999998,34.664]]]}},{"type":"Feature","properties":{"origin":"tennoji","minutes":27.8},"geometry":{"type":"Polygon","coordinates":[[[135.51999999999998,34.668],[135.52499999999998,34.668],[135.52499999999998,34.672],[135.51999999999998,34.672],[135.51999999999998,34.668]]]}},{"type":"Feature","properties":{"origin":"tennoji","minutes":31.0},"geometry":{"type":"Polygon","coordinates":[[[135.51999999999998,34.672000000000004],[135.52499999999998,34.672000000000004],[135.52499999999998,34.676],[135.51999999999998,34.676],[135.51999999999998,34.672000000000004]]]}},{"type":"Feature","properties":{"origin":"tennoji","minutes":34.2},"geometry":{"type":"Polygon","coordinates":[[[135.51999999999998,34.676],[135.52499999999998,34.676],[135.52499999999998,34.68],[135.51999999999998,34.68],[135.51999999999998,34.676]]]}},{"type":"Feature","properties":{"origin":"tennoji","minutes":37.5},"geometry":{"type":"Polygon","coordinates":[[[135.51999999999998,34.68],[135.52499999999998,34.68],[135.52499999999998,34.684],[135.51999999999998,34.684],[135.51999999999998,34.68]]]}},{"type":"Feature","properties":{"origin":"tennoji","minutes":40.8},"geometry":{"type":"Polygon","coordinates":[[[135.51999999999998,34.684000000000005],[135.52499999999998,34.684000000000005],[135.52499999999998,34.688],[135.51999999999998,34.688],[135.51999999999998,34.684000000000005]]]}},{"type":"Feature","properties":{"origin":"tennoji","minutes":44.0},"geometry":{"type":"Polygon","coordinates":[[[135.51999999999998,34.688],[135.52499999999998,34.688],[135.52499999999998,34.692],[135.51999999999998,34.692],[135.51999999999998,34.688]]]}},{"type":"Feature","properties":{"origin":"tennoji","minutes":47.3},"geometry":{"type":"Polygon","coordinates":[[[135.51999999999998,34.692],[135.52499999999998,34.692],[135.52499999999998,34.696],[135.51999999999998,34.696],[135.51999999999998,34.692]]]}},{"type":"Feature","properties":{"origin":"tennoji","minutes":50.6},"geometry":{"type":"Polygon","coordinates":[[[135.51999999999998,34.696000000000005],[135.52499999999998,34.696000000000005],[135.52499999999998,34.7],[135.51999999999998,34.7],[135.51999999999998,34.696000000000005]]]}},{"type":"Feature","properties":{"origin":"tennoji","minutes":53.9},"geometry":{"type":"Polygon","coordinates":[[[135.51999999999998,34.7],[135.52499999999998,34.7],[135.52499999999998,34.704],[135.51999999999998,34.704],[135.51999999999998,34.7]]]}},{"type":"Feature","properties":{"origin":"tennoji","minutes":57.2},"geometry":{"type":"Polygon","coordinates":[[[135.51999999999998,34.704],[135.52499999999998,34.704],[135.52499999999998,34.708],[135.51999999999998,34.708],[135.51999999999998,34.704]]]}},{"type":"Feature","properties":{"origin":"tennoji","minutes":59.9},"geometry":{"type":"Polygon","coordinates":[[[135.525,34.584],[135.53,34.584],[135.53,34.588],[135.525,34.588],[135.525,34.584]]]}},{"type":"Feature","properties":{"origin":"tennoji","minutes":56.6},"geometry":{"type":"Polygon","coordinates":[[[135.525,34.588],[135.53,34.588],[135.53,34.592],[135.525,34.592],[135.525,34.588]]]}},{"type":"Feature","properties":{"origin":"tennoji","minutes":53.4},"geometry":{"type":"Polygon","coordinates":[[[135.525,34.592],[135.53,34.592],[135.53,34.596],[135.525,34.596],[135.525,34.592]]]}},{"type":"Feature","properties":{"origin":"tennoji","minutes":50.1},"geometry":{"type":"Polygon","coordinates":[[[135.525,34.596000000000004],[135.53,34.596000000000004],[135.53,34.6],[135.525,34.6],[135.525,34.596000000000004]]]}},{"type":"Feature","properties":{"origin":"tennoji","minutes":46.9},"geometry":{"type":"Polygon","coordinates":[[[135.525,34.6],[135.53,34.6],[135.53,34.604],[135.525,34.604],[135.525,34.6]]]}},{"type":"Feature","properties":{"origin":"tennoji","minutes":43.6},"geometry":{"type":"Polygon","coordinates":[[[135.525,34.604],[135.53,34.604],[135.53,34.608],[135.525,34.608],[135.525,34.604]]]}},{"type":"Feature","properties":{"origin":"tennoji","minutes":40.4},"geometry":{"type":"Polygon","coordinates":[[[135.525,34.608000000000004],[135.53,34.608000000000004],[135.53,34.612],[135.525,34.612],[135.525,34.608000000000004]]]}},{"type":"Feature","properties":{"origin":"tennoji","minutes":37.3},"geometry":{"type":"Polygon","coordinates":[[[135.525,34.612],[135.53,34.612],[135.53,34.616],[135.525,34.616],[135.525,34.612]]]}},{"type":"Feature","properties":{"origin":"tennoji","minutes":34.1},"geometry":{"type":"Polygon","coordinates":[[[135.525,34.616],[135.53,34.616],[135.53,34.62],[135.525,34.62],[135.525,34.616]]]}},{"type":"Feature","properties":{"origin":"tennoji","minutes":31.1},"geometry":{"type":"Polygon","coordinates":[[[135.525,34.620000000000005],[135.53,34.620000000000005],[135.53,34.624],[135.525,34.624],[135.525,34.620000000000005]]]}},{"type":"Feature","properties":{"origin":"tennoji","minutes":28.1},"geometry":{"type":"Polygon","coordinates":[[[135.525,34.624],[135.53,34.624],[135.53,34.628],[135.525,34.628],[135.525,34.624]]]}},{"type":"Feature","properties":{"origin":"tennoji","minutes":25.2},"geometry":{"type":"Polygon","coordinates":[[[135.525,34.628],[135.53,34.628],[135.53,34.632],[135.525,34.632],[135.525,34.628]]]}},{"type":"Feature","properties":{"origin":"tennoji","minutes":22.5},"geometry":{"type":"Polygon","coordinates":[[[135.525,34.632000000000005],[135.53,34.632000000000005],[135.53,34.636],[135.525,34.636],[135.525,34.632000000000005]]]}},{"type":"Feature","properties":{"origin":"tennoji","minutes":20.2},"geometry":{"type":"Polygon","coordinates":[[[135.525,34.636],[135.53,34.636],[135.53,34.64],[135.525,34.64],[135.525,34.636]]]}},{"type":"Feature","properties":{"origin":"tennoji","minutes":18.4},"geometry":{"type":"Polygon","coordinates":[[[135.525,34.64],[135.53,34.64],[135.53,34.644],[135.525,34.644],[135.525,34.64]]]}},{"type":"Feature","properties":{"origin":"tennoji","minutes":17.5},"geometry":{"type":"Polygon","coordinates":[[[135.525,34.644000000000005],[135.53,34.644000000000005],[135.53,34.648],[135.525,34.648],[135.525,34.644000000000005]]]}},{"type":"Feature","properties":{"origin":"tennoji","minutes":17.7},"geometry":{"type":"Polygon","coordinates":[[[135.525,34.648],[135.53,34.648],[135.53,34.652],[135.525,34.652],[135.525,34.648]]]}},{"type":"Feature","properties":{"origin":"tennoji","minutes":18.9},"geometry":{"type":"Polygon","coordinates":[[[135.525,34.652],[135.53,34.652],[135.53,34.656],[135.525,34.656],[135.525,34.652]]]}},{"type":"Feature","properties":{"origin":"tennoji","minutes":21.0},"geometry":{"type":"Polygon","coordinates":[[[135.525,34.656],[135.53,34.656],[135.53,34.66],[135.525,34.66],[135.525,34.656]]]}},{"type":"Feature","properties":{"origin":"tennoji","minutes":23.4},"geometry":{"type":"Polygon","coordinates":[[[135.525,34.660000000000004],[135.53,34.660000000000004],[135.53,34.664],[135.525,34.664],[135.525,34.660000000000004]]]}},{"type":"Feature","properties":{"origin":"tennoji","minutes":26.2},"geometry":{"type":"Polygon","coordinates":[[[135.525,34.664],[135.53,34.664],[135.53,34.668],[135.525,34.668],[135.525,34.664]]]}},{"type":"Feature","properties":{"origin":"tennoji","minutes":29.1},"geometry":{"type":"Polygon","coordinates":[[[135.525,34.668],[135.53,34.668],[135.53,34.672],[135.525,34.672],[135.525,34.668]]]}},{"type":"Feature","properties":{"origin":"tennoji","minutes":32.1},"geometry":{"type":"Polygon","coordinates":[[[135.525,34.672000000000004],[135.53,34.672000000000004],[135.53,34.676],[135.525,34.676],[135.525,34.672000000000004]]]}},{"type":"Feature","properties":{"origin":"tennoji","minutes":35.2},"geometry":{"type":"Polygon","coordinates":[[[135.525,34.676],[135.53,34.676],[135.53,34.68],[135.525,34.68],[135.525,34.676]]]}},{"type":"Feature","properties":{"origin":"tennoji","minutes":38.4},"geometry":{"type":"Polygon","coordinates":[[[135.525,34.68],[135.53,34.68],[135.53,34.684],[135.525,34.684],[135.525,34.68]]]}},{"type":"Feature","properties":{"origin":"tennoji","minutes":41.6},"geometry":{"type":"Polygon","coordinates":[[[135.525,34.684000000000005],[135.53,34.684000000000005],[135.53,34.688],[135.525,34.688],[135.525,34.684000000000005]]]}},{"type":"Feature","properties":{"origin":"tennoji","minutes":44.8},"geometry":{"type":"Polygon","coordinates":[[[135.525,34.688],[135.53,34.688],[135.53,34.692],[135.525,34.692],[135.525,34.688]]]}},{"type":"Feature","properties":{"origin":"tennoji","minutes":48.0},"geometry":{"type":"Polygon","coordinates":[[[135.525,34.692],[135.53,34.692],[135.53,34.696],[135.525,34.696],[135.525,34.692]]]}},{"type":"Feature","properties":{"origin":"tennoji","minutes":51.2},"geometry":{"type":"Polygon","coordinates":[[[135.525,34.696000000000005],[135.53,34.696000000000005],[135.53,34.7],[135.525,34.7],[135.525,34.696000000000005]]]}},{"type":"Feature","properties":{"origin":"tennoji","minutes":54.5},"geometry":{"type":"Polygon","coordinates":[[[135.525,34.7],[135.53,34.7],[135.53,34.704],[135.525,34.704],[135.525,34.7]]]}},{"type":"Feature","properties":{"origin":"tennoji","minutes":57.8},"geometry":{"type":"Polygon","coordinates":[[[135.525,34.704],[135.53,34.704],[135.53,34.708],[135.525,34.708],[135.525,34.704]]]}},{"type":"Feature","properties":{"origin":"tennoji","minutes":57.4},"geometry":{"type":"Polygon","coordinates":[[[135.53,34.588],[135.535,34.588],[135.535,34.592],[135.53,34.592],[135.53,34.588]]]}},{"type":"Feature","properties":{"origin":"tennoji","minutes":54.2},"geometry":{"type":"Polygon","coordinates":[[[135.53,34.592],[135.535,34.592],[135.535,34.596],[135.53,34.596],[135.53,34.592]]]}},{"type":"Feature","properties":{"origin":"tennoji","minutes":51.0},"geometry":{"type":"Polygon","coordinates":[[[135.53,34.596000000000004],[135.535,34.596000000000004],[135.535,34.6],[135.53,34.6],[135.53,34.596000000000004]]]}},{"type":"Feature","properties":{"origin":"tennoji","minutes":47.8},"geometry":{"type":"Polygon","coordinates":[[[135.53,34.6],[135.535,34.6],[135.535,34.604],[135.53,34.604],[135.53,34.6]]]}},{"type":"Feature","properties":{"origin":"tennoji","minutes":44.7},"geometry":{"type":"Polygon","coordinates":[[[135.53,34.604],[135.535,34.604],[135.535,34.608],[135.53,34.608],[135.53,34.604]]]}},{"type":"Feature","properties":{"origin":"tennoji","minutes":41.6},"geometry":{"type":"Polygon","coordinates":[[[135.53,34.608000000000004],[135.535,34.608000000000004],[135.535,34.612],[135.53,34.612],[135.53,34.608000000000004]]]}},{"type":"Feature","properties":{"origin":"tennoji","minutes":38.5},"geometry":{"type":"Polygon","coordinates":[[[135.53,34.612],[135.535,34.612],[135.535,34.616],[135.53,34.616],[135.53,34.612]]]}},{"type":"Feature","properties":{"origin":"tennoji","minutes":35.6},"geometry":{"type":"Polygon","coordinates":[[[135.53,34.616],[135.535,34.616],[135.535,34.62],[135.53,34.62],[135.53,34.616]]]}},{"type":"Feature","properties":{"origin":"tennoji","minutes":32.7},"geometry":{"type":"Polygon","coordinates":[[[135.53,34.620000000000005],[135.535,34.620000000000005],[135.535,34.624],[135.53,34.624],[135.53,34.620000000000005]]]}},{"type":"Feature","properties":{"origin":"tennoji","minutes":29.9},"geometry":{"type":"Polygon","coordinates":[[[135.53,34.624],[135.535,34.624],[135.535,34.628],[135.53,34.628],[135.53,34.624]]]}},{"type":"Feature","properties":{"origin":"tennoji","minutes":27.3},"geometry":{"type":"Polygon","coordinates":[[[135.53,34.628],[135.535,34.628],[135.535,34.632],[135.53,34.632],[135.53,34.628]]]}},{"type":"Feature","properties":{"origin":"tennoji","minutes":24.9},"geometry":{"type":"Polygon","coordinates":[[[135.53,34.632000000000005],[135.535,34.632000000000005],[135.535,34.636],[135.53,34.636],[135.53,34.632000000000005]]]}},{"type":"Feature","properties":{"origin":"tennoji","minutes":23.0},"geometry":{"type":"Polygon","coordinates":[[[135.53,34.636],[135.535,34.636],[135.535,34.64],[135.53,34.64],[135.53,34.636]]]}},{"type":"Feature","properties":{"origin":"tennoji","minutes":21.6},"geometry":{"type":"Polygon","coordinates":[[[135.53,34.64],[135.535,34.64],[135.535,34.644],[135.53,34.644],[135.53,34.64]]]}},{"type":"Feature","properties":{"origin":"tennoji","minutes":20.9},"geometry":{"type":"Polygon","coordinates":[[[135.53,34.644000000000005],[135.535,34.644000000000005],[135.535,34.648],[135.53,34.648],[135.53,34.644000000000005]]]}},{"type":"Feature","properties":{"origin":"tennoji","minutes":21.0},"geometry":{"type":"Polygon","coordinates":[[[135.53,34.648],[135.535,34.648],[135.535,34.652],[135.53,34.652],[135.53,34.648]]]}},{"type":"Feature","properties":{"origin":"tennoji","minutes":22.0},"geometry":{"type":"Polygon","coordinates":[[[135.53,34.652],[135.535,34.652],[135.535,34.656],[135.53,34.656],[135.53,34.652]]]}},{"type":"Feature","properties":{"origin":"tennoji","minutes":23.6},"geometry":{"type":"Polygon","coordinates":[[[135.53,34.656],[135.535,34.656],[135.535,34.66],[135.53,34.66],[135.53,34.656]]]}},{"type":"Feature","properties":{"origin":"tennoji","minutes":25.7},"geometry":{"type":"Polygon","coordinates":[[[135.53,34.660000000000004],[135.535,34.660000000000004],[135.535,34.664],[135.53,34.664],[135.53,34.660000000000004]]]}},{"type":"Feature","properties":{"origin":"tennoji","minutes":28.2},"geometry":{"type":"Polygon","coordinates":[[[135.53,34.664],[135.535,34.664],[135.535,34.668],[135.53,34.668],[135.53,34.664]]]}},{"type":"Feature","properties":{"origin":"tennoji","minutes":30.8},"geometry":{"type":"Polygon","coordinates":[[[135.53,34.668],[135.535,34.668],[135.535,34.672],[135.53,34.672],[135.53,34.668]]]}},{"type":"Feature","properties":{"origin":"tennoji","minutes":33.7},"geometry":{"type":"Polygon","coordinates":[[[135.53,34.672000000000004],[135.535,34.672000000000004],[135.535,34.676],[135.53,34.676],[135.53,34.672000000000004]]]}},{"type":"Feature","properties":{"origin":"tennoji","minutes":36.6},"geometry":{"type":"Polygon","coordinates":[[[135.53,34.676],[135.535,34.676],[135.535,34.68],[135.53,34.68],[135.53,34.676]]]}},{"type":"Feature","properties":{"origin":"tennoji","minutes":39.6},"geometry":{"type":"Polygon","coordinates":[[[135.53,34.68],[135.535,34.68],[135.535,34.684],[135.53,34.684],[135.53,34.68]]]}},{"type":"Feature","properties":{"origin":"tennoji","minutes":42.7},"geometry":{"type":"Polygon","coordinates":[[[135.53,34.684000000000005],[135.535,34.684000000000005],[135.535,34.688],[135.53,34.688],[135.53,34.684000000000005]]]}},{"type":"Feature","properties":{"origin":"tennoji","minutes":45.8},"geometry":{"type":"Polygon","coordinates":[[[135.53,34.688],[135.535,34.688],[135.535,34.692],[135.53,34.692],[135.53,34.688]]]}},{"type":"Feature","properties":{"origin":"tennoji","minutes":48.9},"geometry":{"type":"Polygon","coordinates":[[[135.53,34.692],[135.535,34.692],[135.535,34.696],[135.53,34.696],[135.53,34.692]]]}},{"type":"Feature","properties":{"origin":"tennoji","minutes":52.1},"geometry":{"type":"Polygon","coordinates":[[[135.53,34.696000000000005],[135.535,34.696000000000005],[135.535,34.7],[135.53,34.7],[135.53,34.696000000000005]]]}},{"type":"Feature","properties":{"origin":"tennoji","minutes":55.3},"geometry":{"type":"Polygon","coordinates":[[[135.53,34.7],[135.535,34.7],[135.535,34.704],[135.53,34.704],[135.53,34.7]]]}},{"type":"Feature","properties":{"origin":"tennoji","minutes":58.5},"geometry":{"type":"Polygon","coordinates":[[[135.53,34.704],[135.535,34.704],[135.535,34.708],[135.53,34.708],[135.53,34.704]]]}},{"type":"Feature","properties":{"origin":"tennoji","minutes":58.4},"geometry":{"type":"Polygon","coordinates":[[[135.535,34.588],[135.54,34.588],[135.54,34.592],[135.535,34.592],[135.535,34.588]]]}},{"type":"Feature","properties":{"origin":"tennoji","minutes":55.3},"geometry":{"type":"Polygon","coordinates":[[[135.535,34.592],[135.54,34.592],[135.54,34.596],[135.535,34.596],[135.535,34.592]]]}},{"type":"Feature","properties":{"origin":"tennoji","minutes":52.1},"geometry":{"type":"Polygon","coordinates":[[[135.535,34.596000000000004],[135.54,34.596000000000004],[135.54,34.6],[135.535,34.6],[135.535,34.596000000000004]]]}},{"type":"Feature","properties":{"origin":"tennoji","minutes":49.1},"geometry":{"type":"Polygon","coordinates":[[[135.535,34.6],[135.54,34.6],[135.54,34.604],[135.535,34.604],[135.535,34.6]]]}},{"type":"Feature","properties":{"origin":"tennoji","minutes":46.0},"geometry":{"type":"Polygon","coordinates":[[[135.535,34.604],[135.54,34.604],[135.54,34.608],[135.535,34.608],[135.535,34.604]]]}},{"type":"Feature","properties":{"origin":"tennoji","minutes":43.1},"geometry":{"type":"Polygon","coordinates":[[[135.535,34.608000000000004],[135.54,34.608000000000004],[135.54,34.612],[135.535,34.612],[135.535,34.608000000000004]]]}},{"type":"Feature","properties":{"origin":"tennoji","minutes":40.1},"geometry":{"type":"Polygon","coordinates":[[[135.535,34.612],[135.54,34.612],[135.54,34.616],[135.535,34.616],[135.535,34.612]]]}},{"type":"Feature","properties":{"origin":"tennoji","minutes":37.3},"geometry":{"type":"Polygon","coordinates":[[[135.535,34.616],[135.54,34.616],[135.54,34.62],[135.535,34.62],[135.535,34.616]]]}},{"type":"Feature","properties":{"origin":"tennoji","minutes":34.6},"geometry":{"type":"Polygon","coordinates":[[[135.535,34.620000000000005],[135.54,34.620000000000005],[135.54,34.624],[135.535,34.624],[135.535,34.620000000000005]]]}},{"type":"Feature","properties":{"origin":"tennoji","minutes":32.1},"geometry":{"type":"Polygon","coordinates":[[[135.535,34.624],[135.54,34.624],[135.54,34.628],[135.535,34.628],[135.535,34.624]]]}},{"type":"Feature","properties":{"origin":"tennoji","minutes":29.7},"geometry":{"type":"Polygon","coordinates":[[[135.535,34.628],[135.54,34.628],[135.54,34.632],[135.535,34.632],[135.535,34.628]]]}},{"type":"Feature","properties":{"origin":"tennoji","minutes":27.7},"geometry":{"type":"Polygon","coordinates":[[[135.535,34.632000000000005],[135.54,34.632000000000005],[135.54,34.636],[135.535,34.636],[135.535,34.632000000000005]]]}},{"type":"Feature","properties":{"origin":"tennoji","minutes":26.0},"geometry":{"type":"Polygon","coordinates":[[[135.535,34.636],[135.54,34.636],[135.54,34.64],[135.535,34.64],[135.535,34.636]]]}},{"type":"Feature","properties":{"origin":"tennoji","minutes":24.9},"geometry":{"type":"Polygon","coordinates":[[[135.535,34.64],[135.54,34.64],[135.54,34.644],[135.535,34.644],[135.535,34.64]]]}},{"type":"Feature","properties":{"origin":"tennoji","minutes":24.3},"geometry":{"type":"Polygon","coordinates":[[[135.535,34.644000000000005],[135.54,34.644000000000005],[135.54,34.648],[135.535,34.648],[135.535,34.644000000000005]]]}},{"type":"Feature","properties":{"origin":"tennoji","minutes":24.4},"geometry":{"type":"Polygon","coordinates":[[[135.535,34.648],[135.54,34.648],[135.54,34.652],[135.535,34.652],[135.535,34.648]]]}},{"type":"Feature","properties":{"origin":"tennoji","minutes":25.2},"geometry":{"type":"Polygon","coordinates":[[[135.535,34.652],[135.54,34.652],[135.54,34.656],[135.535,34.656],[135.535,34.652]]]}},{"type":"Feature","properties":{"origin":"tennoji","minutes":26.5},"geometry":{"type":"Polygon","coordinates":[[[135.535,34.656],[135.54,34.656],[135.54,34.66],[135.535,34.66],[135.535,34.656]]]}},{"type":"Feature","properties":{"origin":"tennoji","minutes":28.4},"geometry":{"type":"Polygon","coordinates":[[[135.535,34.660000000000004],[135.54,34.660000000000004],[135.54,34.664],[135.535,34.664],[135.535,34.660000000000004]]]}},{"type":"Feature","properties":{"origin":"tennoji","minutes":30.5},"geometry":{"type":"Polygon","coordinates":[[[135.535,34.664],[135.54,34.664],[135.54,34.668],[135.535,34.668],[135.535,34.664]]]}},{"type":"Feature","properties":{"origin":"tennoji","minutes":32.9},"geometry":{"type":"Polygon","coordinates":[[[135.535,34.668],[135.54,34.668],[135.54,34.672],[135.535,34.672],[135.535,34.668]]]}},{"type":"Feature","properties":{"origin":"tennoji","minutes":35.5},"geometry":{"type":"Polygon","coordinates":[[[135.535,34.672000000000004],[135.54,34.672000000000004],[135.54,34.676],[135.535,34.676],[135.535,34.672000000000004]]]}},{"type":"Feature","properties":{"origin":"tennoji","minutes":38.3},"geometry":{"type":"Polygon","coordinates":[[[135.535,34.676],[135.54,34.676],[135.54,34.68],[135.535,34.68],[135.535,34.676]]]}},{"type":"Feature","properties":{"origin":"tennoji","minutes":41.2},"geometry":{"type":"Polygon","coordinates":[[[135.535,34.68],[135.54,34.68],[135.54,34.684],[135.535,34.684],[135.535,34.68]]]}},{"type":"Feature","properties":{"origin":"tennoji","minutes":44.1},"geometry":{"type":"Polygon","coordinates":[[[135.535,34.684000000000005],[135.54,34.684000000000005],[135.54,34.688],[135.535,34.688],[135.535,34.684000000000005]]]}},{"type":"Feature","properties":{"origin":"tennoji","minutes":47.1},"geometry":{"type":"Polygon","coordinates":[[[135.535,34.688],[135.54,34.688],[135.54,34.692],[135.535,34.692],[135.535,34.688]]]}},{"type":"Feature","properties":{"origin":"tennoji","minutes":50.1},"geometry":{"type":"Polygon","coordinates":[[[135.535,34.692],[135.54,34.692],[135.54,34.696],[135.535,34.696],[135.535,34.692]]]}},{"type":"Feature","properties":{"origin":"tennoji","minutes":53.2},"geometry":{"type":"Polygon","coordinates":[[[135.535,34.696000000000005],[135.54,34.696000000000005],[135.54,34.7],[135.535,34.7],[135.535,34.696000000000005]]]}},{"type":"Feature","properties":{"origin":"tennoji","minutes":56.4},"geometry":{"type":"Polygon","coordinates":[[[135.535,34.7],[135.54,34.7],[135.54,34.704],[135.535,34.704],[135.535,34.7]]]}},{"type":"Feature","properties":{"origin":"tennoji","minutes":59.5},"geometry":{"type":"Polygon","coordinates":[[[135.535,34.704],[135.54,34.704],[135.54,34.708],[135.535,34.708],[135.535,34.704]]]}},{"type":"Feature","properties":{"origin":"tennoji","minutes":59.6},"geometry":{"type":"Polygon","coordinates":[[[135.54,34.588],[135.545,34.588],[135.545,34.592],[135.54,34.592],[135.54,34.588]]]}},{"type":"Feature","properties":{"origin":"tennoji","minutes":56.5},"geometry":{"type":"Polygon","coordinates":[[[135.54,34.592],[135.545,34.592],[135.545,34.596],[135.54,34.596],[135.54,34.592]]]}},{"type":"Feature","properties":{"origin":"tennoji","minutes":53.5},"geometry":{"type":"Polygon","coordinates":[[[135.54,34.596000000000004],[135.545,34.596000000000004],[135.545,34.6],[135.54,34.6],[135.54,34.596000000000004]]]}},{"type":"Feature","properties":{"origin":"tennoji","minutes":50.5},"geometry":{"type":"Polygon","coordinates":[[[135.54,34.6],[135.545,34.6],[135.545,34.604],[135.54,34.604],[135.54,34.6]]]}},{"type":"Feature","properties":{"origin":"tennoji","minutes":47.6},"geometry":{"type":"Polygon","coordinates":[[[135.54,34.604],[135.545,34.604],[135.545,34.608],[135.54,34.608],[135.54,34.604]]]}},{"type":"Feature","properties":{"origin":"tennoji","minutes":44.8},"geometry":{"type":"Polygon","coordinates":[[[135.54,34.608000000000004],[135.545,34.608000000000004],[135.545,34.612],[135.54,34.612],[135.54,34.608000000000004]]]}},{"type":"Feature","properties":{"origin":"tennoji","minutes":42.0},"geometry":{"type":"Polygon","coordinates":[[[135.54,34.612],[135.545,34.612],[135.545,34.616],[135.54,34.616],[135.54,34.612]]]}},{"type":"Feature","properties":{"origin":"tennoji","minutes":39.4},"geometry":{"type":"Polygon","coordinates":[[[135.54,34.616],[135.545,34.616],[135.545,34.62],[135.54,34.62],[135.54,34.616]]]}},{"type":"Feature","properties":{"origin":"tennoji","minutes":36.8},"geometry":{"type":"Polygon","coordinates":[[[135.54,34.620000000000005],[135.545,34.620000000000005],[135.545,34.624],[135.54,34.624],[135.54,34.620000000000005]]]}},{"type":"Feature","properties":{"origin":"tennoji","minutes":34.5},"geometry":{"type":"Polygon","coordinates":[[[135.54,34.624],[135.545,34.624],[135.545,34.628],[135.54,34.628],[135.54,34.624]]]}},{"type":"Feature","properties":{"origin":"tennoji","minutes":32.4},"geometry":{"type":"Polygon","coordinates":[[[135.54,34.628],[135.545,34.628],[135.545,34.632],[135.54,34.632],[135.54,34.628]]]}},{"type":"Feature","properties":{"origin":"tennoji","minutes":30.6},"geometry":{"type":"Polygon","coordinates":[[[135.54,34.632000000000005],[135.545,34.632000000000005],[135.545,34.636],[135.54,34.636],[135.54,34.632000000000005]]]}},{"type":"Feature","properties":{"origin":"tennoji","minutes":29.2},"geometry":{"type":"Polygon","coordinates":[[[135.54,34.636],[135.545,34.636],[135.545,34.64],[135.54,34.64],[135.54,34.636]]]}},{"type":"Feature","properties":{"origin":"tennoji","minutes":28.2},"geometry":{"type":"Polygon","coordinates":[[[135.54,34.64],[135.545,34.64],[135.545,34.644],[135.54,34.644],[135.54,34.64]]]}},{"type":"Feature","properties":{"origin":"tennoji","minutes":27.7},"geometry":{"type":"Polygon","coordinates":[[[135.54,34.644000000000005],[135.545,34.644000000000005],[135.545,34.648],[135.54,34.648],[135.54,34.644000000000005]]]}},{"type":"Feature","properties":{"origin":"tennoji","minutes":27.8},"geometry":{"type":"Polygon","coordinates":[[[135.54,34.648],[135.545,34.648],[135.545,34.652],[135.54,34.652],[135.54,34.648]]]}},{"type":"Feature","properties":{"origin":"tennoji","minutes":28.5},"geometry":{"type":"Polygon","coordinates":[[[135.54,34.652],[135.545,34.652],[135.545,34.656],[135.54,34.656],[135.54,34.652]]]}},{"type":"Feature","properties":{"origin":"tennoji","minutes":29.6},"geometry":{"type":"Polygon","coordinates":[[[135.54,34.656],[135.545,34.656],[135.545,34.66],[135.54,34.66],[135.54,34.656]]]}},{"type":"Feature","properties":{"origin":"tennoji","minutes":31.2},"geometry":{"type":"Polygon","coordinates":[[[135.54,34.660000000000004],[135.545,34.660000000000004],[135.545,34.664],[135.54,34.664],[135.54,34.660000000000004]]]}},{"type":"Feature","properties":{"origin":"tennoji","minutes":33.1},"geometry":{"type":"Polygon","coordinates":[[[135.54,34.664],[135.545,34.664],[135.545,34.668],[135.54,34.668],[135.54,34.664]]]}},{"type":"Feature","properties":{"origin":"tennoji","minutes":35.3},"geometry":{"type":"Polygon","coordinates":[[[135.54,34.668],[135.545,34.668],[135.545,34.672],[135.54,34.672],[135.54,34.668]]]}},{"type":"Feature","properties":{"origin":"tennoji","minutes":37.7},"geometry":{"type":"Polygon","coordinates":[[[135.54,34.672000000000004],[135.545,34.672000000000004],[135.545,34.676],[135.54,34.676],[135.54,34.672000000000004]]]}},{"type":"Feature","properties":{"origin":"tennoji","minutes":40.3},"geometry":{"type":"Polygon","coordinates":[[[135.54,34.676],[135.545,34.676],[135.545,34.68],[135.54,34.68],[135.54,34.676]]]}},{"type":"Feature","properties":{"origin":"tennoji","minutes":43.0},"geometry":{"type":"Polygon","coordinates":[[[135.54,34.68],[135.545,34.68],[135.545,34.684],[135.54,34.684],[135.54,34.68]]]}},{"type":"Feature","properties":{"origin":"tennoji","minutes":45.8},"geometry":{"type":"Polygon","coordinates":[[[135.54,34.684000000000005],[135.545,34.684000000000005],[135.545,34.688],[135.54,34.688],[135.54,34.684000000000005]]]}},{"type":"Feature","properties":{"origin":"tennoji","minutes":48.6},"geometry":{"type":"Polygon","coordinates":[[[135.54,34.688],[135.545,34.688],[135.545,34.692],[135.54,34.692],[135.54,34.688]]]}},{"type":"Feature","properties":{"origin":"tennoji","minutes":51.6},"geometry":{"type":"Polygon","coordinates":[[[135.54,34.692],[135.545,34.692],[135.545,34.696],[135.54,34.696],[135.54,34.692]]]}},{"type":"Feature","properties":{"origin":"tennoji","minutes":54.6},"geometry":{"type":"Polygon","coordinates":[[[135.54,34.696000000000005],[135.545,34.696000000000005],[135.545,34.7],[135.54,34.7],[135.54,34.696000000000005]]]}},{"type":"Feature","properties":{"origin":"tennoji","minutes":57.6},"geometry":{"type":"Polygon","coordinates":[[[135.54,34.7],[135.545,34.7],[135.545,34.704],[135.54,34.704],[135.54,34.7]]]}},{"type":"Feature","properties":{"origin":"tennoji","minutes":58.0},"geometry":{"type":"Polygon","coordinates":[[[135.545,34.592],[135.54999999999998,34.592],[135.54999999999998,34.596],[135.545,34.596],[135.545,34.592]]]}},{"type":"Feature","properties":{"origin":"tennoji","minutes":55.1},"geometry":{"type":"Polygon","coordinates":[[[135.545,34.596000000000004],[135.54999999999998,34.596000000000004],[135.54999999999998,34.6],[135.545,34.6],[135.545,34.596000000000004]]]}},{"type":"Feature","properties":{"origin":"tennoji","minutes":52.2},"geometry":{"type":"Polygon","coordinates":[[[135.545,34.6],[135.54999999999998,34.6],[135.54999999999998,34.604],[135.545,34.604],[135.545,34.6]]]}},{"type":"Feature","properties":{"origin":"tennoji","minutes":49.4},"geometry":{"type":"Polygon","coordinates":[[[135.545,34.604],[135.54999999999998,34.604],[135.54999999999998,34.608],[135.545,34.608],[135.545,34.604]]]}},{"type":"Feature","properties":{"origin":"tennoji","minutes":46.7},"geometry":{"type":"Polygon","coordinates":[[[135.545,34.608000000000004],[135.54999999999998,34.608000000000004],[135.54999999999998,34.612],[135.545,34.612],[135.545,34.608000000000004]]]}},{"type":"Feature","properties":{"origin":"tennoji","minutes":44.1},"geometry":{"type":"Polygon","coordinates":[[[135.545,34.612],[135.54999999999998,34.612],[135.54999999999998,34.616],[135.545,34.616],[135.545,34.612]]]}},{"type":"Feature","properties":{"origin":"tennoji","minutes":41.6},"geometry":{"type":"Polygon","coordinates":[[[135.545,34.616],[135.54999999999998,34.616],[135.54999999999998,34.62],[135.545,34.62],[135.545,34.616]]]}},{"type":"Feature","properties":{"origin":"tennoji","minutes":39.3},"geometry":{"type":"Polygon","coordinates":[[[135.545,34.620000000000005],[135.54999999999998,34.620000000000005],[135.54999999999998,34.624],[135.545,34.624],[135.545,34.620000000000005]]]}},{"type":"Feature","properties":{"origin":"tennoji","minutes":37.1},"geometry":{"type":"Polygon","coordinates":[[[135.545,34.624],[135.54999999999998,34.624],[135.54999999999998,34.628],[135.545,34.628],[135.545,34.624]]]}},{"type":"Feature","properties":{"origin":"tennoji","minutes":35.2},"geometry":{"type":"Polygon","coordinates":[[[135.545,34.628],[135.54999999999998,34.628],[135.54999999999998,34.632],[135.545,34.632],[135.545,34.628]]]}},{"type":"Feature","properties":{"origin":"tennoji","minutes":33.6},"geometry":{"type":"Polygon","coordinates":[[[135.545,34.632000000000005],[135.54999999999998,34.632000000000005],[135.54999999999998,34.636],[135.545,34.636],[135.545,34.632000000000005]]]}},{"type":"Feature","properties":{"origin":"tennoji","minutes":32.4},"geometry":{"type":"Polygon","coordinates":[[[135.545,34.636],[135.54999999999998,34.636],[135.54999999999998,34.64],[135.545,34.64],[135.545,34.636]]]}},{"type":"Feature","properties":{"origin":"tennoji","minutes":31.5},"geometry":{"type":"Polygon","coordinates":[[[135.545,34.64],[135.54999999999998,34.64],[135.54999999999998,34.644],[135.545,34.644],[135.545,34.64]]]}},{"type":"Feature","properties":{"origin":"tennoji","minutes":31.2},"geometry":{"type":"Polygon","coordinates":[[[135.545,34.644000000000005],[135.54999999999998,34.644000000000005],[135.54999999999998,34.648],[135.545,34.648],[135.545,34.644000000000005]]]}},{"type":"Feature","properties":{"origin":"tennoji","minutes":31.2},"geometry":{"type":"Polygon","coordinates":[[[135.545,34.648],[135.54999999999998,34.648],[135.54999999999998,34.652],[135.545,34.652],[135.545,34.648]]]}},{"type":"Feature","properties":{"origin":"tennoji","minutes":31.8},"geometry":{"type":"Polygon","coordinates":[[[135.545,34.652],[135.54999999999998,34.652],[135.54999999999998,34.656],[135.545,34.656],[135.545,34.652]]]}},{"type":"Feature","properties":{"origin":"tennoji","minutes":32.8},"geometry":{"type":"Polygon","coordinates":[[[135.545,34.656],[135.54999999999998,34.656],[135.54999999999998,34.66],[135.545,34.66],[135.545,34.656]]]}},{"type":"Feature","properties":{"origin":"tennoji","minutes":34.2},"geometry":{"type":"Polygon","coordinates":[[[135.545,34.660000000000004],[135.54999999999998,34.660000000000004],[135.54999999999998,34.664],[135.545,34.664],[135.545,34.660000000000004]]]}},{"type":"Feature","properties":{"origin":"tennoji","minutes":35.9},"geometry":{"type":"Polygon","coordinates":[[[135.545,34.664],[135.54999999999998,34.664],[135.54999999999998,34.668],[135.545,34.668],[135.545,34.664]]]}},{"type":"Feature","properties":{"origin":"tennoji","minutes":37.9},"geometry":{"type":"Polygon","coordinates":[[[135.545,34.668],[135.54999999999998,34.668],[135.54999999999998,34.672],[135.545,34.672],[135.545,34.668]]]}},{"type":"Feature","properties":{"origin":"tennoji","minutes":40.1},"geometry":{"type":"Polygon","coordinates":[[[135.545,34.672000000000004],[135.54999999999998,34.672000000000004],[135.54999999999998,34.676],[135.545,34.676],[135.545,34.672000000000004]]]}},{"type":"Feature","properties":{"origin":"tennoji","minutes":42.5},"geometry":{"type":"Polygon","coordinates":[[[135.545,34.676],[135.54999999999998,34.676],[135.54999999999998,34.68],[135.545,34.68],[135.545,34.676]]]}},{"type":"Feature","properties":{"origin":"tennoji","minutes":45.0},"geometry":{"type":"Polygon","coordinates":[[[135.545,34.68],[135.54999999999998,34.68],[135.54999999999998,34.684],[135.545,34.684],[135.545,34.68]]]}},{"type":"Feature","properties":{"origin":"tennoji","minutes":47.7},"geometry":{"type":"Polygon","coordinates":[[[135.545,34.684000000000005],[135.54999999999998,34.684000000000005],[135.54999999999998,34.688],[135.545,34.688],[135.545,34.684000000000005]]]}},{"type":"Feature","properties":{"origin":"tennoji","minutes":50.4},"geometry":{"type":"Polygon","coordinates":[[[135.545,34.688],[135.54999999999998,34.688],[135.54999999999998,34.692],[135.545,34.692],[135.545,34.688]]]}},{"type":"Feature","properties":{"origin":"tennoji","minutes":53.2},"geometry":{"type":"Polygon","coordinates":[[[135.545,34.692],[135.54999999999998,34.692],[135.54999999999998,34.696],[135.545,34.696],[135.545,34.692]]]}},{"type":"Feature","properties":{"origin":"tennoji","minutes":56.1},"geometry":{"type":"Polygon","coordinates":[[[135.545,34.696000000000005],[135.54999999999998,34.696000000000005],[135.54999999999998,34.7],[135.545,34.7],[135.545,34.696000000000005]]]}},{"type":"Feature","properties":{"origin":"tennoji","minutes":59.1},"geometry":{"type":"Polygon","coordinates":[[[135.545,34.7],[135.54999999999998,34.7],[135.54999999999998,34.704],[135.545,34.704],[135.545,34.7]]]}},{"type":"Feature","properties":{"origin":"tennoji","minutes":59.7},"geometry":{"type":"Polygon","coordinates":[[[135.54999999999998,34.592],[135.55499999999998,34.592],[135.55499999999998,34.596],[135.54999999999998,34.596],[135.54999999999998,34.592]]]}},{"type":"Feature","properties":{"origin":"tennoji","minutes":56.9},"geometry":{"type":"Polygon","coordinates":[[[135.54999999999998,34.596000000000004],[135.55499999999998,34.596000000000004],[135.55499999999998,34.6],[135.54999999999998,34.6],[135.54999999999998,34.596000000000004]]]}},{"type":"Feature","properties":{"origin":"tennoji","minutes":54.1},"geometry":{"type":"Polygon","coordinates":[[[135.54999999999998,34.6],[135.55499999999998,34.6],[135.55499999999998,34.604],[135.54999999999998,34.604],[135.54999999999998,34.6]]]}},{"type":"Feature","properties":{"origin":"tennoji","minutes":51.4},"geometry":{"type":"Polygon","coordinates":[[[135.54999999999998,34.604],[135.55499999999998,34.604],[135.55499999999998,34.608],[135.54999999999998,34.608],[135.54999999999998,34.604]]]}},{"type":"Feature","properties":{"origin":"tennoji","minutes":48.9},"geometry":{"type":"Polygon","coordinates":[[[135.54999999999998,34.608000000000004],[135.55499999999998,34.608000000000004],[135.55499999999998,34.612],[135.54999999999998,34.612],[135.54999999999998,34.608000000000004]]]}},{"type":"Feature","properties":{"origin":"tennoji","minutes":46.4},"geometry":{"type":"Polygon","coordinates":[[[135.54999999999998,34.612],[135.55499999999998,34.612],[135.55499999999998,34.616],[135.54999999999998,34.616],[135.54999999999998,34.612]]]}},{"type":"Feature","properties":{"origin":"tennoji","minutes":44.1},"geometry":{"type":"Polygon","coordinates":[[[135.54999999999998,34.616],[135.55499999999998,34.616],[135.55499999999998,34.62],[135.54999999999998,34.62],[135.54999999999998,34.616]]]}},{"type":"Feature","properties":{"origin":"tennoji","minutes":41.9},"geometry":{"type":"Polygon","coordinates":[[[135.54999999999998,34.620000000000005],[135.55499999999998,34.620000000000005],[135.55499999999998,34.624],[135.54999999999998,34.624],[135.54999999999998,34.620000000000005]]]}},{"type":"Feature","properties":{"origin":"tennoji","minutes":39.9},"geometry":{"type":"Polygon","coordinates":[[[135.54999999999998,34.624],[135.55499999999998,34.624],[135.55499999999998,34.628],[135.54999999999998,34.628],[135.54999999999998,34.624]]]}},{"type":"Feature","properties":{"origin":"tennoji","minutes":38.2},"geometry":{"type":"Polygon","coordinates":[[[135.54999999999998,34.628],[135.55499999999998,34.628],[135.55499999999998,34.632],[135.54999999999998,34.632],[135.54999999999998,34.628]]]}},{"type":"Feature","properties":{"origin":"tennoji","minutes":36.8},"geometry":{"type":"Polygon","coordinates":[[[135.54999999999998,34.632000000000005],[135.55499999999998,34.632000000000005],[135.55499999999998,34.636],[135.54999999999998,34.636],[135.54999999999998,34.632000000000005]]]}},{"type":"Feature","properties":{"origin":"tennoji","minutes":35.7},"geometry":{"type":"Polygon","coordinates":[[[135.54999999999998,34.636],[135.55499999999998,34.636],[135.55499999999998,34.64],[135.54999999999998,34.64],[135.54999999999998,34.636]]]}},{"type":"Feature","properties":{"origin":"tennoji","minutes":34.9},"geometry":{"type":"Polygon","coordinates":[[[135.54999999999998,34.64],[135.55499999999998,34.64],[135.55499999999998,34.644],[135.54999999999998,34.644],[135.54999999999998,34.64]]]}},{"type":"Feature","properties":{"origin":"tennoji","minutes":34.6},"geometry":{"type":"Polygon","coordinates":[[[135.54999999999998,34.644000000000005],[135.55499999999998,34.644000000000005],[135.55499999999998,34.648],[135.54999999999998,34.648],[135.54999999999998,34.644000000000005]]]}},{"type":"Feature","properties":{"origin":"tennoji","minutes":34.7},"geometry":{"type":"Polygon","coordinates":[[[135.54999999999998,34.648],[135.55499999999998,34.648],[135.55499999999998,34.652],[135.54999999999998,34.652],[135.54999999999998,34.648]]]}},{"type":"Feature","properties":{"origin":"tennoji","minutes":35.1},"geometry":{"type":"Polygon","coordinates":[[[135.54999999999998,34.652],[135.55499999999998,34.652],[135.55499999999998,34.656],[135.54999999999998,34.656],[135.54999999999998,34.652]]]}},{"type":"Feature","properties":{"origin":"tennoji","minutes":36.0},"geometry":{"type":"Polygon","coordinates":[[[135.54999999999998,34.656],[135.55499999999998,34.656],[135.55499999999998,34.66],[135.54999999999998,34.66],[135.54999999999998,34.656]]]}},{"type":"Feature","properties":{"origin":"tennoji","minutes":37.2},"geometry":{"type":"Polygon","coordinates":[[[135.54999999999998,34.660000000000004],[135.55499999999998,34.660000000000004],[135.55499999999998,34.664],[135.54999999999998,34.664],[135.54999999999998,34.660000000000004]]]}},{"type":"Feature","properties":{"origin":"tennoji","minutes":38.8},"geometry":{"type":"Polygon","coordinates":[[[135.54999999999998,34.664],[135.55499999999998,34.664],[135.55499999999998,34.668],[135.54999999999998,34.668],[135.54999999999998,34.664]]]}},{"type":"Feature","properties":{"origin":"tennoji","minutes":40.6},"geometry":{"type":"Polygon","coordinates":[[[135.54999999999998,34.668],[135.55499999999998,34.668],[135.55499999999998,34.672],[135.54999999999998,34.672],[135.54999999999998,34.668]]]}},{"type":"Feature","properties":{"origin":"tennoji","minutes":42.6},"geometry":{"type":"Polygon","coordinates":[[[135.54999999999998,34.672000000000004],[135.55499999999998,34.672000000000004],[135.55499999999998,34.676],[135.54999999999998,34.676],[135.54999999999998,34.672000000000004]]]}},{"type":"Feature","properties":{"origin":"tennoji","minutes":44.9},"geometry":{"type":"Polygon","coordinates":[[[135.54999999999998,34.676],[135.55499999999998,34.676],[135.55499999999998,34.68],[135.54999999999998,34.68],[135.54999999999998,34.676]]]}},{"type":"Feature","properties":{"origin":"tennoji","minutes":47.2},"geometry":{"type":"Polygon","coordinates":[[[135.54999999999998,34.68],[135.55499999999998,34.68],[135.55499999999998,34.684],[135.54999999999998,34.684],[135.54999999999998,34.68]]]}},{"type":"Feature","properties":{"origin":"tennoji","minutes":49.8},"geometry":{"type":"Polygon","coordinates":[[[135.54999999999998,34.684000000000005],[135.55499999999998,34.684000000000005],[135.55499999999998,34.688],[135.54999999999998,34.688],[135.54999999999998,34.684000000000005]]]}},{"type":"Feature","properties":{"origin":"tennoji","minutes":52.4},"geometry":{"type":"Polygon","coordinates":[[[135.54999999999998,34.688],[135.55499999999998,34.688],[135.55499999999998,34.692],[135.54999999999998,34.692],[135.54999999999998,34.688]]]}},{"type":"Feature","properties":{"origin":"tennoji","minutes":55.1},"geometry":{"type":"Polygon","coordinates":[[[135.54999999999998,34.692],[135.55499999999998,34.692],[135.55499999999998,34.696],[135.54999999999998,34.696],[135.54999999999998,34.692]]]}},{"type":"Feature","properties":{"origin":"tennoji","minutes":57.9},"geometry":{"type":"Polygon","coordinates":[[[135.54999999999998,34.696000000000005],[135.55499999999998,34.696000000000005],[135.55499999999998,34.7],[135.54999999999998,34.7],[135.54999999999998,34.696000000000005]]]}},{"type":"Feature","properties":{"origin":"tennoji","minutes":58.8},"geometry":{"type":"Polygon","coordinates":[[[135.555,34.596000000000004],[135.56,34.596000000000004],[135.56,34.6],[135.555,34.6],[135.555,34.596000000000004]]]}},{"type":"Feature","properties":{"origin":"tennoji","minutes":56.2},"geometry":{"type":"Polygon","coordinates":[[[135.555,34.6],[135.56,34.6],[135.56,34.604],[135.555,34.604],[135.555,34.6]]]}},{"type":"Feature","properties":{"origin":"tennoji","minutes":53.6},"geometry":{"type":"Polygon","coordinates":[[[135.555,34.604],[135.56,34.604],[135.56,34.608],[135.555,34.608],[135.555,34.604]]]}},{"type":"Feature","properties":{"origin":"tennoji","minutes":51.2},"geometry":{"type":"Polygon","coordinates":[[[135.555,34.608000000000004],[135.56,34.608000000000004],[135.56,34.612],[135.555,34.612],[135.555,34.608000000000004]]]}},{"type":"Feature","properties":{"origin":"tennoji","minutes":48.8},"geometry":{"type":"Polygon","coordinates":[[[135.555,34.612],[135.56,34.612],[135.56,34.616],[135.555,34.616],[135.555,34.612]]]}},{"type":"Feature","properties":{"origin":"tennoji","minutes":46.7},"geometry":{"type":"Polygon","coordinates":[[[135.555,34.616],[135.56,34.616],[135.56,34.62],[135.555,34.62],[135.555,34.616]]]}},{"type":"Feature","properties":{"origin":"tennoji","minutes":44.6},"geometry":{"type":"Polygon","coordinates":[[[135.555,34.620000000000005],[135.56,34.620000000000005],[135.56,34.624],[135.555,34.624],[135.555,34.620000000000005]]]}},{"type":"Feature","properties":{"origin":"tennoji","minutes":42.8},"geometry":{"type":"Polygon","coordinates":[[[135.555,34.624],[135.56,34.624],[135.56,34.628],[135.555,34.628],[135.555,34.624]]]}},{"type":"Feature","properties":{"origin":"tennoji","minutes":41.3},"geometry":{"type":"Polygon","coordinates":[[[135.555,34.628],[135.56,34.628],[135.56,34.632],[135.555,34.632],[135.555,34.628]]]}},{"type":"Feature","properties":{"origin":"tennoji","minutes":40.0},"geometry":{"type":"Polygon","coordinates":[[[135.555,34.632000000000005],[135.56,34.632000000000005],[135.56,34.636],[135.555,34.636],[135.555,34.632000000000005]]]}},{"type":"Feature","properties":{"origin":"tennoji","minutes":39.0},"geometry":{"type":"Polygon","coordinates":[[[135.555,34.636],[135.56,34.636],[135.56,34.64],[135.555,34.64],[135.555,34.636]]]}},{"type":"Feature","properties":{"origin":"tennoji","minutes":38.3},"geometry":{"type":"Polygon","coordinates":[[[135.555,34.64],[135.56,34.64],[135.56,34.644],[135.555,34.644],[135.555,34.64]]]}},{"type":"Feature","properties":{"origin":"tennoji","minutes":38.0},"geometry":{"type":"Polygon","coordinates":[[[135.555,34.644000000000005],[135.56,34.644000000000005],[135.56,34.648],[135.555,34.648],[135.555,34.644000000000005]]]}},{"type":"Feature","properties":{"origin":"tennoji","minutes":38.1},"geometry":{"type":"Polygon","coordinates":[[[135.555,34.648],[135.56,34.648],[135.56,34.652],[135.555,34.652],[135.555,34.648]]]}},{"type":"Feature","properties":{"origin":"tennoji","minutes":38.5},"geometry":{"type":"Polygon","coordinates":[[[135.555,34.652],[135.56,34.652],[135.56,34.656],[135.555,34.656],[135.555,34.652]]]}},{"type":"Feature","properties":{"origin":"tennoji","minutes":39.3},"geometry":{"type":"Polygon","coordinates":[[[135.555,34.656],[135.56,34.656],[135.56,34.66],[135.555,34.66],[135.555,34.656]]]}},{"type":"Feature","properties":{"origin":"tennoji","minutes":40.4},"geometry":{"type":"Polygon","coordinates":[[[135.555,34.660000000000004],[135.56,34.660000000000004],[135.56,34.664],[135.555,34.664],[135.555,34.660000000000004]]]}},{"type":"Feature","properties":{"origin":"tennoji","minutes":41.8},"geometry":{"type":"Polygon","coordinates":[[[135.555,34.664],[135.56,34.664],[135.56,34.668],[135.555,34.668],[135.555,34.664]]]}},{"type":"Feature","properties":{"origin":"tennoji","minutes":43.4},"geometry":{"type":"Polygon","coordinates":[[[135.555,34.668],[135.56,34.668],[135.56,34.672],[135.555,34.672],[135.555,34.668]]]}},{"type":"Feature","properties":{"origin":"tennoji","minutes":45.3},"geometry":{"type":"Polygon","coordinates":[[[135.555,34.672000000000004],[135.56,34.672000000000004],[135.56,34.676],[135.555,34.676],[135.555,34.672000000000004]]]}},{"type":"Feature","properties":{"origin":"tennoji","minutes":47.4},"geometry":{"type":"Polygon","coordinates":[[[135.555,34.676],[135.56,34.676],[135.56,34.68],[135.555,34.68],[135.555,34.676]]]}},{"type":"Feature","properties":{"origin":"tennoji","minutes":49.6},"geometry":{"type":"Polygon","coordinates":[[[135.555,34.68],[135.56,34.68],[135.56,34.684],[135.555,34.684],[135.555,34.68]]]}},{"type":"Feature","properties":{"origin":"tennoji","minutes":52.0},"geometry":{"type":"Polygon","coordinates":[[[135.555,34.684000000000005],[135.56,34.684000000000005],[135.56,34.688],[135.555,34.688],[135.555,34.684000000000005]]]}},{"type":"Feature","properties":{"origin":"tennoji","minutes":54.5},"geometry":{"type":"Polygon","coordinates":[[[135.555,34.688],[135.56,34.688],[135.56,34.692],[135.555,34.692],[135.555,34.688]]]}},{"type":"Feature","properties":{"origin":"tennoji","minutes":57.1},"geometry":{"type":"Polygon","coordinates":[[[135.555,34.692],[135.56,34.692],[135.56,34.696],[135.555,34.696],[135.555,34.692]]]}},{"type":"Feature","properties":{"origin":"tennoji","minutes":59.8},"geometry":{"type":"Polygon","coordinates":[[[135.555,34.696000000000005],[135.56,34.696000000000005],[135.56,34.7],[135.555,34.7],[135.555,34.696000000000005]]]}},{"type":"Feature","properties":{"origin":"tennoji","minutes":58.4},"geometry":{"type":"Polygon","coordinates":[[[135.56,34.6],[135.565,34.6],[135.565,34.604],[135.56,34.604],[135.56,34.6]]]}},{"type":"Feature","properties":{"origin":"tennoji","minutes":55.9},"geometry":{"type":"Polygon","coordinates":[[[135.56,34.604],[135.565,34.604],[135.565,34.608],[135.56,34.608],[135.56,34.604]]]}},{"type":"Feature","properties":{"origin":"tennoji","minutes":53.6},"geometry":{"type":"Polygon","coordinates":[[[135.56,34.608000000000004],[135.565,34.608000000000004],[135.565,34.612],[135.56,34.612],[135.56,34.608000000000004]]]}},{"type":"Feature","properties":{"origin":"tennoji","minutes":51.4},"geometry":{"type":"Polygon","coordinates":[[[135.56,34.612],[135.565,34.612],[135.565,34.616],[135.56,34.616],[135.56,34.612]]]}},{"type":"Feature","properties":{"origin":"tennoji","minutes":49.4},"geometry":{"type":"Polygon","coordinates":[[[135.56,34.616],[135.565,34.616],[135.565,34.62],[135.56,34.62],[135.56,34.616]]]}},{"type":"Feature","properties":{"origin":"tennoji","minutes":47.5},"geometry":{"type":"Polygon","coordinates":[[[135.56,34.620000000000005],[135.565,34.620000000000005],[135.565,34.624],[135.56,34.624],[135.56,34.620000000000005]]]}},{"type":"Feature","properties":{"origin":"tennoji","minutes":45.8},"geometry":{"type":"Polygon","coordinates":[[[135.56,34.624],[135.565,34.624],[135.565,34.628],[135.56,34.628],[135.56,34.624]]]}},{"type":"Feature","properties":{"origin":"tennoji","minutes":44.4},"geometry":{"type":"Polygon","coordinates":[[[135.56,34.628],[135.565,34.628],[135.565,34.632],[135.56,34.632],[135.56,34.628]]]}},{"type":"Feature","properties":{"origin":"tennoji","minutes":43.2},"geometry":{"type":"Polygon","coordinates":[[[135.56,34.632000000000005],[135.565,34.632000000000005],[135.565,34.636],[135.56,34.636],[135.56,34.632000000000005]]]}},{"type":"Feature","properties":{"origin":"tennoji","minutes":42.3},"geometry":{"type":"Polygon","coordinates":[[[135.56,34.636],[135.565,34.636],[135.565,34.64],[135.56,34.64],[135.56,34.636]]]}},{"type":"Feature","properties":{"origin":"tennoji","minutes":41.7},"geometry":{"type":"Polygon","coordinates":[[[135.56,34.64],[135.565,34.64],[135.565,34.644],[135.56,34.644],[135.56,34.64]]]}},{"type":"Feature","properties":{"origin":"tennoji","minutes":41.4},"geometry":{"type":"Polygon","coordinates":[[[135.56,34.644000000000005],[135.565,34.644000000000005],[135.565,34.648],[135.56,34.648],[135.56,34.644000000000005]]]}},{"type":"Feature","properties":{"origin":"tennoji","minutes":41.5},"geometry":{"type":"Polygon","coordinates":[[[135.56,34.648],[135.565,34.648],[135.565,34.652],[135.56,34.652],[135.56,34.648]]]}},{"type":"Feature","properties":{"origin":"tennoji","minutes":41.9},"geometry":{"type":"Polygon","coordinates":[[[135.56,34.652],[135.565,34.652],[135.565,34.656],[135.56,34.656],[135.56,34.652]]]}},{"type":"Feature","properties":{"origin":"tennoji","minutes":42.6},"geometry":{"type":"Polygon","coordinates":[[[135.56,34.656],[135.565,34.656],[135.565,34.66],[135.56,34.66],[135.56,34.656]]]}},{"type":"Feature","properties":{"origin":"tennoji","minutes":43.6},"geometry":{"type":"Polygon","coordinates":[[[135.56,34.660000000000004],[135.565,34.660000000000004],[135.565,34.664],[135.56,34.664],[135.56,34.660000000000004]]]}},{"type":"Feature","properties":{"origin":"tennoji","minutes":44.9},"geometry":{"type":"Polygon","coordinates":[[[135.56,34.664],[135.565,34.664],[135.565,34.668],[135.56,34.668],[135.56,34.664]]]}},{"type":"Feature","properties":{"origin":"tennoji","minutes":46.4},"geometry":{"type":"Polygon","coordinates":[[[135.56,34.668],[135.565,34.668],[135.565,34.672],[135.56,34.672],[135.56,34.668]]]}},{"type":"Feature","properties":{"origin":"tennoji","minutes":48.1},"geometry":{"type":"Polygon","coordinates":[[[135.56,34.672000000000004],[135.565,34.672000000000004],[135.565,34.676],[135.56,34.676],[135.56,34.672000000000004]]]}},{"type":"Feature","properties":{"origin":"tennoji","minutes":50.1},"geometry":{"type":"Polygon","coordinates":[[[135.56,34.676],[135.565,34.676],[135.565,34.68],[135.56,34.68],[135.56,34.676]]]}},{"type":"Feature","properties":{"origin":"tennoji","minutes":52.2},"geometry":{"type":"Polygon","coordinates":[[[135.56,34.68],[135.565,34.68],[135.565,34.684],[135.56,34.684],[135.56,34.68]]]}},{"type":"Feature","properties":{"origin":"tennoji","minutes":54.4},"geometry":{"type":"Polygon","coordinates":[[[135.56,34.684000000000005],[135.565,34.684000000000005],[135.565,34.688],[135.56,34.688],[135.56,34.684000000000005]]]}},{"type":"Feature","properties":{"origin":"tennoji","minutes":56.8},"geometry":{"type":"Polygon","coordinates":[[[135.56,34.688],[135.565,34.688],[135.565,34.692],[135.56,34.692],[135.56,34.688]]]}},{"type":"Feature","properties":{"origin":"tennoji","minutes":59.3},"geometry":{"type":"Polygon","coordinates":[[[135.56,34.692],[135.565,34.692],[135.565,34.696],[135.56,34.696],[135.56,34.692]]]}},{"type":"Feature","properties":{"origin":"tennoji","minutes":58.4},"geometry":{"type":"Polygon","coordinates":[[[135.565,34.604],[135.57,34.604],[135.57,34.608],[135.565,34.608],[135.565,34.604]]]}},{"type":"Feature","properties":{"origin":"tennoji","minutes":56.2},"geometry":{"type":"Polygon","coordinates":[[[135.565,34.608000000000004],[135.57,34.608000000000004],[135.57,34.612],[135.565,34.612],[135.565,34.608000000000004]]]}},{"type":"Feature","properties":{"origin":"tennoji","minutes":54.1},"geometry":{"type":"Polygon","coordinates":[[[135.565,34.612],[135.57,34.612],[135.57,34.616],[135.565,34.616],[135.565,34.612]]]}},{"type":"Feature","properties":{"origin":"tennoji","minutes":52.2},"geometry":{"type":"Polygon","coordinates":[[[135.565,34.616],[135.57,34.616],[135.57,34.62],[135.565,34.62],[135.565,34.616]]]}},{"type":"Feature","properties":{"origin":"tennoji","minutes":50.4},"geometry":{"type":"Polygon","coordinates":[[[135.565,34.620000000000005],[135.57,34.620000000000005],[135.57,34.624],[135.565,34.624],[135.565,34.620000000000005]]]}},{"type":"Feature","properties":{"origin":"tennoji","minutes":48.9},"geometry":{"type":"Polygon","coordinates":[[[135.565,34.624],[135.57,34.624],[135.57,34.628],[135.565,34.628],[135.565,34.624]]]}},{"type":"Feature","properties":{"origin":"tennoji","minutes":47.6},"geometry":{"type":"Polygon","coordinates":[[[135.565,34.628],[135.57,34.628],[135.57,34.632],[135.565,34.632],[135.565,34.628]]]}},{"type":"Feature","properties":{"origin":"tennoji","minutes":46.5},"geometry":{"type":"Polygon","coordinates":[[[135.565,34.632000000000005],[135.57,34.632000000000005],[135.57,34.636],[135.565,34.636],[135.565,34.632000000000005]]]}},{"type":"Feature","properties":{"origin":"tennoji","minutes":45.7},"geometry":{"type":"Polygon","coordinates":[[[135.565,34.636],[135.57,34.636],[135.57,34.64],[135.565,34.64],[135.565,34.636]]]}},{"type":"Feature","properties":{"origin":"tennoji","minutes":45.1},"geometry":{"type":"Polygon","coordinates":[[[135.565,34.64],[135.57,34.64],[135.57,34.644],[135.565,34.644],[135.565,34.64]]]}},{"type":"Feature","properties":{"origin":"tennoji","minutes":44.9},"geometry":{"type":"Polygon","coordinates":[[[135.565,34.644000000000005],[135.57,34.644000000000005],[135.57,34.648],[135.565,34.648],[135.565,34.644000000000005]]]}},{"type":"Feature","properties":{"origin":"tennoji","minutes":44.9},"geometry":{"type":"Polygon","coordinates":[[[135.565,34.648],[135.57,34.648],[135.57,34.652],[135.565,34.652],[135.565,34.648]]]}},{"type":"Feature","properties":{"origin":"tennoji","minutes":45.3},"geometry":{"type":"Polygon","coordinates":[[[135.565,34.652],[135.57,34.652],[135.57,34.656],[135.565,34.656],[135.565,34.652]]]}},{"type":"Feature","properties":{"origin":"tennoji","minutes":45.9},"geometry":{"type":"Polygon","coordinates":[[[135.565,34.656],[135.57,34.656],[135.57,34.66],[135.565,34.66],[135.565,34.656]]]}},{"type":"Feature","properties":{"origin":"tennoji","minutes":46.8},"geometry":{"type":"Polygon","coordinates":[[[135.565,34.660000000000004],[135.57,34.660000000000004],[135.57,34.664],[135.565,34.664],[135.565,34.660000000000004]]]}},{"type":"Feature","properties":{"origin":"tennoji","minutes":48.0},"geometry":{"type":"Polygon","coordinates":[[[135.565,34.664],[135.57,34.664],[135.57,34.668],[135.565,34.668],[135.565,34.664]]]}},{"type":"Feature","properties":{"origin":"tennoji","minutes":49.4},"geometry":{"type":"Polygon","coordinates":[[[135.565,34.668],[135.57,34.668],[135.57,34.672],[135.565,34.672],[135.565,34.668]]]}},{"type":"Feature","properties":{"origin":"tennoji","minutes":51.0},"geometry":{"type":"Polygon","coordinates":[[[135.565,34.672000000000004],[135.57,34.672000000000004],[135.57,34.676],[135.565,34.676],[135.565,34.672000000000004]]]}},{"type":"Feature","properties":{"origin":"tennoji","minutes":52.8},"geometry":{"type":"Polygon","coordinates":[[[135.565,34.676],[135.57,34.676],[135.57,34.68],[135.565,34.68],[135.565,34.676]]]}},{"type":"Feature","properties":{"origin":"tennoji","minutes":54.8},"geometry":{"type":"Polygon","coordinates":[[[135.565,34.68],[135.57,34.68],[135.57,34.684],[135.565,34.684],[135.565,34.68]]]}},{"type":"Feature","properties":{"origin":"tennoji","minutes":56.9},"geometry":{"type":"Polygon","coordinates":[[[135.565,34.684000000000005],[135.57,34.684000000000005],[135.57,34.688],[135.565,34.688],[135.565,34.684000000000005]]]}},{"type":"Feature","properties":{"origin":"tennoji","minutes":59.2},"geometry":{"type":"Polygon","coordinates":[[[135.565,34.688],[135.57,34.688],[135.57,34.692],[135.565,34.692],[135.565,34.688]]]}},{"type":"Feature","properties":{"origin":"tennoji","minutes":58.9},"geometry":{"type":"Polygon","coordinates":[[[135.57,34.608000000000004],[135.575,34.608000000000004],[135.575,34.612],[135.57,34.612],[135.57,34.608000000000004]]]}},{"type":"Feature","properties":{"origin":"tennoji","minutes":56.9},"geometry":{"type":"Polygon","coordinates":[[[135.57,34.612],[135.575,34.612],[135.575,34.616],[135.57,34.616],[135.57,34.612]]]}},{"type":"Feature","properties":{"origin":"tennoji","minutes":55.1},"geometry":{"type":"Polygon","coordinates":[[[135.57,34.616],[135.575,34.616],[135.575,34.62],[135.57,34.62],[135.57,34.616]]]}},{"type":"Feature","properties":{"origin":"tennoji","minutes":53.5},"geometry":{"type":"Polygon","coordinates":[[[135.57,34.620000000000005],[135.575,34.620000000000005],[135.575,34.624],[135.57,34.624],[135.57,34.620000000000005]]]}},{"type":"Feature","properties":{"origin":"tennoji","minutes":52.0},"geometry":{"type":"Polygon","coordinates":[[[135.57,34.624],[135.575,34.624],[135.575,34.628],[135.57,34.628],[135.57,34.624]]]}},{"type":"Feature","properties":{"origin":"tennoji","minutes":50.8},"geometry":{"type":"Polygon","coordinates":[[[135.57,34.628],[135.575,34.628],[135.575,34.632],[135.57,34.632],[135.57,34.628]]]}},{"type":"Feature","properties":{"origin":"tennoji","minutes":49.8},"geometry":{"type":"Polygon","coordinates":[[[135.57,34.632000000000005],[135.575,34.632000000000005],[135.575,34.636],[135.57,34.636],[135.57,34.632000000000005]]]}},{"type":"Feature","properties":{"origin":"tennoji","minutes":49.0},"geometry":{"type":"Polygon","coordinates":[[[135.57,34.636],[135.575,34.636],[135.575,34.64],[135.57,34.64],[135.57,34.636]]]}},{"type":"Feature","properties":{"origin":"tennoji","minutes":48.5},"geometry":{"type":"Polygon","coordinates":[[[135.57,34.64],[135.575,34.64],[135.575,34.644],[135.57,34.644],[135.57,34.64]]]}},{"type":"Feature","properties":{"origin":"tennoji","minutes":48.3},"geometry":{"type":"Polygon","coordinates":[[[135.57,34.644000000000005],[135.575,34.644000000000005],[135.575,34.648],[135.57,34.648],[135.57,34.644000000000005]]]}},{"type":"Feature","properties":{"origin":"tennoji","minutes":48.3},"geometry":{"type":"Polygon","coordinates":[[[135.57,34.648],[135.575,34.648],[135.575,34.652],[135.57,34.652],[135.57,34.648]]]}},{"type":"Feature","properties":{"origin":"tennoji","minutes":48.7},"geometry":{"type":"Polygon","coordinates":[[[135.57,34.652],[135.575,34.652],[135.575,34.656],[135.57,34.656],[135.57,34.652]]]}},{"type":"Feature","properties":{"origin":"tennoji","minutes":49.3},"geometry":{"type":"Polygon","coordinates":[[[135.57,34.656],[135.575,34.656],[135.575,34.66],[135.57,34.66],[135.57,34.656]]]}},{"type":"Feature","properties":{"origin":"tennoji","minutes":50.1},"geometry":{"type":"Polygon","coordinates":[[[135.57,34.660000000000004],[135.575,34.660000000000004],[135.575,34.664],[135.57,34.664],[135.57,34.660000000000004]]]}},{"type":"Feature","properties":{"origin":"tennoji","minutes":51.2},"geometry":{"type":"Polygon","coordinates":[[[135.57,34.664],[135.575,34.664],[135.575,34.668],[135.57,34.668],[135.57,34.664]]]}},{"type":"Feature","properties":{"origin":"tennoji","minutes":52.5},"geometry":{"type":"Polygon","coordinates":[[[135.57,34.668],[135.575,34.668],[135.575,34.672],[135.57,34.672],[135.57,34.668]]]}},{"type":"Feature","properties":{"origin":"tennoji","minutes":54.0},"geometry":{"type":"Polygon","coordinates":[[[135.57,34.672000000000004],[135.575,34.672000000000004],[135.575,34.676],[135.57,34.676],[135.57,34.672000000000004]]]}},{"type":"Feature","properties":{"origin":"tennoji","minutes":55.7},"geometry":{"type":"Polygon","coordinates":[[[135.57,34.676],[135.575,34.676],[135.575,34.68],[135.57,34.68],[135.57,34.676]]]}},{"type":"Feature","properties":{"origin":"tennoji","minutes":57.6},"geometry":{"type":"Polygon","coordinates":[[[135.57,34.68],[135.575,34.68],[135.575,34.684],[135.57,34.684],[135.57,34.68]]]}},{"type":"Feature","properties":{"origin":"tennoji","minutes":59.6},"geometry":{"type":"Polygon","coordinates":[[[135.57,34.684000000000005],[135.575,34.684000000000005],[135.575,34.688],[135.57,34.688],[135.57,34.684000000000005]]]}},{"type":"Feature","properties":{"origin":"tennoji","minutes":59.8},"geometry":{"type":"Polygon","coordinates":[[[135.575,34.612],[135.57999999999998,34.612],[135.57999999999998,34.616],[135.575,34.616],[135.575,34.612]]]}},{"type":"Feature","properties":{"origin":"tennoji","minutes":58.1},"geometry":{"type":"Polygon","coordinates":[[[135.575,34.616],[135.57999999999998,34.616],[135.57999999999998,34.62],[135.575,34.62],[135.575,34.616]]]}},{"type":"Feature","properties":{"origin":"tennoji","minutes":56.5},"geometry":{"type":"Polygon","coordinates":[[[135.575,34.620000000000005],[135.57999999999998,34.620000000000005],[135.57999999999998,34.624],[135.575,34.624],[135.575,34.620000000000005]]]}},{"type":"Feature","properties":{"origin":"tennoji","minutes":55.2},"geometry":{"type":"Polygon","coordinates":[[[135.575,34.624],[135.57999999999998,34.624],[135.57999999999998,34.628],[135.575,34.628],[135.575,34.624]]]}},{"type":"Feature","properties":{"origin":"tennoji","minutes":54.0},"geometry":{"type":"Polygon","coordinates":[[[135.575,34.628],[135.57999999999998,34.628],[135.57999999999998,34.632],[135.575,34.632],[135.575,34.628]]]}},{"type":"Feature","properties":{"origin":"tennoji","minutes":53.1},"geometry":{"type":"Polygon","coordinates":[[[135.575,34.632000000000005],[135.57999999999998,34.632000000000005],[135.57999999999998,34.636],[135.575,34.636],[135.575,34.632000000000005]]]}},{"type":"Feature","properties":{"origin":"tennoji","minutes":52.4},"geometry":{"type":"Polygon","coordinates":[[[135.575,34.636],[135.57999999999998,34.636],[135.57999999999998,34.64],[135.575,34.64],[135.575,34.636]]]}},{"type":"Feature","properties":{"origin":"tennoji","minutes":51.9},"geometry":{"type":"Polygon","coordinates":[[[135.575,34.64],[135.57999999999998,34.64],[135.57999999999998,34.644],[135.575,34.644],[135.575,34.64]]]}},{"type":"Feature","properties":{"origin":"tennoji","minutes":51.7},"geometry":{"type":"Polygon","coordinates":[[[135.575,34.644000000000005],[135.57999999999998,34.644000000000005],[135.57999999999998,34.648],[135.575,34.648],[135.575,34.644000000000005]]]}},{"type":"Feature","properties":{"origin":"tennoji","minutes":51.8},"geometry":{"type":"Polygon","coordinates":[[[135.575,34.648],[135.57999999999998,34.648],[135.57999999999998,34.652],[135.575,34.652],[135.575,34.648]]]}},{"type":"Feature","properties":{"origin":"tennoji","minutes":52.1},"geometry":{"type":"Polygon","coordinates":[[[135.575,34.652],[135.57999999999998,34.652],[135.57999999999998,34.656],[135.575,34.656],[135.575,34.652]]]}},{"type":"Feature","properties":{"origin":"tennoji","minutes":52.6},"geometry":{"type":"Polygon","coordinates":[[[135.575,34.656],[135.57999999999998,34.656],[135.57999999999998,34.66],[135.575,34.66],[135.575,34.656]]]}},{"type":"Feature","properties":{"origin":"tennoji","minutes":53.4},"geometry":{"type":"Polygon","coordinates":[[[135.575,34.660000000000004],[135.57999999999998,34.660000000000004],[135.57999999999998,34.664],[135.575,34.664],[135.575,34.660000000000004]]]}},{"type":"Feature","properties":{"origin":"tennoji","minutes":54.4},"geometry":{"type":"Polygon","coordinates":[[[135.575,34.664],[135.57999999999998,34.664],[135.57999999999998,34.668],[135.575,34.668],[135.575,34.664]]]}},{"type":"Feature","properties":{"origin":"tennoji","minutes":55.6},"geometry":{"type":"Polygon","coordinates":[[[135.575,34.668],[135.57999999999998,34.668],[135.57999999999998,34.672],[135.575,34.672],[135.575,34.668]]]}},{"type":"Feature","properties":{"origin":"tennoji","minutes":57.0},"geometry":{"type":"Polygon","coordinates":[[[135.575,34.672000000000004],[135.57999999999998,34.672000000000004],[135.57999999999998,34.676],[135.575,34.676],[135.575,34.672000000000004]]]}},{"type":"Feature","properties":{"origin":"tennoji","minutes":58.6},"geometry":{"type":"Polygon","coordinates":[[[135.575,34.676],[135.57999999999998,34.676],[135.57999999999998,34.68],[135.575,34.68],[135.575,34.676]]]}},{"type":"Feature","properties":{"origin":"tennoji","minutes":59.6},"geometry":{"type":"Polygon","coordinates":[[[135.57999999999998,34.620000000000005],[135.58499999999998,34.620000000000005],[135.58499999999998,34.624],[135.57999999999998,34.624],[135.57999999999998,34.620000000000005]]]}},{"type":"Feature","properties":{"origin":"tennoji","minutes":58.4},"geometry":{"type":"Polygon","coordinates":[[[135.57999999999998,34.624],[135.58499999999998,34.624],[135.58499999999998,34.628],[135.57999999999998,34.628],[135.57999999999998,34.624]]]}},{"type":"Feature","properties":{"origin":"tennoji","minutes":57.3},"geometry":{"type":"Polygon","coordinates":[[[135.57999999999998,34.628],[135.58499999999998,34.628],[135.58499999999998,34.632],[135.57999999999998,34.632],[135.57999999999998,34.628]]]}},{"type":"Feature","properties":{"origin":"tennoji","minutes":56.4},"geometry":{"type":"Polygon","coordinates":[[[135.57999999999998,34.632000000000005],[135.58499999999998,34.632000000000005],[135.58499999999998,34.636],[135.57999999999998,34.636],[135.57999999999998,34.632000000000005]]]}},{"type":"Feature","properties":{"origin":"tennoji","minutes":55.8},"geometry":{"type":"Polygon","coordinates":[[[135.57999999999998,34.636],[135.58499999999998,34.636],[135.58499999999998,34.64],[135.57999999999998,34.64],[135.57999999999998,34.636]]]}},{"type":"Feature","properties":{"origin":"tennoji","minutes":55.4},"geometry":{"type":"Polygon","coordinates":[[[135.57999999999998,34.64],[135.58499999999998,34.64],[135.58499999999998,34.644],[135.57999999999998,34.644],[135.57999999999998,34.64]]]}},{"type":"Feature","properties":{"origin":"tennoji","minutes":55.2},"geometry":{"type":"Polygon","coordinates":[[[135.57999999999998,34.644000000000005],[135.58499999999998,34.644000000000005],[135.58499999999998,34.648],[135.57999999999998,34.648],[135.57999999999998,34.644000000000005]]]}},{"type":"Feature","properties":{"origin":"tennoji","minutes":55.2},"geometry":{"type":"Polygon","coordinates":[[[135.57999999999998,34.648],[135.58499999999998,34.648],[135.58499999999998,34.652],[135.57999999999998,34.652],[135.57999999999998,34.648]]]}},{"type":"Feature","properties":{"origin":"tennoji","minutes":55.5},"geometry":{"type":"Polygon","coordinates":[[[135.57999999999998,34.652],[135.58499999999998,34.652],[135.58499999999998,34.656],[135.57999999999998,34.656],[135.57999999999998,34.652]]]}},{"type":"Feature","properties":{"origin":"tennoji","minutes":56.0},"geometry":{"type":"Polygon","coordinates":[[[135.57999999999998,34.656],[135.58499999999998,34.656],[135.58499999999998,34.66],[135.57999999999998,34.66],[135.57999999999998,34.656]]]}},{"type":"Feature","properties":{"origin":"tennoji","minutes":56.7},"geometry":{"type":"Polygon","coordinates":[[[135.57999999999998,34.660000000000004],[135.58499999999998,34.660000000000004],[135.58499999999998,34.664],[135.57999999999998,34.664],[135.57999999999998,34.660000000000004]]]}},{"type":"Feature","properties":{"origin":"tennoji","minutes":57.6},"geometry":{"type":"Polygon","coordinates":[[[135.57999999999998,34.664],[135.58499999999998,34.664],[135.58499999999998,34.668],[135.57999999999998,34.668],[135.57999999999998,34.664]]]}},{"type":"Feature","properties":{"origin":"tennoji","minutes":58.8},"geometry":{"type":"Polygon","coordinates":[[[135.57999999999998,34.668],[135.58499999999998,34.668],[135.58499999999998,34.672],[135.57999999999998,34.672],[135.57999999999998,34.668]]]}},{"type":"Feature","properties":{"origin":"tennoji","minutes":59.8},"geometry":{"type":"Polygon","coordinates":[[[135.585,34.632000000000005],[135.59,34.632000000000005],[135.59,34.636],[135.585,34.636],[135.585,34.632000000000005]]]}},{"type":"Feature","properties":{"origin":"tennoji","minutes":59.2},"geometry":{"type":"Polygon","coordinates":[[[135.585,34.636],[135.59,34.636],[135.59,34.64],[135.585,34.64],[135.585,34.636]]]}},{"type":"Feature","properties":{"origin":"tennoji","minutes":58.8},"geometry":{"type":"Polygon","coordinates":[[[135.585,34.64],[135.59,34.64],[135.59,34.644],[135.585,34.644],[135.585,34.64]]]}},{"type":"Feature","properties":{"origin":"tennoji","minutes":58.6},"geometry":{"type":"Polygon","coordinates":[[[135.585,34.644000000000005],[135.59,34.644000000000005],[135.59,34.648],[135.585,34.648],[135.585,34.644000000000005]]]}},{"type":"Feature","properties":{"origin":"tennoji","minutes":58.6},"geometry":{"type":"Polygon","coordinates":[[[135.585,34.648],[135.59,34.648],[135.59,34.652],[135.585,34.652],[135.585,34.648]]]}},{"type":"Feature","properties":{"origin":"tennoji","minutes":58.9},"geometry":{"type":"Polygon","coordinates":[[[135.585,34.652],[135.59,34.652],[135.59,34.656],[135.585,34.656],[135.585,34.652]]]}},{"type":"Feature","properties":{"origin":"tennoji","minutes":59.4},"geometry":{"type":"Polygon","coordinates":[[[135.585,34.656],[135.59,34.656],[135.59,34.66],[135.585,34.66],[135.585,34.656]]]}},{"type":"Feature","properties":{"origin":"tennoji","minutes":60.0},"geometry":{"type":"Polygon","coordinates":[[[135.585,34.660000000000004],[135.59,34.660000000000004],[135.59,34.664],[135.585,34.664],[135.585,34.660000000000004]]]}}]}
