{"type":"FeatureCollection","source":{"name":"OSAKA-INFO（大阪観光局）","url":"https://osaka-info.jp/event/","feed_url":"https://osaka-info.jp/event/article.json","fetched_at":"2026-09-13T05:27:23.764Z","as_of":"2026-09-13","coordinate_method":"掲載ページの地図に指定された会場座標","limitations":"掲載期間内でも休催日・個別開催日があります。詳細は掲載元を確認してください。"},"features":[{"type":"Feature","geometry":{"type":"Point","coordinates":[135.5246527588807,34.60997885428943]},"properties":{"id":"osaka-info-11357","name":"長居植物園 ホワイトビンカフェア","venue":"長居植物園","address":"大阪市東住吉区長居公園1-23","category":"季節","date":"2026-09-05","end_date":"2026-09-27","start":null,"end":null,"schedule":"【期間】2026年9月5日(土)～9月27日（日） ※9/7(月)、14(月)は休園【時間】9:30～17:00(入園は16:30まで)","url":"https://osaka-info.jp/event/nagaipark-whitevinca2026/","source":"OSAKA-INFO（大阪観光局）","source_category":"季節","source_updated":"2026-09-11","fetched_at":"2026-09-13T05:27:23.764Z","coordinate_source":"https://osaka-info.jp/event/nagaipark-whitevinca2026/","fictional":false,"access":{"rail-007376":{"out":27.840008994153536,"back":27.840008994153536,"walk_out":92.8000299805118,"walk_back":92.8000299805118},"rail-007344":{"out":29.809773829303907,"back":29.809773829303907,"walk_out":99.36591276434636,"walk_back":99.36591276434636},"rail-007422":{"out":24.40962780173823,"back":24.40962780173823,"walk_out":81.3654260057941,"walk_back":81.3654260057941},"namba":{"out":26.537396061892327,"back":26.537396061892327,"walk_out":88.45798687297443,"walk_back":88.45798687297443},"rail-007626":{"out":17.99397869105195,"back":17.99397869105195,"walk_out":59.97992897017317,"walk_back":59.97992897017317},"rail-007693":{"out":22.703522174231967,"back":22.703522174231967,"walk_out":75.67840724743989,"walk_back":75.67840724743989},"nakamozu":{"out":24.76526543444682,"back":24.76526543444682,"walk_out":82.5508847814894,"walk_back":82.5508847814894},"kyuhoji":{"out":22.5624719507935,"back":22.5624719507935,"walk_out":75.20823983597833,"walk_back":75.20823983597833},"rail-007491":{"out":26.49137072243215,"back":26.49137072243215,"walk_out":88.30456907477384,"walk_back":88.30456907477384},"rail-007407":{"out":22.825869515507375,"back":22.825869515507375,"walk_out":76.08623171835791,"walk_back":76.08623171835791},"rail-007402":{"out":21.68396988092806,"back":21.68396988092806,"walk_out":72.27989960309354,"walk_back":72.27989960309354},"rail-007529":{"out":7.634831258001619,"back":7.634831258001619,"walk_out":25.449437526672064,"walk_back":25.449437526672064},"rail-007450":{"out":17.85645834996382,"back":17.85645834996382,"walk_out":59.52152783321273,"walk_back":59.52152783321273},"rail-007459":{"out":16.90743090738355,"back":16.90743090738355,"walk_out":56.35810302461183,"walk_back":56.35810302461183},"rail-007284":{"out":27.067866941604244,"back":27.067866941604244,"walk_out":90.22622313868081,"walk_back":90.22622313868081},"rail-007342":{"out":26.04522823011118,"back":26.04522823011118,"walk_out":86.81742743370394,"walk_back":86.81742743370394},"rail-007593":{"out":13.934270996492168,"back":13.934270996492168,"walk_out":46.44756998830723,"walk_back":46.44756998830723},"rail-007580":{"out":18.874931583331502,"back":18.874931583331502,"walk_out":62.91643861110501,"walk_back":62.91643861110501},"rail-007567":{"out":12.175861317154903,"back":12.175861317154903,"walk_out":40.58620439051634,"walk_back":40.58620439051634},"rail-007573":{"out":12.66652754960596,"back":12.66652754960596,"walk_out":42.22175849868653,"walk_back":42.22175849868653},"rail-007572":{"out":10.024134385646816,"back":10.024134385646816,"walk_out":33.413781285489385,"walk_back":33.413781285489385},"rail-007574":{"out":12.297325017131762,"back":12.297325017131762,"walk_out":40.9910833904392,"walk_back":40.9910833904392},"rail-007378":{"out":27.616342007184322,"back":27.616342007184322,"walk_out":92.05447335728108,"walk_back":92.05447335728108},"rail-007560":{"out":26.683697264692526,"back":26.683697264692526,"walk_out":88.94565754897509,"walk_back":88.94565754897509},"rail-007618":{"out":22.040860816853645,"back":22.040860816853645,"walk_out":73.46953605617882,"walk_back":73.46953605617882},"rail-007582":{"out":14.937132525340854,"back":14.937132525340854,"walk_out":49.79044175113618,"walk_back":49.79044175113618},"rail-007524":{"out":17.143242834198276,"back":17.143242834198276,"walk_out":57.144142780660914,"walk_back":57.144142780660914},"dobutsuen":{"out":18.580598882196178,"back":18.580598882196178,"walk_out":61.93532960732059,"walk_back":61.93532960732059},"rail-007544":{"out":17.328145384241086,"back":17.328145384241086,"walk_out":57.760484614136956,"walk_back":57.760484614136956},"rail-007485":{"out":14.741641557777486,"back":14.741641557777486,"walk_out":49.13880519259162,"walk_back":49.13880519259162},"rail-007412":{"out":22.228535550850374,"back":22.228535550850374,"walk_out":74.09511850283458,"walk_back":74.09511850283458},"rail-007502":{"out":9.932657180670237,"back":9.932657180670237,"walk_out":33.10885726890079,"walk_back":33.10885726890079},"rail-007522":{"out":10.420069594102245,"back":10.420069594102245,"walk_out":34.73356531367415,"walk_back":34.73356531367415},"rail-007647":{"out":12.592619292312504,"back":12.592619292312504,"walk_out":41.97539764104168,"walk_back":41.97539764104168},"rail-007462":{"out":17.954469583282194,"back":17.954469583282194,"walk_out":59.84823194427398,"walk_back":59.84823194427398},"rail-007570":{"out":28.888138678871915,"back":28.888138678871915,"walk_out":96.29379559623972,"walk_back":96.29379559623972},"rail-007531":{"out":7.066797089768957,"back":7.066797089768957,"walk_out":23.555990299229855,"walk_back":23.555990299229855},"rail-007581":{"out":10.050148799953806,"back":10.050148799953806,"walk_out":33.500495999846024,"walk_back":33.500495999846024},"rail-007382":{"out":21.87919991466993,"back":21.87919991466993,"walk_out":72.9306663822331,"walk_back":72.9306663822331},"rail-007649":{"out":24.025484410458205,"back":24.025484410458205,"walk_out":80.08494803486069,"walk_back":80.08494803486069},"rail-007660":{"out":17.252561483289856,"back":17.252561483289856,"walk_out":57.50853827763285,"walk_back":57.50853827763285},"rail-007667":{"out":20.99604657007712,"back":20.99604657007712,"walk_out":69.98682190025706,"walk_back":69.98682190025706},"rail-007534":{"out":12.545662987612316,"back":12.545662987612316,"walk_out":41.818876625374386,"walk_back":41.818876625374386},"rail-007622":{"out":15.458910638405909,"back":15.458910638405909,"walk_out":51.5297021280197,"walk_back":51.5297021280197},"rail-007395":{"out":22.815020171323344,"back":22.815020171323344,"walk_out":76.05006723774449,"walk_back":76.05006723774449},"rail-007654":{"out":22.9185138940825,"back":22.9185138940825,"walk_out":76.39504631360833,"walk_back":76.39504631360833},"taisho":{"out":29.618128346293886,"back":29.618128346293886,"walk_out":98.72709448764628,"walk_back":98.72709448764628},"uehommachi":{"out":24.713886696579067,"back":24.713886696579067,"walk_out":82.37962232193023,"walk_back":82.37962232193023},"rail-007451":{"out":16.283484190614807,"back":16.283484190614807,"walk_out":54.27828063538269,"walk_back":54.27828063538269},"rail-007483":{"out":15.730306301500669,"back":15.730306301500669,"walk_out":52.43435433833557,"walk_back":52.43435433833557},"tennoji":{"out":16.557784437434695,"back":16.557784437434695,"walk_out":55.19261479144898,"walk_back":55.19261479144898},"rail-007447":{"out":16.676130430544582,"back":16.676130430544582,"walk_out":55.587101435148604,"walk_back":55.587101435148604},"rail-007515":{"out":13.051445477299197,"back":13.051445477299197,"walk_out":43.50481825766399,"walk_back":43.50481825766399},"rail-007646":{"out":20.482504548015456,"back":20.482504548015456,"walk_out":68.27501516005152,"walk_back":68.27501516005152},"rail-007532":{"out":10.063988145132836,"back":10.063988145132836,"walk_out":33.54662715044279,"walk_back":33.54662715044279},"rail-007592":{"out":12.811405324040052,"back":12.811405324040052,"walk_out":42.70468441346684,"walk_back":42.70468441346684},"rail-007666":{"out":24.381315626896807,"back":24.381315626896807,"walk_out":81.27105208965602,"walk_back":81.27105208965602},"rail-007673":{"out":25.90006715018004,"back":25.90006715018004,"walk_out":86.3335571672668,"walk_back":86.3335571672668},"rail-007434":{"out":16.888766171291085,"back":16.888766171291085,"walk_out":56.29588723763695,"walk_back":56.29588723763695},"rail-007368":{"out":25.60753593405317,"back":25.60753593405317,"walk_out":85.35845311351056,"walk_back":85.35845311351056},"rail-007493":{"out":15.60715694501522,"back":15.60715694501522,"walk_out":52.023856483384066,"walk_back":52.023856483384066},"rail-007517":{"out":13.34161328696129,"back":13.34161328696129,"walk_out":44.472044289870965,"walk_back":44.472044289870965},"rail-007657":{"out":15.280396898262644,"back":15.280396898262644,"walk_out":50.93465632754215,"walk_back":50.93465632754215},"fuse":{"out":27.96373611504132,"back":27.96373611504132,"walk_out":93.2124537168044,"walk_back":93.2124537168044},"rail-007538":{"out":11.00220919873839,"back":11.00220919873839,"walk_out":36.6740306624613,"walk_back":36.6740306624613},"rail-007547":{"out":9.934972384618003,"back":9.934972384618003,"walk_out":33.11657461539335,"walk_back":33.11657461539335},"rail-007559":{"out":9.993053645708146,"back":9.993053645708146,"walk_out":33.31017881902716,"walk_back":33.31017881902716},"rail-007575":{"out":24.19975566665773,"back":24.19975566665773,"walk_out":80.66585222219244,"walk_back":80.66585222219244},"rail-007505":{"out":13.410815935635487,"back":13.410815935635487,"walk_out":44.70271978545162,"walk_back":44.70271978545162},"rail-007546":{"out":10.0746728279956,"back":10.0746728279956,"walk_out":33.582242759985334,"walk_back":33.582242759985334},"rail-007468":{"out":25.641284236117553,"back":25.641284236117553,"walk_out":85.47094745372517,"walk_back":85.47094745372517},"rail-007682":{"out":27.466538609311854,"back":27.466538609311854,"walk_out":91.55512869770618,"walk_back":91.55512869770618},"rail-007674":{"out":23.946473190665145,"back":23.946473190665145,"walk_out":79.82157730221715,"walk_back":79.82157730221715},"rail-007399":{"out":20.727621747363433,"back":20.727621747363433,"walk_out":69.09207249121144,"walk_back":69.09207249121144},"rail-007611":{"out":6.527910280060795,"back":6.527910280060795,"walk_out":21.759700933535985,"walk_back":21.759700933535985},"rail-007609":{"out":11.081996223241338,"back":11.081996223241338,"walk_out":36.93998741080446,"walk_back":36.93998741080446},"rail-007595":{"out":7.300227780953711,"back":7.300227780953711,"walk_out":24.334092603179037,"walk_back":24.334092603179037},"rail-007607":{"out":13.832845211200128,"back":13.832845211200128,"walk_out":46.10948403733376,"walk_back":46.10948403733376},"rail-007486":{"out":11.73192100764057,"back":11.73192100764057,"walk_out":39.1064033588019,"walk_back":39.1064033588019},"shinimamiya":{"out":19.630906220911623,"back":19.630906220911623,"walk_out":65.4363540697054,"walk_back":65.4363540697054},"rail-007427":{"out":19.238128794255893,"back":19.238128794255893,"walk_out":64.12709598085297,"walk_back":64.12709598085297},"rail-007523":{"out":17.65923662459187,"back":17.65923662459187,"walk_out":58.864122081972894,"walk_back":58.864122081972894},"rail-007297":{"out":28.05759948278718,"back":28.05759948278718,"walk_out":93.52533160929059,"walk_back":93.52533160929059},"rail-007690":{"out":18.897341559790952,"back":18.897341559790952,"walk_out":62.991138532636505,"walk_back":62.991138532636505},"nipponbashi":{"out":26.05852559610159,"back":26.05852559610159,"walk_out":86.86175198700529,"walk_back":86.86175198700529},"rail-007499":{"out":10.61603925541502,"back":10.61603925541502,"walk_out":35.38679751805007,"walk_back":35.38679751805007},"rail-007406":{"out":25.022791567307106,"back":25.022791567307106,"walk_out":83.40930522435701,"walk_back":83.40930522435701},"rail-007623":{"out":10.940235617070625,"back":10.940235617070625,"walk_out":36.46745205690208,"walk_back":36.46745205690208},"rail-007500":{"out":11.63538190869019,"back":11.63538190869019,"walk_out":38.784606362300636,"walk_back":38.784606362300636},"rail-007525":{"out":12.908929976180083,"back":12.908929976180083,"walk_out":43.02976658726694,"walk_back":43.02976658726694},"rail-007553":{"out":12.297059246815728,"back":12.297059246815728,"walk_out":40.99019748938576,"walk_back":40.99019748938576},"rail-007479":{"out":13.381582990726132,"back":13.381582990726132,"walk_out":44.605276635753775,"walk_back":44.605276635753775},"rail-007250":{"out":29.480209635218035,"back":29.480209635218035,"walk_out":98.26736545072679,"walk_back":98.26736545072679},"rail-007472":{"out":15.728746274353737,"back":15.728746274353737,"walk_out":52.42915424784579,"walk_back":52.42915424784579},"rail-007487":{"out":12.572808318666437,"back":12.572808318666437,"walk_out":41.90936106222146,"walk_back":41.90936106222146},"rail-007380":{"out":21.629309891822942,"back":21.629309891822942,"walk_out":72.0976996394098,"walk_back":72.0976996394098},"sakuragawa":{"out":29.504433559380566,"back":29.504433559380566,"walk_out":98.34811186460189,"walk_back":98.34811186460189},"rail-007303":{"out":29.241066158267785,"back":29.241066158267785,"walk_out":97.47022052755928,"walk_back":97.47022052755928},"rail-007587":{"out":10.297897976135884,"back":10.297897976135884,"walk_out":34.32632658711961,"walk_back":34.32632658711961},"rail-007639":{"out":11.478675143757162,"back":11.478675143757162,"walk_out":38.26225047919054,"walk_back":38.26225047919054},"rail-007668":{"out":19.471653181405824,"back":19.471653181405824,"walk_out":64.90551060468607,"walk_back":64.90551060468607},"rail-007345":{"out":29.956960312509075,"back":29.956960312509075,"walk_out":99.85653437503025,"walk_back":99.85653437503025},"rail-007470":{"out":13.811744877100134,"back":13.811744877100134,"walk_out":46.03914959033378,"walk_back":46.03914959033378},"rail-007442":{"out":22.40899879172223,"back":22.40899879172223,"walk_out":74.6966626390741,"walk_back":74.6966626390741},"rail-007641":{"out":13.652830940306611,"back":13.652830940306611,"walk_out":45.5094364676887,"walk_back":45.5094364676887},"rail-007630":{"out":15.254319875489955,"back":15.254319875489955,"walk_out":50.84773291829985,"walk_back":50.84773291829985},"rail-007683":{"out":29.41481655217523,"back":29.41481655217523,"walk_out":98.04938850725075,"walk_back":98.04938850725075},"rail-007533":{"out":13.990640019382234,"back":13.990640019382234,"walk_out":46.63546673127411,"walk_back":46.63546673127411},"rail-007260":{"out":28.42155750149786,"back":28.42155750149786,"walk_out":94.73852500499287,"walk_back":94.73852500499287},"rail-007519":{"out":8.275432779487467,"back":8.275432779487467,"walk_out":27.58477593162489,"walk_back":27.58477593162489},"rail-007733":{"out":26.95101703401231,"back":26.95101703401231,"walk_out":89.83672344670771,"walk_back":89.83672344670771},"rail-007709":{"out":26.316490963469814,"back":26.316490963469814,"walk_out":87.72163654489938,"walk_back":87.72163654489938},"rail-007704":{"out":23.909451084286843,"back":23.909451084286843,"walk_out":79.69817028095613,"walk_back":79.69817028095613},"rail-007590":{"out":3.538428763777558,"back":3.538428763777558,"walk_out":11.794762545925193,"walk_back":11.794762545925193},"rail-007564":{"out":10.543908885175359,"back":10.543908885175359,"walk_out":35.146362950584525,"walk_back":35.146362950584525},"rail-007640":{"out":19.49601811228102,"back":19.49601811228102,"walk_out":64.98672704093673,"walk_back":64.98672704093673},"rail-007554":{"out":12.597414357503727,"back":12.597414357503727,"walk_out":41.99138119167909,"walk_back":41.99138119167909},"rail-007579":{"out":12.261326136668142,"back":12.261326136668142,"walk_out":40.87108712222714,"walk_back":40.87108712222714},"rail-007635":{"out":18.073107682484203,"back":18.073107682484203,"walk_out":60.24369227494735,"walk_back":60.24369227494735},"rail-007475":{"out":12.747468762164978,"back":12.747468762164978,"walk_out":42.49156254054993,"walk_back":42.49156254054993},"rail-007498":{"out":13.797598603307245,"back":13.797598603307245,"walk_out":45.991995344357484,"walk_back":45.991995344357484},"rail-007379":{"out":25.21154356861746,"back":25.21154356861746,"walk_out":84.0384785620582,"walk_back":84.0384785620582},"rail-007371":{"out":26.504438943964,"back":26.504438943964,"walk_out":88.34812981321333,"walk_back":88.34812981321333},"rail-007454":{"out":18.37210819141129,"back":18.37210819141129,"walk_out":61.24036063803763,"walk_back":61.24036063803763},"rail-007650":{"out":21.51079037072035,"back":21.51079037072035,"walk_out":71.70263456906783,"walk_back":71.70263456906783},"rail-007452":{"out":18.40333933646107,"back":18.40333933646107,"walk_out":61.34446445487023,"walk_back":61.34446445487023},"rail-007477":{"out":20.044793493270472,"back":20.044793493270472,"walk_out":66.81597831090157,"walk_back":66.81597831090157},"rail-007476":{"out":18.173122893517306,"back":18.173122893517306,"walk_out":60.57707631172435,"walk_back":60.57707631172435},"rail-007540":{"out":6.243671411519002,"back":6.243671411519002,"walk_out":20.81223803839667,"walk_back":20.81223803839667},"tanimachi9":{"out":25.594961012454487,"back":25.594961012454487,"walk_out":85.31653670818163,"walk_back":85.31653670818163},"tanimachi6":{"out":29.14369634145142,"back":29.14369634145142,"walk_out":97.14565447150473,"walk_back":97.14565447150473},"rail-007317":{"out":26.16742029208823,"back":26.16742029208823,"walk_out":87.22473430696077,"walk_back":87.22473430696077},"rail-007562":{"out":4.396167901385686,"back":4.396167901385686,"walk_out":14.653893004618954,"walk_back":14.653893004618954},"rail-007594":{"out":18.283918401918253,"back":18.283918401918253,"walk_out":60.94639467306085,"walk_back":60.94639467306085},"nagahoribashi":{"out":29.808472462973835,"back":29.808472462973835,"walk_out":99.36157487657945,"walk_back":99.36157487657945},"nagai":{"out":3.9710545798772774,"back":3.9710545798772774,"walk_out":13.236848599590926,"walk_back":13.236848599590926},"rail-007425":{"out":26.271858380966446,"back":26.271858380966446,"walk_out":87.57286126988815,"walk_back":87.57286126988815},"rail-007460":{"out":14.90567262636409,"back":14.90567262636409,"walk_out":49.685575421213635,"walk_back":49.685575421213635},"rail-007543":{"out":5.940881311634753,"back":5.940881311634753,"walk_out":19.802937705449175,"walk_back":19.802937705449175},"rail-007669":{"out":17.340298003414162,"back":17.340298003414162,"walk_out":57.80099334471387,"walk_back":57.80099334471387},"rail-007628":{"out":16.834895564549836,"back":16.834895564549836,"walk_out":56.11631854849945,"walk_back":56.11631854849945},"rail-007679":{"out":27.811889839536505,"back":27.811889839536505,"walk_out":92.70629946512169,"walk_back":92.70629946512169},"rail-007556":{"out":4.5223005233087274,"back":4.5223005233087274,"walk_out":15.074335077695759,"walk_back":15.074335077695759},"tsuruhashi":{"out":24.89413155767556,"back":24.89413155767556,"walk_out":82.9804385255852,"walk_back":82.9804385255852}}}},{"type":"Feature","geometry":{"type":"Point","coordinates":[135.51104520820044,34.64855779330316]},"properties":{"id":"osaka-info-11331","name":"てんしばオクトーバーフェスト2026 feat. 世界のワインフェス","venue":"天王寺公園エントランスエリア「てんしば」","address":"大阪市天王寺区茶臼山町5-55","category":"季節","date":"2026-09-11","end_date":"2026-10-04","start":null,"end":null,"schedule":"【期間】2026年9月11日(金)～10月4日(日)【時間】平日 15:00～20:30 (L.O 20:00) ／ 土日祝 11:00～20:30 (L.O 20:00)※雨天決行 (荒天中止)","url":"https://osaka-info.jp/event/tenshiba-oktoberfest2026/","source":"OSAKA-INFO（大阪観光局）","source_category":"季節","source_updated":"2026-09-11","fetched_at":"2026-09-13T05:27:23.764Z","coordinate_source":"https://osaka-info.jp/event/tenshiba-oktoberfest2026/","fictional":false,"access":{"rail-007376":{"out":22.9219847962061,"back":22.9219847962061,"walk_out":76.40661598735366,"walk_back":76.40661598735366},"rail-007344":{"out":23.4885753230758,"back":23.4885753230758,"walk_out":78.29525107691934,"walk_back":78.29525107691934},"rail-007041":{"out":28.199551607454893,"back":28.199551607454893,"walk_out":93.99850535818298,"walk_back":93.99850535818298},"rail-007422":{"out":21.703017717768756,"back":21.703017717768756,"walk_out":72.34339239256252,"walk_back":72.34339239256252},"naniwabashi":{"out":19.48108539519233,"back":19.48108539519233,"walk_out":64.93695131730777,"walk_back":64.93695131730777},"namba":{"out":8.769440656097771,"back":8.769440656097771,"walk_out":29.231468853659237,"walk_back":29.231468853659237},"rail-007283":{"out":15.26878560039947,"back":15.26878560039947,"walk_out":50.89595200133157,"walk_back":50.89595200133157},"rail-007280":{"out":15.259671544436436,"back":15.259671544436436,"walk_out":50.865571814788126,"walk_back":50.865571814788126},"rail-007300":{"out":27.869876829262143,"back":27.869876829262143,"walk_out":92.89958943087382,"walk_back":92.89958943087382},"rail-007626":{"out":27.449714547017404,"back":27.449714547017404,"walk_out":91.49904849005802,"walk_back":91.49904849005802},"nakanoshima":{"out":20.972360272269192,"back":20.972360272269192,"walk_out":69.90786757423064,"walk_back":69.90786757423064},"rail-007040":{"out":26.150940900951337,"back":26.150940900951337,"walk_out":87.16980300317113,"walk_back":87.16980300317113},"rail-007016":{"out":28.10137343305968,"back":28.10137343305968,"walk_out":93.6712447768656,"walk_back":93.6712447768656},"kyuhoji":{"out":29.280816638892656,"back":29.280816638892656,"walk_out":97.60272212964219,"walk_back":97.60272212964219},"rail-007491":{"out":29.755066725571638,"back":29.755066725571638,"walk_out":99.18355575190546,"walk_back":99.18355575190546},"kujo":{"out":17.37459242391741,"back":17.37459242391741,"walk_out":57.9153080797247,"walk_back":57.9153080797247},"kyobashi":{"out":23.0232820893351,"back":23.0232820893351,"walk_out":76.744273631117,"walk_back":76.744273631117},"rail-007407":{"out":7.153278217305328,"back":7.153278217305328,"walk_out":23.844260724351095,"walk_back":23.844260724351095},"rail-007402":{"out":4.473965241434939,"back":4.473965241434939,"walk_out":14.913217471449798,"walk_back":14.913217471449798},"rail-007529":{"out":12.32060572129837,"back":12.32060572129837,"walk_out":41.068685737661234,"walk_back":41.068685737661234},"rail-007450":{"out":3.453146530302895,"back":3.453146530302895,"walk_out":11.510488434342983,"walk_back":11.510488434342983},"rail-007070":{"out":29.845509837350633,"back":29.845509837350633,"walk_out":99.48503279116878,"walk_back":99.48503279116878},"rail-007459":{"out":4.225827242606056,"back":4.225827242606056,"walk_out":14.086090808686853,"walk_back":14.086090808686853},"rail-007284":{"out":15.057838902455499,"back":15.057838902455499,"walk_out":50.19279634151833,"walk_back":50.19279634151833},"rail-007342":{"out":15.934112740964265,"back":15.934112740964265,"walk_out":53.11370913654755,"walk_back":53.11370913654755},"rail-007156":{"out":28.29515091894415,"back":28.29515091894415,"walk_out":94.31716972981383,"walk_back":94.31716972981383},"rail-007593":{"out":21.162406766902105,"back":21.162406766902105,"walk_out":70.54135588967368,"walk_back":70.54135588967368},"rail-007580":{"out":22.459852277165453,"back":22.459852277165453,"walk_out":74.86617425721818,"walk_back":74.86617425721818},"rail-007567":{"out":16.940724218013752,"back":16.940724218013752,"walk_out":56.46908072671251,"walk_back":56.46908072671251},"rail-007573":{"out":17.73049771308192,"back":17.73049771308192,"walk_out":59.1016590436064,"walk_back":59.1016590436064},"rail-007572":{"out":16.410462391460378,"back":16.410462391460378,"walk_out":54.70154130486792,"walk_back":54.70154130486792},"rail-007574":{"out":17.587569227664364,"back":17.587569227664364,"walk_out":58.625230758881216,"walk_back":58.625230758881216},"rail-007378":{"out":22.605069365979638,"back":22.605069365979638,"walk_out":75.35023121993213,"walk_back":75.35023121993213},"rail-007351":{"out":29.455844500748167,"back":29.455844500748167,"walk_out":98.18614833582723,"walk_back":98.18614833582723},"rail-007582":{"out":26.561214541940714,"back":26.561214541940714,"walk_out":88.53738180646904,"walk_back":88.53738180646904},"rail-007524":{"out":22.548669132269445,"back":22.548669132269445,"walk_out":75.16223044089814,"walk_back":75.16223044089814},"dobutsuen":{"out":2.85395681409574,"back":2.85395681409574,"walk_out":9.513189380319133,"walk_back":9.513189380319133},"rail-007544":{"out":16.779089881206005,"back":16.779089881206005,"walk_out":55.930299604020014,"walk_back":55.930299604020014},"rail-007485":{"out":6.738053094215516,"back":6.738053094215516,"walk_out":22.460176980718387,"walk_back":22.460176980718387},"rail-007412":{"out":16.218625135487056,"back":16.218625135487056,"walk_out":54.062083784956855,"walk_back":54.062083784956855},"rail-007085":{"out":22.740899063626635,"back":22.740899063626635,"walk_out":75.80299687875545,"walk_back":75.80299687875545},"kitahama":{"out":19.143842399760256,"back":19.143842399760256,"walk_out":63.81280799920086,"walk_back":63.81280799920086},"rail-007502":{"out":9.844888278626133,"back":9.844888278626133,"walk_out":32.816294262087105,"walk_back":32.816294262087105},"rail-007522":{"out":9.67151080220282,"back":9.67151080220282,"walk_out":32.238369340676066,"walk_back":32.238369340676066},"rail-007647":{"out":29.448613054915825,"back":29.448613054915825,"walk_out":98.16204351638609,"walk_back":98.16204351638609},"rail-007177":{"out":25.456939087879586,"back":25.456939087879586,"walk_out":84.8564636262653,"walk_back":84.8564636262653},"rail-007462":{"out":15.630436631164558,"back":15.630436631164558,"walk_out":52.10145543721519,"walk_back":52.10145543721519},"minamimorimachi":{"out":21.805011453173968,"back":21.805011453173968,"walk_out":72.68337151057989,"walk_back":72.68337151057989},"rail-007570":{"out":28.418043357046646,"back":28.418043357046646,"walk_out":94.72681119015549,"walk_back":94.72681119015549},"rail-007531":{"out":10.843052136638779,"back":10.843052136638779,"walk_out":36.14350712212926,"walk_back":36.14350712212926},"rail-007581":{"out":23.070711035340306,"back":23.070711035340306,"walk_out":76.90237011780103,"walk_back":76.90237011780103},"rail-007268":{"out":12.442795391736587,"back":12.442795391736587,"walk_out":41.475984639121954,"walk_back":41.475984639121954},"rail-007382":{"out":4.530145791196892,"back":4.530145791196892,"walk_out":15.100485970656305,"walk_back":15.100485970656305},"rail-007190":{"out":14.88736798671102,"back":14.88736798671102,"walk_out":49.624559955703404,"walk_back":49.624559955703404},"rail-007534":{"out":12.643022849709208,"back":12.643022849709208,"walk_out":42.143409499030696,"walk_back":42.143409499030696},"rail-007622":{"out":25.568852366680495,"back":25.568852366680495,"walk_out":85.22950788893499,"walk_back":85.22950788893499},"rail-007395":{"out":5.925904343119652,"back":5.925904343119652,"walk_out":19.753014477065506,"walk_back":19.753014477065506},"taisho":{"out":13.635901747823034,"back":13.635901747823034,"walk_out":45.453005826076776,"walk_back":45.453005826076776},"oe_bridge":{"out":20.702610743349066,"back":20.702610743349066,"walk_out":69.00870247783021,"walk_back":69.00870247783021},"osaka_business":{"out":20.4452942763777,"back":20.4452942763777,"walk_out":68.150980921259,"walk_back":68.150980921259},"osaka":{"out":24.480115552703968,"back":24.480115552703968,"walk_out":81.60038517567989,"walk_back":81.60038517567989},"uehommachi":{"out":8.409582012021989,"back":8.409582012021989,"walk_out":28.031940040073298,"walk_back":28.031940040073298},"rail-007164":{"out":19.444375127117432,"back":19.444375127117432,"walk_out":64.8145837570581,"walk_back":64.8145837570581},"rail-007107":{"out":21.099690919751833,"back":21.099690919751833,"walk_out":70.33230306583944,"walk_back":70.33230306583944},"rail-007090":{"out":21.74700130602181,"back":21.74700130602181,"walk_out":72.49000435340604,"walk_back":72.49000435340604},"osakako":{"out":28.16858699777903,"back":28.16858699777903,"walk_out":93.89528999259677,"walk_back":93.89528999259677},"rail-007451":{"out":1.8190336249754597,"back":1.8190336249754597,"walk_out":6.063445416584866,"walk_back":6.063445416584866},"rail-007483":{"out":7.2646702135754,"back":7.2646702135754,"walk_out":24.215567378584666,"walk_back":24.215567378584666},"temma":{"out":25.08237730531855,"back":25.08237730531855,"walk_out":83.60792435106183,"walk_back":83.60792435106183},"temmabashi":{"out":18.707199060349897,"back":18.707199060349897,"walk_out":62.35733020116632,"walk_back":62.35733020116632},"tennoji":{"out":1.6312837755275622,"back":1.6312837755275622,"walk_out":5.437612585091874,"walk_back":5.437612585091874},"rail-007447":{"out":1.2605474001649883,"back":1.2605474001649883,"walk_out":4.201824667216628,"walk_back":4.201824667216628},"rail-007515":{"out":9.902402626990527,"back":9.902402626990527,"walk_out":33.00800875663509,"walk_back":33.00800875663509},"tenroku":{"out":27.268446670591743,"back":27.268446670591743,"walk_out":90.89482223530581,"walk_back":90.89482223530581},"rail-007532":{"out":11.253627785986772,"back":11.253627785986772,"walk_out":37.51209261995591,"walk_back":37.51209261995591},"rail-007275":{"out":26.942694265922885,"back":26.942694265922885,"walk_out":89.80898088640961,"walk_back":89.80898088640961},"rail-007592":{"out":20.646403563410548,"back":20.646403563410548,"walk_out":68.8213452113685,"walk_back":68.8213452113685},"rail-007434":{"out":4.602034751906932,"back":4.602034751906932,"walk_out":15.340115839689773,"walk_back":15.340115839689773},"rail-007368":{"out":17.49597674591012,"back":17.49597674591012,"walk_out":58.31992248636707,"walk_back":58.31992248636707},"rail-007493":{"out":8.97804145418601,"back":8.97804145418601,"walk_out":29.926804847286704,"walk_back":29.926804847286704},"rail-007517":{"out":10.396942684836494,"back":10.396942684836494,"walk_out":34.65647561612165,"walk_back":34.65647561612165},"fuse":{"out":20.420352856673464,"back":20.420352856673464,"walk_out":68.0678428555782,"walk_back":68.0678428555782},"rail-007538":{"out":12.713888784889527,"back":12.713888784889527,"walk_out":42.379629282965084,"walk_back":42.379629282965084},"rail-007547":{"out":13.010348466300849,"back":13.010348466300849,"walk_out":43.36782822100283,"walk_back":43.36782822100283},"rail-007559":{"out":14.453121686680882,"back":14.453121686680882,"walk_out":48.17707228893627,"walk_back":48.17707228893627},"rail-007575":{"out":25.577804926655396,"back":25.577804926655396,"walk_out":85.25934975551799,"walk_back":85.25934975551799},"rail-007505":{"out":16.60287287769459,"back":16.60287287769459,"walk_out":55.3429095923153,"walk_back":55.3429095923153},"rail-007546":{"out":18.407123474200546,"back":18.407123474200546,"walk_out":61.357078247335146,"walk_back":61.357078247335146},"bentencho":{"out":20.33254385444715,"back":20.33254385444715,"walk_out":67.7751461814905,"walk_back":67.7751461814905},"rail-007468":{"out":26.662902155775697,"back":26.662902155775697,"walk_out":88.87634051925232,"walk_back":88.87634051925232},"shinsaibashi":{"out":12.142428363979688,"back":12.142428363979688,"walk_out":40.47476121326562,"walk_back":40.47476121326562},"rail-007399":{"out":3.1849449689867946,"back":3.1849449689867946,"walk_out":10.616483229955982,"walk_back":10.616483229955982},"rail-007611":{"out":22.040412409674985,"back":22.040412409674985,"walk_out":73.46804136558329,"walk_back":73.46804136558329},"rail-007609":{"out":22.200339324873703,"back":22.200339324873703,"walk_out":74.00113108291235,"walk_back":74.00113108291235},"rail-007595":{"out":20.631279296416963,"back":20.631279296416963,"walk_out":68.77093098805655,"walk_back":68.77093098805655},"rail-007607":{"out":22.969190513079035,"back":22.969190513079035,"walk_out":76.56396837693012,"walk_back":76.56396837693012},"rail-007061":{"out":24.581869634153893,"back":24.581869634153893,"walk_out":81.93956544717965,"walk_back":81.93956544717965},"rail-007162":{"out":25.901394477829818,"back":25.901394477829818,"walk_out":86.33798159276607,"walk_back":86.33798159276607},"rail-007486":{"out":6.250300097419346,"back":6.250300097419346,"walk_out":20.834333658064484,"walk_back":20.834333658064484},"shinimamiya":{"out":3.4390640358909765,"back":3.4390640358909765,"walk_out":11.463546786303255,"walk_back":11.463546786303255},"rail-007427":{"out":2.83963528957255,"back":2.83963528957255,"walk_out":9.465450965241832,"walk_back":9.465450965241832},"rail-007523":{"out":22.93669971390587,"back":22.93669971390587,"walk_out":76.45566571301957,"walk_back":76.45566571301957},"rail-007297":{"out":18.044432191236258,"back":18.044432191236258,"walk_out":60.148107304120856,"walk_back":60.148107304120856},"rail-007104":{"out":22.614912012591425,"back":22.614912012591425,"walk_out":75.38304004197143,"walk_back":75.38304004197143},"nipponbashi":{"out":8.202306263330387,"back":8.202306263330387,"walk_out":27.341020877767956,"walk_back":27.341020877767956},"rail-007499":{"out":7.252885797348444,"back":7.252885797348444,"walk_out":24.176285991161482,"walk_back":24.176285991161482},"rail-007370":{"out":23.449540017933636,"back":23.449540017933636,"walk_out":78.16513339311211,"walk_back":78.16513339311211},"rail-007406":{"out":10.581290385249632,"back":10.581290385249632,"walk_out":35.27096795083211,"walk_back":35.27096795083211},"hommachi":{"out":15.50996997034299,"back":15.50996997034299,"walk_out":51.69989990114329,"walk_back":51.69989990114329},"rail-007623":{"out":24.880569953093243,"back":24.880569953093243,"walk_out":82.93523317697748,"walk_back":82.93523317697748},"rail-007500":{"out":7.200932418360383,"back":7.200932418360383,"walk_out":24.003108061201274,"walk_back":24.003108061201274},"rail-007525":{"out":11.11718185815799,"back":11.11718185815799,"walk_out":37.05727286052663,"walk_back":37.05727286052663},"rail-007553":{"out":15.085598814311984,"back":15.085598814311984,"walk_out":50.28532938103994,"walk_back":50.28532938103994},"rail-007479":{"out":10.801275122823599,"back":10.801275122823599,"walk_out":36.004250409411995,"walk_back":36.004250409411995},"rail-007250":{"out":11.99650907358322,"back":11.99650907358322,"walk_out":39.98836357861073,"walk_back":39.98836357861073},"rail-007472":{"out":5.486485296458581,"back":5.486485296458581,"walk_out":18.288284321528604,"walk_back":18.288284321528604},"rail-007487":{"out":5.831084467722063,"back":5.831084467722063,"walk_out":19.43694822574021,"walk_back":19.43694822574021},"rail-007380":{"out":7.625960249037923,"back":7.625960249037923,"walk_out":25.419867496793074,"walk_back":25.419867496793074},"sakuranomiya":{"out":25.383862910084105,"back":25.383862910084105,"walk_out":84.61287636694702,"walk_back":84.61287636694702},"rail-007364":{"out":29.407868190478105,"back":29.407868190478105,"walk_out":98.02622730159369,"walk_back":98.02622730159369},"sakuragawa":{"out":12.592995994644497,"back":12.592995994644497,"walk_out":41.976653315481656,"walk_back":41.976653315481656},"morinomiya":{"out":16.579558368320015,"back":16.579558368320015,"walk_out":55.26519456106672,"walk_back":55.26519456106672},"rail-007303":{"out":12.42351554448943,"back":12.42351554448943,"walk_out":41.41171848163143,"walk_back":41.41171848163143},"rail-007587":{"out":19.48710509843107,"back":19.48710509843107,"walk_out":64.95701699477023,"walk_back":64.95701699477023},"rail-007639":{"out":29.327253796192476,"back":29.327253796192476,"walk_out":97.75751265397491,"walk_back":97.75751265397491},"rail-007350":{"out":26.610496745383628,"back":26.610496745383628,"walk_out":88.70165581794544,"walk_back":88.70165581794544},"rail-007345":{"out":23.76569331436086,"back":23.76569331436086,"walk_out":79.2189777145362,"walk_back":79.2189777145362},"rail-007470":{"out":5.877052713144966,"back":5.877052713144966,"walk_out":19.59017571048322,"walk_back":19.59017571048322},"rail-007442":{"out":10.196927605666492,"back":10.196927605666492,"walk_out":33.989758685554975,"walk_back":33.989758685554975},"rail-007641":{"out":28.312174673331445,"back":28.312174673331445,"walk_out":94.37391557777148,"walk_back":94.37391557777148},"rail-007630":{"out":27.200615511664612,"back":27.200615511664612,"walk_out":90.66871837221538,"walk_back":90.66871837221538},"rail-007102":{"out":25.151776460568495,"back":25.151776460568495,"walk_out":83.83925486856165,"walk_back":83.83925486856165},"yodoyabashi":{"out":19.368428798205635,"back":19.368428798205635,"walk_out":64.56142932735212,"walk_back":64.56142932735212},"rail-007097":{"out":27.020470388649763,"back":27.020470388649763,"walk_out":90.06823462883254,"walk_back":90.06823462883254},"fukaebashi":{"out":21.59848932614962,"back":21.59848932614962,"walk_out":71.99496442049873,"walk_back":71.99496442049873},"watanabebashi":{"out":20.976152907786332,"back":20.976152907786332,"walk_out":69.92050969262111,"walk_back":69.92050969262111},"rail-007533":{"out":13.231334184459145,"back":13.231334184459145,"walk_out":44.10444728153048,"walk_back":44.10444728153048},"rail-007154":{"out":22.133769712906396,"back":22.133769712906396,"walk_out":73.77923237635466,"walk_back":73.77923237635466},"rail-007260":{"out":13.676674335074054,"back":13.676674335074054,"walk_out":45.58891445024685,"walk_back":45.58891445024685},"rail-007519":{"out":10.28818784905585,"back":10.28818784905585,"walk_out":34.293959496852835,"walk_back":34.293959496852835},"rail-007590":{"out":20.59625621829408,"back":20.59625621829408,"walk_out":68.65418739431361,"walk_back":68.65418739431361},"rail-007564":{"out":15.469500396260024,"back":15.469500396260024,"walk_out":51.56500132086675,"walk_back":51.56500132086675},"fukushima":{"out":23.40471986379538,"back":23.40471986379538,"walk_out":78.01573287931794,"walk_back":78.01573287931794},"rail-007554":{"out":15.29276527100577,"back":15.29276527100577,"walk_out":50.97588423668589,"walk_back":50.97588423668589},"rail-007579":{"out":18.74886090302071,"back":18.74886090302071,"walk_out":62.496203010069024,"walk_back":62.496203010069024},"rail-007635":{"out":28.83419409850668,"back":28.83419409850668,"walk_out":96.1139803283556,"walk_back":96.1139803283556},"rail-007201":{"out":18.952757929138965,"back":18.952757929138965,"walk_out":63.175859763796545,"walk_back":63.175859763796545},"rail-007475":{"out":6.419766910085516,"back":6.419766910085516,"walk_out":21.399223033618387,"walk_back":21.399223033618387},"rail-007498":{"out":8.094347391996893,"back":8.094347391996893,"walk_out":26.981157973322976,"walk_back":26.981157973322976},"rail-007143":{"out":19.718421252802468,"back":19.718421252802468,"walk_out":65.7280708426749,"walk_back":65.7280708426749},"rail-007379":{"out":9.153837574670336,"back":9.153837574670336,"walk_out":30.512791915567785,"walk_back":30.512791915567785},"rail-007371":{"out":10.503970620904013,"back":10.503970620904013,"walk_out":35.013235403013375,"walk_back":35.013235403013375},"rail-007454":{"out":5.64624467822956,"back":5.64624467822956,"walk_out":18.820815594098534,"walk_back":18.820815594098534},"rail-007452":{"out":4.583332216406388,"back":4.583332216406388,"walk_out":15.277774054687963,"walk_back":15.277774054687963},"gamo4":{"out":26.716985450479893,"back":26.716985450479893,"walk_out":89.05661816826631,"walk_back":89.05661816826631},"rail-007477":{"out":21.00890683117633,"back":21.00890683117633,"walk_out":70.02968943725443,"walk_back":70.02968943725443},"nishikujo":{"out":22.183334957507995,"back":22.183334957507995,"walk_out":73.94444985835999,"walk_back":73.94444985835999},"rail-007249":{"out":13.570116080005603,"back":13.570116080005603,"walk_out":45.23372026668534,"walk_back":45.23372026668534},"rail-007476":{"out":9.14188216446164,"back":9.14188216446164,"walk_out":30.472940548205468,"walk_back":30.472940548205468},"rail-007540":{"out":12.06310622613971,"back":12.06310622613971,"walk_out":40.21035408713237,"walk_back":40.21035408713237},"rail-007246":{"out":14.30811903895183,"back":14.30811903895183,"walk_out":47.69373012983943,"walk_back":47.69373012983943},"tanimachi9":{"out":8.41607523869443,"back":8.41607523869443,"walk_out":28.053584128981434,"walk_back":28.053584128981434},"tanimachi6":{"out":12.055359127039942,"back":12.055359127039942,"walk_out":40.18453042346648,"walk_back":40.18453042346648},"tanimachi4":{"out":15.12032186118837,"back":15.12032186118837,"walk_out":50.40107287062789,"walk_back":50.40107287062789},"rail-007317":{"out":8.313691628361,"back":8.313691628361,"walk_out":27.712305427869996,"walk_back":27.712305427869996},"miyakojima":{"out":27.42492662886531,"back":27.42492662886531,"walk_out":91.4164220962177,"walk_back":91.4164220962177},"rail-007036":{"out":28.672839758514954,"back":28.672839758514954,"walk_out":95.57613252838317,"walk_back":95.57613252838317},"rail-007030":{"out":28.746052297399288,"back":28.746052297399288,"walk_out":95.8201743246643,"walk_back":95.8201743246643},"rail-007109":{"out":24.073182948006263,"back":24.073182948006263,"walk_out":80.24394316002088,"walk_back":80.24394316002088},"rail-007159":{"out":22.294959900397657,"back":22.294959900397657,"walk_out":74.31653300132552,"walk_back":74.31653300132552},"rail-007113":{"out":24.201169356308423,"back":24.201169356308423,"walk_out":80.67056452102807,"walk_back":80.67056452102807},"rail-007562":{"out":16.165030774053836,"back":16.165030774053836,"walk_out":53.883435913512784,"walk_back":53.883435913512784},"nagahoribashi":{"out":12.014746648896494,"back":12.014746648896494,"walk_out":40.04915549632165,"walk_back":40.04915549632165},"nagai":{"out":17.181685566685548,"back":17.181685566685548,"walk_out":57.272285222285156,"walk_back":57.272285222285156},"rail-007425":{"out":24.36274456104642,"back":24.36274456104642,"walk_out":81.20914853682139,"walk_back":81.20914853682139},"rail-007460":{"out":3.02742191417824,"back":3.02742191417824,"walk_out":10.091406380594133,"walk_back":10.091406380594133},"awaza":{"out":16.85838492247603,"back":16.85838492247603,"walk_out":56.19461640825343,"walk_back":56.19461640825343},"rail-007543":{"out":14.41055643159903,"back":14.41055643159903,"walk_out":48.0351881053301,"walk_back":48.0351881053301},"rail-007235":{"out":26.126847965999048,"back":26.126847965999048,"walk_out":87.08949321999683,"walk_back":87.08949321999683},"rail-007229":{"out":26.17213558001486,"back":26.17213558001486,"walk_out":87.24045193338286,"walk_back":87.24045193338286},"rail-007628":{"out":27.506031996291775,"back":27.506031996291775,"walk_out":91.68677332097258,"walk_back":91.68677332097258},"rail-007125":{"out":23.253915053491152,"back":23.253915053491152,"walk_out":77.51305017830384,"walk_back":77.51305017830384},"rail-007556":{"out":13.759974920516633,"back":13.759974920516633,"walk_out":45.86658306838878,"walk_back":45.86658306838878},"tsuruhashi":{"out":10.414023108690165,"back":10.414023108690165,"walk_out":34.71341036230055,"walk_back":34.71341036230055}}}},{"type":"Feature","geometry":{"type":"Point","coordinates":[135.43808674126123,34.666373367198766]},"properties":{"id":"osaka-info-11363","name":"ホテル ユニバーサル ポート 「ハロウィーンフェア」","venue":"■ディナービュッフェ『ゴーストキッチンフェア～秋のおいしい怪談～』ホテル ユニバーサル ポート 2階 ポートダイニング リコリコ■『ハロウィーンスイーツフェア』ホテル ユニバーサル ポート 1階 レックスカフェ■『ハロウィーンカクテルフェア』ホテル ユニバーサル ポート 1階 ラウンジR","address":"大阪市此花区桜島1-1-111","category":"季節","date":"2026-09-10","end_date":"2026-11-08","start":null,"end":null,"schedule":"【期間】2026年9月10日(木)～11月8日(日)【時間】■ディナービュッフェ『ゴーストキッチンフェア～秋のおいしい怪談～』17:30~21:30（最終入店は21:00）ワンプレートビュッフェ20:30～21:30(最終入店21:20)■『ハロウィーンスイーツフェア』11:00~22:00■『ハロウィーンカクテルフェア』11:00~22:00","url":"https://osaka-info.jp/event/universalport-halloween2026/","source":"OSAKA-INFO（大阪観光局）","source_category":"季節","source_updated":"2026-09-11","fetched_at":"2026-09-13T05:27:23.764Z","coordinate_source":"https://osaka-info.jp/event/universalport-halloween2026/","fictional":false,"access":{"naniwabashi":{"out":28.04559924863818,"back":28.04559924863818,"walk_out":93.48533082879393,"walk_back":93.48533082879393},"namba":{"out":22.74690014341708,"back":22.74690014341708,"walk_out":75.82300047805694,"walk_back":75.82300047805694},"rail-007464":{"out":14.198948944524783,"back":14.198948944524783,"walk_out":47.32982981508261,"walk_back":47.32982981508261},"rail-007473":{"out":15.592350969874401,"back":15.592350969874401,"walk_out":51.97450323291468,"walk_back":51.97450323291468},"rail-007283":{"out":14.979970597282636,"back":14.979970597282636,"walk_out":49.93323532427545,"walk_back":49.93323532427545},"rail-007280":{"out":15.223835590418496,"back":15.223835590418496,"walk_out":50.746118634728326,"walk_back":50.746118634728326},"rail-007552":{"out":20.971267952450336,"back":20.971267952450336,"walk_out":69.90422650816778,"walk_back":69.90422650816778},"rail-007507":{"out":16.13119166287135,"back":16.13119166287135,"walk_out":53.770638876237825,"walk_back":53.770638876237825},"rail-007506":{"out":16.756522619637853,"back":16.756522619637853,"walk_out":55.85507539879284,"walk_back":55.85507539879284},"rail-007300":{"out":0.6753837951492316,"back":0.6753837951492316,"walk_out":2.2512793171641055,"walk_back":2.2512793171641055},"rail-007494":{"out":16.32382698932222,"back":16.32382698932222,"walk_out":54.41275663107407,"walk_back":54.41275663107407},"nakanoshima":{"out":21.418383989737677,"back":21.418383989737677,"walk_out":71.3946132991256,"walk_back":71.3946132991256},"rail-007016":{"out":27.76253884806835,"back":27.76253884806835,"walk_out":92.54179616022783,"walk_back":92.54179616022783},"kujo":{"out":13.668411103835949,"back":13.668411103835949,"walk_out":45.56137034611983,"walk_back":45.56137034611983},"rail-007407":{"out":20.7072568868521,"back":20.7072568868521,"walk_out":69.02418962284032,"walk_back":69.02418962284032},"rail-007402":{"out":23.76339429465686,"back":23.76339429465686,"walk_out":79.21131431552286,"walk_back":79.21131431552286},"rail-007450":{"out":25.231982947744786,"back":25.231982947744786,"walk_out":84.10660982581595,"walk_back":84.10660982581595},"rail-007459":{"out":25.497811034564474,"back":25.497811034564474,"walk_out":84.99270344854824,"walk_back":84.99270344854824},"rail-007156":{"out":11.321677081105559,"back":11.321677081105559,"walk_out":37.7389236036852,"walk_back":37.7389236036852},"rail-007580":{"out":28.61000988793049,"back":28.61000988793049,"walk_out":95.36669962643496,"walk_back":95.36669962643496},"rail-006987":{"out":26.12440755291165,"back":26.12440755291165,"walk_out":87.0813585097055,"walk_back":87.0813585097055},"rail-007037":{"out":18.195685812487664,"back":18.195685812487664,"walk_out":60.652286041625544,"walk_back":60.652286041625544},"rail-006935":{"out":27.89585908133384,"back":27.89585908133384,"walk_out":92.98619693777947,"walk_back":92.98619693777947},"dobutsuen":{"out":25.234336855542903,"back":25.234336855542903,"walk_out":84.11445618514301,"walk_back":84.11445618514301},"rail-007544":{"out":25.10059373547295,"back":25.10059373547295,"walk_out":83.66864578490983,"walk_back":83.66864578490983},"rail-007485":{"out":26.36730381633055,"back":26.36730381633055,"walk_out":87.89101272110184,"walk_back":87.89101272110184},"rail-007085":{"out":25.842987336458656,"back":25.842987336458656,"walk_out":86.14329112152885,"walk_back":86.14329112152885},"kitahama":{"out":27.770942600761288,"back":27.770942600761288,"walk_out":92.56980866920429,"walk_back":92.56980866920429},"juso":{"out":28.865303172165792,"back":28.865303172165792,"walk_out":96.21767724055263,"walk_back":96.21767724055263},"rail-007014":{"out":20.57940236824848,"back":20.57940236824848,"walk_out":68.5980078941616,"walk_back":68.5980078941616},"rail-007177":{"out":11.101293419045914,"back":11.101293419045914,"walk_out":37.004311396819716,"walk_back":37.004311396819716},"rail-007570":{"out":23.547810460650663,"back":23.547810460650663,"walk_out":78.4927015355022,"walk_back":78.4927015355022},"rail-007571":{"out":23.383754928329186,"back":23.383754928329186,"walk_out":77.94584976109729,"walk_back":77.94584976109729},"rail-007268":{"out":21.719828692971173,"back":21.719828692971173,"walk_out":72.39942897657058,"walk_back":72.39942897657058},"rail-007382":{"out":28.064166806804085,"back":28.064166806804085,"walk_out":93.54722268934695,"walk_back":93.54722268934695},"rail-007190":{"out":26.16835570492948,"back":26.16835570492948,"walk_out":87.22785234976493,"walk_back":87.22785234976493},"rail-007009":{"out":23.497302944947435,"back":23.497302944947435,"walk_out":78.32434314982478,"walk_back":78.32434314982478},"rail-007534":{"out":28.1154959301582,"back":28.1154959301582,"walk_out":93.718319767194,"walk_back":93.718319767194},"rail-010188":{"out":18.983139640526726,"back":18.983139640526726,"walk_out":63.27713213508909,"walk_back":63.27713213508909},"rail-007395":{"out":22.32242671444195,"back":22.32242671444195,"walk_out":74.40808904813983,"walk_back":74.40808904813983},"taisho":{"out":15.335796678507704,"back":15.335796678507704,"walk_out":51.11932226169235,"walk_back":51.11932226169235},"oe_bridge":{"out":26.15261454502485,"back":26.15261454502485,"walk_out":87.17538181674949,"walk_back":87.17538181674949},"rail-006996":{"out":22.70954999422576,"back":22.70954999422576,"walk_out":75.69849998075253,"walk_back":75.69849998075253},"osaka":{"out":26.460189733657117,"back":26.460189733657117,"walk_out":88.20063244552372,"walk_back":88.20063244552372},"osakako":{"out":5.732067894466307,"back":5.732067894466307,"walk_out":19.106892981554356,"walk_back":19.106892981554356},"rail-007451":{"out":29.44438024075197,"back":29.44438024075197,"walk_out":98.14793413583989,"walk_back":98.14793413583989},"rail-007483":{"out":25.189851537334807,"back":25.189851537334807,"walk_out":83.96617179111603,"walk_back":83.96617179111603},"tennoji":{"out":29.360467084830088,"back":29.360467084830088,"walk_out":97.8682236161003,"walk_back":97.8682236161003},"rail-007447":{"out":28.836896797153457,"back":28.836896797153457,"walk_out":96.12298932384485,"walk_back":96.12298932384485},"rail-007515":{"out":27.373619889820706,"back":27.373619889820706,"walk_out":91.24539963273568,"walk_back":91.24539963273568},"rail-007057":{"out":18.422114600446363,"back":18.422114600446363,"walk_out":61.407048668154545,"walk_back":61.407048668154545},"rail-007275":{"out":3.7684825499010306,"back":3.7684825499010306,"walk_out":12.5616084996701,"walk_back":12.5616084996701},"amagasaki":{"out":29.2161074492194,"back":29.2161074492194,"walk_out":97.38702483073133,"walk_back":97.38702483073133},"hanshin_amagasaki":{"out":24.401858196968416,"back":24.401858196968416,"walk_out":81.33952732322805,"walk_back":81.33952732322805},"rail-006988":{"out":27.757865929672423,"back":27.757865929672423,"walk_out":92.52621976557474,"walk_back":92.52621976557474},"rail-007493":{"out":24.906433496675394,"back":24.906433496675394,"walk_out":83.02144498891798,"walk_back":83.02144498891798},"rail-007517":{"out":27.06505271364077,"back":27.06505271364077,"walk_out":90.21684237880257,"walk_back":90.21684237880257},"rail-007538":{"out":29.60868154046375,"back":29.60868154046375,"walk_out":98.69560513487916,"walk_back":98.69560513487916},"rail-007575":{"out":25.914648569101555,"back":25.914648569101555,"walk_out":86.38216189700519,"walk_back":86.38216189700519},"bentencho":{"out":8.890185053859858,"back":8.890185053859858,"walk_out":29.63395017953286,"walk_back":29.63395017953286},"rail-007011":{"out":21.57664816294915,"back":21.57664816294915,"walk_out":71.92216054316384,"walk_back":71.92216054316384},"shinsaibashi":{"out":23.052462921350468,"back":23.052462921350468,"walk_out":76.84154307116823,"walk_back":76.84154307116823},"rail-007399":{"out":25.105990396320415,"back":25.105990396320415,"walk_out":83.68663465440139,"walk_back":83.68663465440139},"shinimamiya":{"out":24.4303029075646,"back":24.4303029075646,"walk_out":81.43434302521533,"walk_back":81.43434302521533},"rail-007427":{"out":25.03357483105846,"back":25.03357483105846,"walk_out":83.44524943686153,"walk_back":83.44524943686153},"rail-007104":{"out":21.498814382089176,"back":21.498814382089176,"walk_out":71.66271460696392,"walk_back":71.66271460696392},"nipponbashi":{"out":24.900788961278433,"back":24.900788961278433,"walk_out":83.0026298709281,"walk_back":83.0026298709281},"rail-007370":{"out":4.61341618510096,"back":4.61341618510096,"walk_out":15.378053950336533,"walk_back":15.378053950336533},"rail-007406":{"out":17.270319084097313,"back":17.270319084097313,"walk_out":57.567730280324376,"walk_back":57.567730280324376},"hommachi":{"out":23.37536176216756,"back":23.37536176216756,"walk_out":77.91787254055853,"walk_back":77.91787254055853},"rail-006986":{"out":23.1014110236014,"back":23.1014110236014,"walk_out":77.00470341200466,"walk_back":77.00470341200466},"rail-007500":{"out":29.84154700752256,"back":29.84154700752256,"walk_out":99.47182335840853,"walk_back":99.47182335840853},"rail-007525":{"out":27.520685886782807,"back":27.520685886782807,"walk_out":91.73561962260936,"walk_back":91.73561962260936},"rail-007553":{"out":29.262612568996516,"back":29.262612568996516,"walk_out":97.54204189665506,"walk_back":97.54204189665506},"rail-007010":{"out":29.824969271015974,"back":29.824969271015974,"walk_out":99.4165642367199,"walk_back":99.4165642367199},"rail-007250":{"out":27.526610675084317,"back":27.526610675084317,"walk_out":91.75536891694773,"walk_back":91.75536891694773},"rail-007472":{"out":25.91933389716425,"back":25.91933389716425,"walk_out":86.39777965721417,"walk_back":86.39777965721417},"rail-007487":{"out":29.63285715504622,"back":29.63285715504622,"walk_out":98.77619051682073,"walk_back":98.77619051682073},"rail-007364":{"out":2.7775006353474123,"back":2.7775006353474123,"walk_out":9.258335451158041,"walk_back":9.258335451158041},"sakuragawa":{"out":17.742954650306405,"back":17.742954650306405,"walk_out":59.14318216768802,"walk_back":59.14318216768802},"rail-007052":{"out":28.79223049575684,"back":28.79223049575684,"walk_out":95.97410165252279,"walk_back":95.97410165252279},"rail-007303":{"out":17.618630140773842,"back":17.618630140773842,"walk_out":58.728767135912804,"walk_back":58.728767135912804},"rail-007442":{"out":18.61316714768121,"back":18.61316714768121,"walk_out":62.043890492270705,"walk_back":62.043890492270705},"rail-007031":{"out":29.03486468685655,"back":29.03486468685655,"walk_out":96.78288228952184,"walk_back":96.78288228952184},"rail-007102":{"out":18.228911076284525,"back":18.228911076284525,"walk_out":60.76303692094842,"walk_back":60.76303692094842},"yodoyabashi":{"out":25.527634774694153,"back":25.527634774694153,"walk_out":85.09211591564718,"walk_back":85.09211591564718},"rail-007097":{"out":16.562479276444385,"back":16.562479276444385,"walk_out":55.208264254814615,"walk_back":55.208264254814615},"watanabebashi":{"out":24.46845676193752,"back":24.46845676193752,"walk_out":81.56152253979174,"walk_back":81.56152253979174},"rail-007533":{"out":26.860126006093996,"back":26.860126006093996,"walk_out":89.53375335364666,"walk_back":89.53375335364666},"rail-007154":{"out":17.325866527324603,"back":17.325866527324603,"walk_out":57.752888424415346,"walk_back":57.752888424415346},"rail-007077":{"out":14.975442674567445,"back":14.975442674567445,"walk_out":49.91814224855815,"walk_back":49.91814224855815},"fukushima":{"out":22.41287420759879,"back":22.41287420759879,"walk_out":74.70958069199597,"walk_back":74.70958069199597},"rail-007554":{"out":29.08264079607074,"back":29.08264079607074,"walk_out":96.94213598690247,"walk_back":96.94213598690247},"rail-007498":{"out":26.905283750699382,"back":26.905283750699382,"walk_out":89.68427916899795,"walk_back":89.68427916899795},"rail-007143":{"out":24.009695022366373,"back":24.009695022366373,"walk_out":80.03231674122124,"walk_back":80.03231674122124},"rail-007379":{"out":19.014613555255153,"back":19.014613555255153,"walk_out":63.38204518418385,"walk_back":63.38204518418385},"rail-007371":{"out":17.82706650140975,"back":17.82706650140975,"walk_out":59.42355500469916,"walk_back":59.42355500469916},"rail-007454":{"out":23.553197532557014,"back":23.553197532557014,"walk_out":78.51065844185672,"walk_back":78.51065844185672},"rail-007452":{"out":24.144209177225065,"back":24.144209177225065,"walk_out":80.48069725741688,"walk_back":80.48069725741688},"nishikujo":{"out":12.834845168269364,"back":12.834845168269364,"walk_out":42.78281722756454,"walk_back":42.78281722756454},"rail-007249":{"out":20.754705272543237,"back":20.754705272543237,"walk_out":69.18235090847746,"walk_back":69.18235090847746},"rail-007476":{"out":22.41669930024025,"back":22.41669930024025,"walk_out":74.72233100080084,"walk_back":74.72233100080084},"rail-007246":{"out":18.20967576869322,"back":18.20967576869322,"walk_out":60.6989192289774,"walk_back":60.6989192289774},"tanimachi9":{"out":28.443642829524787,"back":28.443642829524787,"walk_out":94.81214276508263,"walk_back":94.81214276508263},"tanimachi6":{"out":29.15808339359127,"back":29.15808339359127,"walk_out":97.1936113119709,"walk_back":97.1936113119709},"tanimachi4":{"out":29.818075049940106,"back":29.818075049940106,"walk_out":99.39358349980036,"walk_back":99.39358349980036},"rail-007317":{"out":24.92904629643669,"back":24.92904629643669,"walk_out":83.0968209881223,"walk_back":83.0968209881223},"rail-007109":{"out":18.66281760198208,"back":18.66281760198208,"walk_out":62.20939200660694,"walk_back":62.20939200660694},"rail-007159":{"out":16.802073510111175,"back":16.802073510111175,"walk_out":56.00691170037059,"walk_back":56.00691170037059},"rail-007113":{"out":18.255299092370088,"back":18.255299092370088,"walk_out":60.850996974566954,"walk_back":60.850996974566954},"nagahoribashi":{"out":25.332078978868882,"back":25.332078978868882,"walk_out":84.44026326289627,"walk_back":84.44026326289627},"rail-007460":{"out":29.105498256336695,"back":29.105498256336695,"walk_out":97.01832752112232,"walk_back":97.01832752112232},"awaza":{"out":19.408419549825908,"back":19.408419549825908,"walk_out":64.69473183275302,"walk_back":64.69473183275302}}}},{"type":"Feature","geometry":{"type":"Point","coordinates":[135.63921092683591,34.806200996649565]},"properties":{"id":"osaka-info-11369","name":"ひらかたパーク内 戦慄迷宮：迷 怪異覚醒","venue":"ひらかたパーク","address":"大阪府枚方市枚方公園町1-1","category":"その他","date":"2026-07-18","end_date":"2027-02-28","start":null,"end":null,"schedule":"【期間】2026年7月18日(土)～2027年2月28日(日)【時間】10:00～17:00 ※営業時間・休園日は施設に準じます。詳細はひらかたパーク公式HPよりご確認ください。","url":"https://osaka-info.jp/event/kaiikakusei-hirakatapark/","source":"OSAKA-INFO（大阪観光局）","source_category":"その他","source_updated":"2026-09-10","fetched_at":"2026-09-13T05:27:23.764Z","coordinate_source":"https://osaka-info.jp/event/kaiikakusei-hirakatapark/","fictional":false,"access":{"rail-006498":{"out":24.56533487033626,"back":24.56533487033626,"walk_out":81.88444956778754,"walk_back":81.88444956778754},"rail-006692":{"out":15.831018681266771,"back":15.831018681266771,"walk_out":52.770062270889234,"walk_back":52.770062270889234},"rail-006642":{"out":4.999829545208551,"back":4.999829545208551,"walk_out":16.666098484028506,"walk_back":16.666098484028506},"rail-006612":{"out":27.157759303378505,"back":27.157759303378505,"walk_out":90.52586434459502,"walk_back":90.52586434459502},"rail-006572":{"out":7.1968915311555826,"back":7.1968915311555826,"walk_out":23.989638437185274,"walk_back":23.989638437185274},"rail-006475":{"out":21.31201108142058,"back":21.31201108142058,"walk_out":71.0400369380686,"walk_back":71.0400369380686},"rail-006813":{"out":23.132619851246922,"back":23.132619851246922,"walk_out":77.10873283748974,"walk_back":77.10873283748974},"neyagawa":{"out":19.956893534582434,"back":19.956893534582434,"walk_out":66.52297844860811,"walk_back":66.52297844860811},"rail-006495":{"out":11.552821972426274,"back":11.552821972426274,"walk_out":38.509406574754244,"walk_back":38.509406574754244},"rail-006855":{"out":27.021517399929664,"back":27.021517399929664,"walk_out":90.0717246664322,"walk_back":90.0717246664322},"rail-006467":{"out":21.833160339611048,"back":21.833160339611048,"walk_out":72.77720113203682,"walk_back":72.77720113203682},"rail-006597":{"out":7.553758053924174,"back":7.553758053924174,"walk_out":25.179193513080577,"walk_back":25.179193513080577},"rail-006756":{"out":19.415710950970702,"back":19.415710950970702,"walk_out":64.71903650323567,"walk_back":64.71903650323567},"rail-006620":{"out":9.326557239288501,"back":9.326557239288501,"walk_out":31.088524130961673,"walk_back":31.088524130961673},"rail-006580":{"out":2.4147194415169277,"back":2.4147194415169277,"walk_out":8.049064805056426,"walk_back":8.049064805056426},"hirakata":{"out":5.656507590283118,"back":5.656507590283118,"walk_out":18.855025300943726,"walk_back":18.855025300943726},"kuzuha":{"out":28.11329384372143,"back":28.11329384372143,"walk_out":93.71097947907143,"walk_back":93.71097947907143},"rail-006662":{"out":27.296991963088615,"back":27.296991963088615,"walk_out":90.98997321029539,"walk_back":90.98997321029539},"rail-006733":{"out":22.25103773818548,"back":22.25103773818548,"walk_out":74.1701257939516,"walk_back":74.1701257939516},"rail-006723":{"out":21.208862787965703,"back":21.208862787965703,"walk_out":70.69620929321901,"walk_back":70.69620929321901},"rail-006623":{"out":21.56700326951676,"back":21.56700326951676,"walk_out":71.8900108983892,"walk_back":71.8900108983892},"rail-006455":{"out":19.302955597370804,"back":19.302955597370804,"walk_out":64.34318532456935,"walk_back":64.34318532456935},"rail-006753":{"out":24.360973107493326,"back":24.360973107493326,"walk_out":81.20324369164442,"walk_back":81.20324369164442},"rail-006508":{"out":21.95103136950939,"back":21.95103136950939,"walk_out":73.1701045650313,"walk_back":73.1701045650313},"ibaraki":{"out":28.44681713241419,"back":28.44681713241419,"walk_out":94.82272377471396,"walk_back":94.82272377471396},"ibaraki_shi":{"out":23.64817426325723,"back":23.64817426325723,"walk_out":78.82724754419075,"walk_back":78.82724754419075},"rail-006845":{"out":28.039871152323872,"back":28.039871152323872,"walk_out":93.46623717441291,"walk_back":93.46623717441291},"rail-006569":{"out":23.49112340974264,"back":23.49112340974264,"walk_out":78.30374469914214,"walk_back":78.30374469914214},"rail-006658":{"out":12.363954004823299,"back":12.363954004823299,"walk_out":41.213180016077665,"walk_back":41.213180016077665},"rail-006516":{"out":28.348521393011772,"back":28.348521393011772,"walk_out":94.49507131003924,"walk_back":94.49507131003924},"rail-006699":{"out":10.088423839090138,"back":10.088423839090138,"walk_out":33.628079463633796,"walk_back":33.628079463633796},"takatsuki":{"out":21.598599725189178,"back":21.598599725189178,"walk_out":71.99533241729726,"walk_back":71.99533241729726},"takatsuki_shi":{"out":20.270362394678617,"back":20.270362394678617,"walk_out":67.56787464892872,"walk_back":67.56787464892872}}}},{"type":"Feature","geometry":{"type":"Point","coordinates":[135.47028722603085,34.57597569413283]},"properties":{"id":"osaka-info-11340","name":"映画「平行と垂直」 衣装展示会・SNSキャンペーン・ コラボ和菓子での立礼茶席を実施","venue":"さかい利晶の杜","address":"堺市堺区宿院町西2丁1-1","category":"アート","date":"2026-08-11","end_date":"2026-09-30","start":null,"end":null,"schedule":"【期間】2026年8月11日(火･祝)～9月30日(水) ※イベントにより異なります【休館日】さかい利晶の杜：第3火曜日(祝日の場合は翌日)","url":"https://osaka-info.jp/event/rishonomori-heikoutosuichoku/","source":"OSAKA-INFO（大阪観光局）","source_category":"展覧会 / 特別公開","source_updated":"2026-09-10","fetched_at":"2026-09-13T05:27:23.764Z","coordinate_source":"https://osaka-info.jp/event/rishonomori-heikoutosuichoku/","fictional":false,"access":{"rail-007552":{"out":23.211410181258685,"back":23.211410181258685,"walk_out":77.37136727086228,"walk_back":77.37136727086228},"rail-007507":{"out":28.714937802206187,"back":28.714937802206187,"walk_out":95.71645934068728,"walk_back":95.71645934068728},"rail-007506":{"out":29.99178983188009,"back":29.99178983188009,"walk_out":99.97263277293364,"walk_back":99.97263277293364},"rail-007626":{"out":8.125476085415723,"back":8.125476085415723,"walk_out":27.08492028471908,"walk_back":27.08492028471908},"rail-007693":{"out":9.311633209003714,"back":9.311633209003714,"walk_out":31.038777363345712,"walk_back":31.038777363345712},"rail-007735":{"out":12.158839280830431,"back":12.158839280830431,"walk_out":40.52946426943477,"walk_back":40.52946426943477},"nakamozu":{"out":15.81302630125304,"back":15.81302630125304,"walk_out":52.710087670843464,"walk_back":52.710087670843464},"rail-007779":{"out":24.321348056924464,"back":24.321348056924464,"walk_out":81.07116018974821,"walk_back":81.07116018974821},"rail-007593":{"out":14.402165674240171,"back":14.402165674240171,"walk_out":48.0072189141339,"walk_back":48.0072189141339},"rail-007580":{"out":14.664982587590956,"back":14.664982587590956,"walk_out":48.88327529196985,"walk_back":48.88327529196985},"rail-007567":{"out":18.623449780641888,"back":18.623449780641888,"walk_out":62.07816593547296,"walk_back":62.07816593547296},"rail-007573":{"out":17.836044779151358,"back":17.836044779151358,"walk_out":59.453482597171195,"walk_back":59.453482597171195},"rail-007572":{"out":19.40145558652556,"back":19.40145558652556,"walk_out":64.67151862175187,"walk_back":64.67151862175187},"rail-007574":{"out":17.977431495936404,"back":17.977431495936404,"walk_out":59.92477165312135,"walk_back":59.92477165312135},"rail-007747":{"out":25.48021001979684,"back":25.48021001979684,"walk_out":84.9340333993228,"walk_back":84.9340333993228},"rail-007544":{"out":20.428701654309176,"back":20.428701654309176,"walk_out":68.0956721810306,"walk_back":68.0956721810306},"rail-007485":{"out":28.985891062108774,"back":28.985891062108774,"walk_out":96.61963687369591,"walk_back":96.61963687369591},"rail-007522":{"out":26.213983210122546,"back":26.213983210122546,"walk_out":87.37994403374182,"walk_back":87.37994403374182},"rail-007647":{"out":17.132130740460696,"back":17.132130740460696,"walk_out":57.107102468202314,"walk_back":57.107102468202314},"rail-007570":{"out":19.058375611878954,"back":19.058375611878954,"walk_out":63.52791870626318,"walk_back":63.52791870626318},"rail-007571":{"out":20.494469368722182,"back":20.494469368722182,"walk_out":68.3148978957406,"walk_back":68.3148978957406},"rail-007531":{"out":28.79935796986563,"back":28.79935796986563,"walk_out":95.9978598995521,"walk_back":95.9978598995521},"rail-007649":{"out":2.6646184180096526,"back":2.6646184180096526,"walk_out":8.88206139336551,"walk_back":8.88206139336551},"rail-007660":{"out":10.419955122318475,"back":10.419955122318475,"walk_out":34.73318374106158,"walk_back":34.73318374106158},"rail-007667":{"out":5.39938019487984,"back":5.39938019487984,"walk_out":17.9979339829328,"walk_back":17.9979339829328},"rail-007534":{"out":22.95959026688796,"back":22.95959026688796,"walk_out":76.53196755629321,"walk_back":76.53196755629321},"rail-007622":{"out":10.266631353547199,"back":10.266631353547199,"walk_out":34.222104511824,"walk_back":34.222104511824},"rail-007654":{"out":2.089370930832019,"back":2.089370930832019,"walk_out":6.964569769440065,"walk_back":6.964569769440065},"rail-007483":{"out":28.861897386319495,"back":28.861897386319495,"walk_out":96.20632462106498,"walk_back":96.20632462106498},"rail-007515":{"out":25.708475873962023,"back":25.708475873962023,"walk_out":85.6949195798734,"walk_back":85.6949195798734},"rail-007646":{"out":4.61578138118626,"back":4.61578138118626,"walk_out":15.385937937287531,"walk_back":15.385937937287531},"rail-007532":{"out":24.558040692999498,"back":24.558040692999498,"walk_out":81.86013564333166,"walk_back":81.86013564333166},"rail-007592":{"out":14.985111501320382,"back":14.985111501320382,"walk_out":49.95037167106794,"walk_back":49.95037167106794},"rail-007666":{"out":0.6598236545050185,"back":0.6598236545050185,"walk_out":2.1994121816833947,"walk_back":2.1994121816833947},"rail-007791":{"out":24.780862349497994,"back":24.780862349497994,"walk_out":82.60287449832664,"walk_back":82.60287449832664},"rail-007673":{"out":1.0954126028611713,"back":1.0954126028611713,"walk_out":3.651375342870571,"walk_back":3.651375342870571},"rail-007493":{"out":27.290125828120427,"back":27.290125828120427,"walk_out":90.96708609373476,"walk_back":90.96708609373476},"rail-007517":{"out":25.27154440838053,"back":25.27154440838053,"walk_out":84.23848136126844,"walk_back":84.23848136126844},"rail-007657":{"out":25.32938796397197,"back":25.32938796397197,"walk_out":84.43129321323991,"walk_back":84.43129321323991},"rail-007538":{"out":22.88452664811034,"back":22.88452664811034,"walk_out":76.28175549370114,"walk_back":76.28175549370114},"rail-007547":{"out":22.7514719046619,"back":22.7514719046619,"walk_out":75.83823968220634,"walk_back":75.83823968220634},"rail-007559":{"out":21.29280946167506,"back":21.29280946167506,"walk_out":70.97603153891687,"walk_back":70.97603153891687},"rail-007575":{"out":15.986452099846204,"back":15.986452099846204,"walk_out":53.28817366615401,"walk_back":53.28817366615401},"rail-007682":{"out":2.666284425708172,"back":2.666284425708172,"walk_out":8.887614752360573,"walk_back":8.887614752360573},"rail-007611":{"out":18.63487039949765,"back":18.63487039949765,"walk_out":62.11623466499216,"walk_back":62.11623466499216},"rail-007609":{"out":14.469504296023656,"back":14.469504296023656,"walk_out":48.231680986745516,"walk_back":48.231680986745516},"rail-007595":{"out":17.83369163603856,"back":17.83369163603856,"walk_out":59.44563878679519,"walk_back":59.44563878679519},"rail-007607":{"out":12.751850504013042,"back":12.751850504013042,"walk_out":42.50616834671014,"walk_back":42.50616834671014},"rail-007690":{"out":16.833500143014007,"back":16.833500143014007,"walk_out":56.111667143380025,"walk_back":56.111667143380025},"rail-007623":{"out":14.180003903834223,"back":14.180003903834223,"walk_out":47.26667967944741,"walk_back":47.26667967944741},"rail-007500":{"out":28.771195250929356,"back":28.771195250929356,"walk_out":95.90398416976453,"walk_back":95.90398416976453},"rail-007699":{"out":5.688893947900554,"back":5.688893947900554,"walk_out":18.96297982633518,"walk_back":18.96297982633518},"rail-007525":{"out":24.50711654824753,"back":24.50711654824753,"walk_out":81.69038849415844,"walk_back":81.69038849415844},"rail-007553":{"out":20.49117101548083,"back":20.49117101548083,"walk_out":68.30390338493609,"walk_back":68.30390338493609},"rail-007762":{"out":20.819663452257576,"back":20.819663452257576,"walk_out":69.39887817419192,"walk_back":69.39887817419192},"rail-007587":{"out":16.64305643880814,"back":16.64305643880814,"walk_out":55.47685479602714,"walk_back":55.47685479602714},"rail-007639":{"out":24.299058517163783,"back":24.299058517163783,"walk_out":80.99686172387928,"walk_back":80.99686172387928},"rail-007746":{"out":15.005747778542084,"back":15.005747778542084,"walk_out":50.01915926180694,"walk_back":50.01915926180694},"rail-007641":{"out":12.498998409814192,"back":12.498998409814192,"walk_out":41.66332803271397,"walk_back":41.66332803271397},"rail-007630":{"out":9.749528017293317,"back":9.749528017293317,"walk_out":32.49842672431106,"walk_back":32.49842672431106},"rail-007751":{"out":18.033336070383754,"back":18.033336070383754,"walk_out":60.111120234612514,"walk_back":60.111120234612514},"rail-007748":{"out":18.17917353102269,"back":18.17917353102269,"walk_out":60.59724510340898,"walk_back":60.59724510340898},"rail-007776":{"out":22.617721445569778,"back":22.617721445569778,"walk_out":75.39240481856594,"walk_back":75.39240481856594},"rail-007683":{"out":4.428054748499768,"back":4.428054748499768,"walk_out":14.760182494999228,"walk_back":14.760182494999228},"rail-007533":{"out":22.64036659710393,"back":22.64036659710393,"walk_out":75.4678886570131,"walk_back":75.4678886570131},"rail-007733":{"out":19.521162509859597,"back":19.521162509859597,"walk_out":65.07054169953199,"walk_back":65.07054169953199},"rail-007709":{"out":10.383635623827209,"back":10.383635623827209,"walk_out":34.612118746090694,"walk_back":34.612118746090694},"rail-007704":{"out":12.293883641579603,"back":12.293883641579603,"walk_out":40.979612138598675,"walk_back":40.979612138598675},"rail-007590":{"out":26.527950570742124,"back":26.527950570742124,"walk_out":88.42650190247375,"walk_back":88.42650190247375},"rail-007714":{"out":10.721963802070153,"back":10.721963802070153,"walk_out":35.73987934023384,"walk_back":35.73987934023384},"rail-007706":{"out":8.055494438185987,"back":8.055494438185987,"walk_out":26.85164812728662,"walk_back":26.85164812728662},"rail-007707":{"out":9.679030199988413,"back":9.679030199988413,"walk_out":32.26343399996137,"walk_back":32.26343399996137},"rail-007564":{"out":20.199736169639948,"back":20.199736169639948,"walk_out":67.33245389879983,"walk_back":67.33245389879983},"rail-007640":{"out":5.6495607970686885,"back":5.6495607970686885,"walk_out":18.831869323562294,"walk_back":18.831869323562294},"rail-007554":{"out":20.303233934624718,"back":20.303233934624718,"walk_out":67.67744644874907,"walk_back":67.67744644874907},"rail-007579":{"out":16.83859695152381,"back":16.83859695152381,"walk_out":56.12865650507937,"walk_back":56.12865650507937},"rail-007635":{"out":7.110522867987458,"back":7.110522867987458,"walk_out":23.701742893291527,"walk_back":23.701742893291527},"rail-007764":{"out":21.282491041434234,"back":21.282491041434234,"walk_out":70.94163680478077,"walk_back":70.94163680478077},"rail-007498":{"out":27.542702127640858,"back":27.542702127640858,"walk_out":91.8090070921362,"walk_back":91.8090070921362},"rail-007734":{"out":13.633975462789909,"back":13.633975462789909,"walk_out":45.446584875966366,"walk_back":45.446584875966366},"rail-007650":{"out":3.543599959464332,"back":3.543599959464332,"walk_out":11.811999864881107,"walk_back":11.811999864881107},"rail-007760":{"out":29.356469301860617,"back":29.356469301860617,"walk_out":97.85489767286872,"walk_back":97.85489767286872},"rail-007476":{"out":28.695187020550858,"back":28.695187020550858,"walk_out":95.6506234018362,"walk_back":95.6506234018362},"rail-007540":{"out":26.130197898009087,"back":26.130197898009087,"walk_out":87.10065966003029,"walk_back":87.10065966003029},"rail-007729":{"out":13.239993235054774,"back":13.239993235054774,"walk_out":44.13331078351591,"walk_back":44.13331078351591},"rail-007562":{"out":29.355188809858056,"back":29.355188809858056,"walk_out":97.85062936619352,"walk_back":97.85062936619352},"nagai":{"out":21.973580775130795,"back":21.973580775130795,"walk_out":73.24526925043598,"walk_back":73.24526925043598},"rail-007781":{"out":25.77611999020149,"back":25.77611999020149,"walk_out":85.9203999673383,"walk_back":85.9203999673383},"rail-007794":{"out":27.85704395434651,"back":27.85704395434651,"walk_out":92.85681318115503,"walk_back":92.85681318115503},"rail-007669":{"out":27.73180869290323,"back":27.73180869290323,"walk_out":92.43936230967742,"walk_back":92.43936230967742},"rail-007628":{"out":8.461161219190934,"back":8.461161219190934,"walk_out":28.20387073063645,"walk_back":28.20387073063645},"rail-007773":{"out":20.06503360078123,"back":20.06503360078123,"walk_out":66.88344533593744,"walk_back":66.88344533593744},"rail-007556":{"out":25.368337732278526,"back":25.368337732278526,"walk_out":84.56112577426175,"walk_back":84.56112577426175}}}},{"type":"Feature","geometry":{"type":"Point","coordinates":[135.4823636482298,34.55864468699248]},"properties":{"id":"osaka-info-11365","name":"おおさか堺バルーン夜間運行 ・サンクスランタン・日本庭園「観月の灯」","venue":"① おおさか堺バルーン 夜間運行：大仙公園内② 大仙公園サンクスランタン2026：大仙公園・大芝生広場③ 大仙公園日本庭園 夜間特別開園「観月の灯」：大仙公園日本庭園","address":"大阪府堺市堺区百舌鳥夕雲町2丁(大仙公園内)","category":"季節","date":"2026-09-19","end_date":"2026-09-22","start":null,"end":null,"schedule":"① おおさか堺バルーン 夜間運行開催日：2026年9月19日(土)～22日(火・祝)時間：18:00～21:00 (最終受付20:30)② 大仙公園サンクスランタン2026開催日：2026年9月19日(土)・20日(日)時間：15:00～20:00※ランタン打ち上げ：19:30予定③ 大仙公園日本庭園 夜間特別開園「観月の灯」開催日：2026年9月19日(土)～22日(火・祝)時間：17:00～21:00 (最終入園20:30)","url":"https://osaka-info.jp/event/sakai-balloon-night2026/","source":"OSAKA-INFO（大阪観光局）","source_category":"季節","source_updated":"2026-09-08","fetched_at":"2026-09-13T05:27:23.764Z","coordinate_source":"https://osaka-info.jp/event/sakai-balloon-night2026/","fictional":false,"access":{"rail-007626":{"out":14.93573035762408,"back":14.93573035762408,"walk_out":49.78576785874693,"walk_back":49.78576785874693},"rail-007693":{"out":5.081464031169561,"back":5.081464031169561,"walk_out":16.93821343723187,"walk_back":16.93821343723187},"rail-007735":{"out":4.412070325712432,"back":4.412070325712432,"walk_out":14.706901085708108,"walk_back":14.706901085708108},"nakamozu":{"out":8.830810215125158,"back":8.830810215125158,"walk_out":29.436034050417195,"walk_back":29.436034050417195},"rail-007779":{"out":21.331093230302333,"back":21.331093230302333,"walk_out":71.10364410100777,"walk_back":71.10364410100777},"rail-007593":{"out":20.812436362896804,"back":20.812436362896804,"walk_out":69.37478787632269,"walk_back":69.37478787632269},"rail-007580":{"out":22.592570023121276,"back":22.592570023121276,"walk_out":75.30856674373759,"walk_back":75.30856674373759},"rail-007567":{"out":24.83286287160572,"back":24.83286287160572,"walk_out":82.77620957201907,"walk_back":82.77620957201907},"rail-007573":{"out":24.157949269031977,"back":24.157949269031977,"walk_out":80.52649756343992,"walk_back":80.52649756343992},"rail-007572":{"out":24.968164089650195,"back":24.968164089650195,"walk_out":83.2272136321673,"walk_back":83.2272136321673},"rail-007574":{"out":24.190585954187966,"back":24.190585954187966,"walk_out":80.63528651395988,"walk_back":80.63528651395988},"rail-007747":{"out":17.73980867099994,"back":17.73980867099994,"walk_out":59.1326955699998,"walk_back":59.1326955699998},"rail-007821":{"out":26.12816267310909,"back":26.12816267310909,"walk_out":87.0938755770303,"walk_back":87.0938755770303},"rail-007544":{"out":27.887394094379154,"back":27.887394094379154,"walk_out":92.95798031459718,"walk_back":92.95798031459718},"rail-007808":{"out":29.36134685519315,"back":29.36134685519315,"walk_out":97.87115618397718,"walk_back":97.87115618397718},"rail-007647":{"out":16.367011570821557,"back":16.367011570821557,"walk_out":54.556705236071856,"walk_back":54.556705236071856},"rail-007788":{"out":27.371857661105995,"back":27.371857661105995,"walk_out":91.23952553701999,"walk_back":91.23952553701999},"rail-007570":{"out":27.942412670043357,"back":27.942412670043357,"walk_out":93.14137556681119,"walk_back":93.14137556681119},"rail-007571":{"out":29.358505495212917,"back":29.358505495212917,"walk_out":97.86168498404305,"walk_back":97.86168498404305},"rail-007649":{"out":11.462879544056149,"back":11.462879544056149,"walk_out":38.20959848018716,"walk_back":38.20959848018716},"rail-007660":{"out":10.33920756678346,"back":10.33920756678346,"walk_out":34.46402522261153,"walk_back":34.46402522261153},"rail-007667":{"out":7.716851303980744,"back":7.716851303980744,"walk_out":25.72283767993581,"walk_back":25.72283767993581},"rail-007534":{"out":29.216973339624527,"back":29.216973339624527,"walk_out":97.38991113208176,"walk_back":97.38991113208176},"rail-007622":{"out":16.099243100162383,"back":16.099243100162383,"walk_out":53.664143667207945,"walk_back":53.664143667207945},"rail-007654":{"out":9.554161586227824,"back":9.554161586227824,"walk_out":31.847205287426082,"walk_back":31.847205287426082},"rail-007646":{"out":11.216881297814474,"back":11.216881297814474,"walk_out":37.38960432604825,"walk_back":37.38960432604825},"rail-007592":{"out":21.01387483982196,"back":21.01387483982196,"walk_out":70.04624946607319,"walk_back":70.04624946607319},"rail-007666":{"out":8.764492181414218,"back":8.764492181414218,"walk_out":29.21497393804739,"walk_back":29.21497393804739},"rail-007791":{"out":19.70688128064335,"back":19.70688128064335,"walk_out":65.68960426881117,"walk_back":65.68960426881117},"rail-007673":{"out":8.182719960253662,"back":8.182719960253662,"walk_out":27.27573320084554,"walk_back":27.27573320084554},"rail-007657":{"out":22.573104977095166,"back":22.573104977095166,"walk_out":75.24368325698389,"walk_back":75.24368325698389},"rail-007538":{"out":28.758963705471917,"back":28.758963705471917,"walk_out":95.86321235157305,"walk_back":95.86321235157305},"rail-007547":{"out":28.349697554408184,"back":28.349697554408184,"walk_out":94.49899184802729,"walk_back":94.49899184802729},"rail-007559":{"out":26.92591686211994,"back":26.92591686211994,"walk_out":89.75305620706648,"walk_back":89.75305620706648},"rail-007575":{"out":24.69716954976833,"back":24.69716954976833,"walk_out":82.32389849922777,"walk_back":82.32389849922777},"rail-007682":{"out":7.862590732992879,"back":7.862590732992879,"walk_out":26.208635776642932,"walk_back":26.208635776642932},"rail-007611":{"out":21.13496155355662,"back":21.13496155355662,"walk_out":70.44987184518874,"walk_back":70.44987184518874},"rail-007609":{"out":19.1578873688959,"back":19.1578873688959,"walk_out":63.85962456298634,"walk_back":63.85962456298634},"rail-007595":{"out":21.41199222597054,"back":21.41199222597054,"walk_out":71.37330741990179,"walk_back":71.37330741990179},"rail-007607":{"out":18.667868685543443,"back":18.667868685543443,"walk_out":62.22622895181148,"walk_back":62.22622895181148},"rail-007690":{"out":12.780172078002172,"back":12.780172078002172,"walk_out":42.60057359334058,"walk_back":42.60057359334058},"rail-007623":{"out":17.054554860128512,"back":17.054554860128512,"walk_out":56.84851620042838,"walk_back":56.84851620042838},"rail-007699":{"out":7.707624939399861,"back":7.707624939399861,"walk_out":25.69208313133287,"walk_back":25.69208313133287},"rail-007553":{"out":26.76560184333019,"back":26.76560184333019,"walk_out":89.21867281110065,"walk_back":89.21867281110065},"rail-007762":{"out":17.90623232657134,"back":17.90623232657134,"walk_out":59.687441088571134,"walk_back":59.687441088571134},"rail-007587":{"out":21.862892244646254,"back":21.862892244646254,"walk_out":72.87630748215419,"walk_back":72.87630748215419},"rail-007639":{"out":22.92021772823711,"back":22.92021772823711,"walk_out":76.40072576079037,"walk_back":76.40072576079037},"rail-007668":{"out":28.491704061686498,"back":28.491704061686498,"walk_out":94.97234687228833,"walk_back":94.97234687228833},"rail-007846":{"out":29.420585883026945,"back":29.420585883026945,"walk_out":98.06861961008981,"walk_back":98.06861961008981},"rail-007746":{"out":8.928118647802567,"back":8.928118647802567,"walk_out":29.760395492675222,"walk_back":29.760395492675222},"rail-007641":{"out":13.957729461504485,"back":13.957729461504485,"walk_out":46.525764871681616,"walk_back":46.525764871681616},"rail-007630":{"out":14.155347957708535,"back":14.155347957708535,"walk_out":47.184493192361785,"walk_back":47.184493192361785},"rail-007751":{"out":15.802829628870263,"back":15.802829628870263,"walk_out":52.67609876290088,"walk_back":52.67609876290088},"rail-007748":{"out":16.131086827228692,"back":16.131086827228692,"walk_out":53.770289424095644,"walk_back":53.770289424095644},"rail-007776":{"out":13.759888913831434,"back":13.759888913831434,"walk_out":45.86629637943811,"walk_back":45.86629637943811},"rail-007683":{"out":9.741481341609816,"back":9.741481341609816,"walk_out":32.47160447203272,"walk_back":32.47160447203272},"rail-007533":{"out":29.25825622367102,"back":29.25825622367102,"walk_out":97.52752074557007,"walk_back":97.52752074557007},"rail-007733":{"out":11.965964320672265,"back":11.965964320672265,"walk_out":39.88654773557422,"walk_back":39.88654773557422},"rail-007709":{"out":2.4825959965887954,"back":2.4825959965887954,"walk_out":8.275319988629319,"walk_back":8.275319988629319},"rail-007704":{"out":5.92532462947477,"back":5.92532462947477,"walk_out":19.75108209824923,"walk_back":19.75108209824923},"rail-007590":{"out":28.019271295631476,"back":28.019271295631476,"walk_out":93.39757098543825,"walk_back":93.39757098543825},"rail-007714":{"out":10.114090916673982,"back":10.114090916673982,"walk_out":33.71363638891327,"walk_back":33.71363638891327},"rail-007706":{"out":8.561831319287979,"back":8.561831319287979,"walk_out":28.53943773095993,"walk_back":28.53943773095993},"rail-007707":{"out":10.663062975075812,"back":10.663062975075812,"walk_out":35.543543250252704,"walk_back":35.543543250252704},"rail-007564":{"out":25.97394999451224,"back":25.97394999451224,"walk_out":86.5798333150408,"walk_back":86.5798333150408},"rail-007640":{"out":11.97614477642423,"back":11.97614477642423,"walk_out":39.920482588080766,"walk_back":39.920482588080766},"rail-007554":{"out":26.659264056687785,"back":26.659264056687785,"walk_out":88.86421352229262,"walk_back":88.86421352229262},"rail-007579":{"out":22.940113268480786,"back":22.940113268480786,"walk_out":76.46704422826929,"walk_back":76.46704422826929},"rail-007635":{"out":13.022461920249675,"back":13.022461920249675,"walk_out":43.408206400832256,"walk_back":43.408206400832256},"rail-007764":{"out":18.408069196606323,"back":18.408069196606323,"walk_out":61.360230655354414,"walk_back":61.360230655354414},"rail-007734":{"out":12.243329783543519,"back":12.243329783543519,"walk_out":40.8110992784784,"walk_back":40.8110992784784},"rail-007650":{"out":10.473899900716813,"back":10.473899900716813,"walk_out":34.91299966905604,"walk_back":34.91299966905604},"rail-007760":{"out":21.547623283480263,"back":21.547623283480263,"walk_out":71.8254109449342,"walk_back":71.8254109449342},"rail-007729":{"out":12.529929498923664,"back":12.529929498923664,"walk_out":41.766431663078876,"walk_back":41.766431663078876},"nagai":{"out":25.577416082615315,"back":25.577416082615315,"walk_out":85.25805360871772,"walk_back":85.25805360871772},"rail-007781":{"out":23.10665279621617,"back":23.10665279621617,"walk_out":77.02217598738724,"walk_back":77.02217598738724},"rail-007794":{"out":24.55207328779472,"back":24.55207328779472,"walk_out":81.84024429264906,"walk_back":81.84024429264906},"rail-007669":{"out":24.44206173675174,"back":24.44206173675174,"walk_out":81.4735391225058,"walk_back":81.4735391225058},"rail-007628":{"out":14.19676808993356,"back":14.19676808993356,"walk_out":47.32256029977853,"walk_back":47.32256029977853},"rail-007773":{"out":14.702320152248095,"back":14.702320152248095,"walk_out":49.00773384082699,"walk_back":49.00773384082699},"rail-007556":{"out":29.31435249170412,"back":29.31435249170412,"walk_out":97.7145083056804,"walk_back":97.7145083056804}}}},{"type":"Feature","geometry":{"type":"Point","coordinates":[135.5084403521562,34.65117088310706]},"properties":{"id":"osaka-info-11332","name":"天王寺動物園 2026ナイトZOO","venue":"天王寺動物園","address":"大阪市天王寺区茶臼山町1-108","category":"その他","date":"2026-09-19","end_date":"2026-10-25","start":null,"end":null,"schedule":"【開催日】9月19日(土)、20日(日)、21日(月・祝)、22日(火・祝)、23日(水・祝) 10月10日(土)、11日(日)、17日(土)、18日(日)、24日(土)、25日(日)【時間】9:30～20:00 (最終入園19:30)※17:00頃からライトアップを行うため、ナイトZOOの雰囲気を味わっていただけます。また、動物の体調管理等の都合上、開催日によって観覧時間が異なる施設がございますので予めご了承ください。","url":"https://osaka-info.jp/event/tennojizoo-nightzoo2026/","source":"OSAKA-INFO（大阪観光局）","source_category":"その他","source_updated":"2026-09-04","fetched_at":"2026-09-13T05:27:23.764Z","coordinate_source":"https://osaka-info.jp/event/tennojizoo-nightzoo2026/","fictional":false,"access":{"rail-007376":{"out":23.66572935698689,"back":23.66572935698689,"walk_out":78.88576452328964,"walk_back":78.88576452328964},"rail-007344":{"out":24.090982151550403,"back":24.090982151550403,"walk_out":80.30327383850134,"walk_back":80.30327383850134},"rail-007041":{"out":27.538358836387996,"back":27.538358836387996,"walk_out":91.79452945462666,"walk_back":91.79452945462666},"rail-007422":{"out":22.653094635104903,"back":22.653094635104903,"walk_out":75.51031545034968,"walk_back":75.51031545034968},"naniwabashi":{"out":18.287492121560682,"back":18.287492121560682,"walk_out":60.95830707186893,"walk_back":60.95830707186893},"namba":{"out":7.310140792117153,"back":7.310140792117153,"walk_out":24.36713597372384,"walk_back":24.36713597372384},"rail-007283":{"out":13.79812333204001,"back":13.79812333204001,"walk_out":45.99374444013337,"walk_back":45.99374444013337},"rail-007280":{"out":13.782429475655142,"back":13.782429475655142,"walk_out":45.941431585517144,"walk_back":45.941431585517144},"rail-007300":{"out":26.617476243001736,"back":26.617476243001736,"walk_out":88.72492081000578,"walk_back":88.72492081000578},"rail-007626":{"out":28.155089804492306,"back":28.155089804492306,"walk_out":93.85029934830769,"walk_back":93.85029934830769},"nakanoshima":{"out":19.528413844492956,"back":19.528413844492956,"walk_out":65.09471281497652,"walk_back":65.09471281497652},"rail-007040":{"out":24.93394311458395,"back":24.93394311458395,"walk_out":83.11314371527983,"walk_back":83.11314371527983},"rail-007016":{"out":26.75146975123877,"back":26.75146975123877,"walk_out":89.17156583746257,"walk_back":89.17156583746257},"kujo":{"out":15.901977220244746,"back":15.901977220244746,"walk_out":53.00659073414915,"walk_back":53.00659073414915},"kyobashi":{"out":22.325971368723586,"back":22.325971368723586,"walk_out":74.41990456241196,"walk_back":74.41990456241196},"rail-007407":{"out":5.911447458019106,"back":5.911447458019106,"walk_out":19.704824860063688,"walk_back":19.704824860063688},"rail-007402":{"out":3.018741076510594,"back":3.018741076510594,"walk_out":10.062470255035315,"walk_back":10.062470255035315},"rail-007529":{"out":13.822084406594971,"back":13.822084406594971,"walk_out":46.073614688649904,"walk_back":46.073614688649904},"rail-007450":{"out":3.3275288909843943,"back":3.3275288909843943,"walk_out":11.09176296994798,"walk_back":11.09176296994798},"rail-007070":{"out":29.52959218977112,"back":29.52959218977112,"walk_out":98.43197396590372,"walk_back":98.43197396590372},"rail-007459":{"out":4.40213051690775,"back":4.40213051690775,"walk_out":14.6737683896925,"walk_back":14.6737683896925},"rail-007284":{"out":15.207192184411312,"back":15.207192184411312,"walk_out":50.69064061470438,"walk_back":50.69064061470438},"rail-007342":{"out":16.325907989682978,"back":16.325907989682978,"walk_out":54.419693298943265,"walk_back":54.419693298943265},"rail-007156":{"out":26.82039147047021,"back":26.82039147047021,"walk_out":89.40130490156736,"walk_back":89.40130490156736},"rail-007593":{"out":21.865124809162754,"back":21.865124809162754,"walk_out":72.88374936387585,"walk_back":72.88374936387585},"rail-007580":{"out":22.831234251544902,"back":22.831234251544902,"walk_out":76.10411417181635,"walk_back":76.10411417181635},"rail-007567":{"out":17.651273917929462,"back":17.651273917929462,"walk_out":58.83757972643154,"walk_back":58.83757972643154},"rail-007573":{"out":18.41960783293021,"back":18.41960783293021,"walk_out":61.39869277643404,"walk_back":61.39869277643404},"rail-007572":{"out":17.278660727143137,"back":17.278660727143137,"walk_out":57.595535757143786,"walk_back":57.595535757143786},"rail-007574":{"out":18.302221299329112,"back":18.302221299329112,"walk_out":61.00740433109705,"walk_back":61.00740433109705},"rail-007378":{"out":23.34762323034509,"back":23.34762323034509,"walk_out":77.82541076781696,"walk_back":77.82541076781696},"rail-007582":{"out":28.045941996263913,"back":28.045941996263913,"walk_out":93.48647332087971,"walk_back":93.48647332087971},"rail-007524":{"out":23.915696533414415,"back":23.915696533414415,"walk_out":79.71898844471471,"walk_back":79.71898844471471},"dobutsuen":{"out":2.3875924964798863,"back":2.3875924964798863,"walk_out":7.958641654932955,"walk_back":7.958641654932955},"rail-007544":{"out":17.025559309799664,"back":17.025559309799664,"walk_out":56.751864365998884,"walk_back":56.751864365998884},"rail-007485":{"out":7.263100211773167,"back":7.263100211773167,"walk_out":24.21033403924389,"walk_back":24.21033403924389},"rail-007412":{"out":17.06101946094084,"back":17.06101946094084,"walk_out":56.8700648698028,"walk_back":56.8700648698028},"rail-007085":{"out":21.40447941607186,"back":21.40447941607186,"walk_out":71.34826472023954,"walk_back":71.34826472023954},"kitahama":{"out":17.94251798155652,"back":17.94251798155652,"walk_out":59.80839327185507,"walk_back":59.80839327185507},"rail-007502":{"out":11.346869525320756,"back":11.346869525320756,"walk_out":37.82289841773585,"walk_back":37.82289841773585},"rail-007522":{"out":10.672237491178734,"back":10.672237491178734,"walk_out":35.574124970595776,"walk_back":35.574124970595776},"rail-007177":{"out":23.98108927886383,"back":23.98108927886383,"walk_out":79.93696426287944,"walk_back":79.93696426287944},"rail-007462":{"out":16.789732091200374,"back":16.789732091200374,"walk_out":55.96577363733458,"walk_back":55.96577363733458},"minamimorimachi":{"out":20.661111793006526,"back":20.661111793006526,"walk_out":68.87037264335508,"walk_back":68.87037264335508},"rail-007570":{"out":28.289019545861656,"back":28.289019545861656,"walk_out":94.29673181953885,"walk_back":94.29673181953885},"rail-007531":{"out":12.266458682193846,"back":12.266458682193846,"walk_out":40.888195607312824,"walk_back":40.888195607312824},"rail-007581":{"out":24.573430706061554,"back":24.573430706061554,"walk_out":81.91143568687185,"walk_back":81.91143568687185},"rail-007268":{"out":10.993991035385887,"back":10.993991035385887,"walk_out":36.64663678461962,"walk_back":36.64663678461962},"rail-007382":{"out":3.8451054109056355,"back":3.8451054109056355,"walk_out":12.817018036352117,"walk_back":12.817018036352117},"rail-007190":{"out":13.663789033207786,"back":13.663789033207786,"walk_out":45.54596344402595,"walk_back":45.54596344402595},"rail-007534":{"out":13.284880636200029,"back":13.284880636200029,"walk_out":44.282935454000096,"walk_back":44.282935454000096},"rail-007622":{"out":26.358904585004087,"back":26.358904585004087,"walk_out":87.86301528334695,"walk_back":87.86301528334695},"rail-007395":{"out":4.492200754261682,"back":4.492200754261682,"walk_out":14.974002514205607,"walk_back":14.974002514205607},"taisho":{"out":12.206910321885438,"back":12.206910321885438,"walk_out":40.68970107295146,"walk_back":40.68970107295146},"oe_bridge":{"out":19.40305496934938,"back":19.40305496934938,"walk_out":64.67684989783126,"walk_back":64.67684989783126},"osaka_business":{"out":19.711338421181548,"back":19.711338421181548,"walk_out":65.7044614039385,"walk_back":65.7044614039385},"osaka":{"out":23.14167847624381,"back":23.14167847624381,"walk_out":77.13892825414604,"walk_back":77.13892825414604},"uehommachi":{"out":7.9149880389474845,"back":7.9149880389474845,"walk_out":26.383293463158278,"walk_back":26.383293463158278},"rail-007164":{"out":18.867825731283816,"back":18.867825731283816,"walk_out":62.89275243761273,"walk_back":62.89275243761273},"rail-007107":{"out":20.245401127739836,"back":20.245401127739836,"walk_out":67.48467042579945,"walk_back":67.48467042579945},"rail-007090":{"out":20.64656695206362,"back":20.64656695206362,"walk_out":68.82188984021207,"walk_back":68.82188984021207},"osakako":{"out":27.142505583065546,"back":27.142505583065546,"walk_out":90.47501861021848,"walk_back":90.47501861021848},"rail-007451":{"out":3.3191822723636517,"back":3.3191822723636517,"walk_out":11.06394090787884,"walk_back":11.06394090787884},"rail-007483":{"out":7.558594862219533,"back":7.558594862219533,"walk_out":25.195316207398445,"walk_back":25.195316207398445},"temma":{"out":23.958599388558138,"back":23.958599388558138,"walk_out":79.86199796186045,"walk_back":79.86199796186045},"temmabashi":{"out":17.68113416924552,"back":17.68113416924552,"walk_out":58.93711389748507,"walk_back":58.93711389748507},"tennoji":{"out":3.1176275730267564,"back":3.1176275730267564,"walk_out":10.392091910089187,"walk_back":10.392091910089187},"rail-007447":{"out":2.7612836918820003,"back":2.7612836918820003,"walk_out":9.204278972940001,"walk_back":9.204278972940001},"rail-007515":{"out":10.537097092980966,"back":10.537097092980966,"walk_out":35.12365697660322,"walk_back":35.12365697660322},"tenroku":{"out":26.11970372999015,"back":26.11970372999015,"walk_out":87.06567909996717,"walk_back":87.06567909996717},"rail-007057":{"out":29.95489534433402,"back":29.95489534433402,"walk_out":99.84965114778007,"walk_back":99.84965114778007},"rail-007532":{"out":12.194087016356606,"back":12.194087016356606,"walk_out":40.64695672118869,"walk_back":40.64695672118869},"rail-007275":{"out":25.605493004229057,"back":25.605493004229057,"walk_out":85.3516433474302,"walk_back":85.3516433474302},"rail-007592":{"out":21.411844142420062,"back":21.411844142420062,"walk_out":71.37281380806687,"walk_back":71.37281380806687},"rail-007434":{"out":5.729983046521204,"back":5.729983046521204,"walk_out":19.099943488404012,"walk_back":19.099943488404012},"rail-007368":{"out":18.074356792172594,"back":18.074356792172594,"walk_out":60.247855973908656,"walk_back":60.247855973908656},"rail-007493":{"out":9.256222638973952,"back":9.256222638973952,"walk_out":30.854075463246502,"walk_back":30.854075463246502},"rail-007517":{"out":10.978395718034015,"back":10.978395718034015,"walk_out":36.594652393446715,"walk_back":36.594652393446715},"fuse":{"out":20.971705899563148,"back":20.971705899563148,"walk_out":69.90568633187715,"walk_back":69.90568633187715},"rail-007538":{"out":13.511255621586157,"back":13.511255621586157,"walk_out":45.03751873862052,"walk_back":45.03751873862052},"rail-007547":{"out":13.902946987549603,"back":13.902946987549603,"walk_out":46.34315662516534,"walk_back":46.34315662516534},"rail-007559":{"out":15.320663198783848,"back":15.320663198783848,"walk_out":51.068877329279495,"walk_back":51.068877329279495},"rail-007575":{"out":25.672765855062316,"back":25.672765855062316,"walk_out":85.57588618354106,"walk_back":85.57588618354106},"rail-007505":{"out":18.00124142623403,"back":18.00124142623403,"walk_out":60.00413808744677,"walk_back":60.00413808744677},"rail-007546":{"out":19.892922982409992,"back":19.892922982409992,"walk_out":66.30974327469998,"walk_back":66.30974327469998},"bentencho":{"out":18.95393552993848,"back":18.95393552993848,"walk_out":63.17978509979494,"walk_back":63.17978509979494},"rail-007468":{"out":27.767080300508912,"back":27.767080300508912,"walk_out":92.55693433502971,"walk_back":92.55693433502971},"shinsaibashi":{"out":10.747939443357831,"back":10.747939443357831,"walk_out":35.82646481119277,"walk_back":35.82646481119277},"rail-007399":{"out":1.6930594797705818,"back":1.6930594797705818,"walk_out":5.643531599235273,"walk_back":5.643531599235273},"rail-007611":{"out":23.247909899259763,"back":23.247909899259763,"walk_out":77.49303299753254,"walk_back":77.49303299753254},"rail-007609":{"out":23.13933215241926,"back":23.13933215241926,"walk_out":77.13110717473087,"walk_back":77.13110717473087},"rail-007595":{"out":21.747338325688883,"back":21.747338325688883,"walk_out":72.49112775229628,"walk_back":72.49112775229628},"rail-007607":{"out":23.752703877499044,"back":23.752703877499044,"walk_out":79.17567959166348,"walk_back":79.17567959166348},"rail-007061":{"out":23.436094400294014,"back":23.436094400294014,"walk_out":78.12031466764671,"walk_back":78.12031466764671},"rail-007162":{"out":25.858596281349783,"back":25.858596281349783,"walk_out":86.19532093783262,"walk_back":86.19532093783262},"rail-007486":{"out":7.715886147265692,"back":7.715886147265692,"walk_out":25.719620490885642,"walk_back":25.719620490885642},"shinimamiya":{"out":2.4976013854666035,"back":2.4976013854666035,"walk_out":8.325337951555344,"walk_back":8.325337951555344},"rail-007427":{"out":1.9918978492700408,"back":1.9918978492700408,"walk_out":6.639659497566802,"walk_back":6.639659497566802},"rail-007523":{"out":24.29410870732108,"back":24.29410870732108,"walk_out":80.98036235773694,"walk_back":80.98036235773694},"rail-007297":{"out":18.375509418438472,"back":18.375509418438472,"walk_out":61.25169806146157,"walk_back":61.25169806146157},"rail-007104":{"out":21.166702240736964,"back":21.166702240736964,"walk_out":70.55567413578987,"walk_back":70.55567413578987},"nipponbashi":{"out":6.893424240094704,"back":6.893424240094704,"walk_out":22.97808080031568,"walk_back":22.97808080031568},"rail-007499":{"out":8.66304810713991,"back":8.66304810713991,"walk_out":28.8768270237997,"walk_back":28.8768270237997},"rail-007370":{"out":22.27154225067485,"back":22.27154225067485,"walk_out":74.23847416891617,"walk_back":74.23847416891617},"rail-007406":{"out":9.403422758785107,"back":9.403422758785107,"walk_out":31.344742529283693,"walk_back":31.344742529283693},"hommachi":{"out":14.138412462712486,"back":14.138412462712486,"walk_out":47.12804154237495,"walk_back":47.12804154237495},"rail-007623":{"out":25.94478146690508,"back":25.94478146690508,"walk_out":86.4826048896836,"walk_back":86.4826048896836},"rail-007500":{"out":8.302237356891524,"back":8.302237356891524,"walk_out":27.67412452297175,"walk_back":27.67412452297175},"rail-007525":{"out":11.737234168711183,"back":11.737234168711183,"walk_out":39.12411389570394,"walk_back":39.12411389570394},"rail-007553":{"out":15.757931781743473,"back":15.757931781743473,"walk_out":52.52643927247824,"walk_back":52.52643927247824},"rail-007479":{"out":12.178909101221594,"back":12.178909101221594,"walk_out":40.59636367073865,"walk_back":40.59636367073865},"rail-007250":{"out":10.924333057172433,"back":10.924333057172433,"walk_out":36.414443523908105,"walk_back":36.414443523908105},"rail-007472":{"out":5.890988404653843,"back":5.890988404653843,"walk_out":19.63662801551281,"walk_back":19.63662801551281},"rail-007487":{"out":6.995680031096775,"back":6.995680031096775,"walk_out":23.31893343698925,"walk_back":23.31893343698925},"rail-007380":{"out":7.8693742389176595,"back":7.8693742389176595,"walk_out":26.231247463058867,"walk_back":26.231247463058867},"sakuranomiya":{"out":24.394686271918538,"back":24.394686271918538,"walk_out":81.31562090639513,"walk_back":81.31562090639513},"rail-007364":{"out":28.250283355122342,"back":28.250283355122342,"walk_out":94.16761118374114,"walk_back":94.16761118374114},"sakuragawa":{"out":11.099484545358099,"back":11.099484545358099,"walk_out":36.99828181786033,"walk_back":36.99828181786033},"morinomiya":{"out":16.05986975166837,"back":16.05986975166837,"walk_out":53.53289917222789,"walk_back":53.53289917222789},"rail-007303":{"out":10.935468956558724,"back":10.935468956558724,"walk_out":36.45156318852908,"walk_back":36.45156318852908},"rail-007587":{"out":20.390731723211545,"back":20.390731723211545,"walk_out":67.96910574403849,"walk_back":67.96910574403849},"rail-007350":{"out":27.265681660532373,"back":27.265681660532373,"walk_out":90.88560553510791,"walk_back":90.88560553510791},"rail-007345":{"out":24.374848310684527,"back":24.374848310684527,"walk_out":81.24949436894843,"walk_back":81.24949436894843},"rail-007470":{"out":7.334069416587059,"back":7.334069416587059,"walk_out":24.446898055290195,"walk_back":24.446898055290195},"rail-007442":{"out":9.39993919409075,"back":9.39993919409075,"walk_out":31.33313064696917,"walk_back":31.33313064696917},"rail-007641":{"out":29.381512458568604,"back":29.381512458568604,"walk_out":97.93837486189534,"walk_back":97.93837486189534},"rail-007630":{"out":28.091232195002537,"back":28.091232195002537,"walk_out":93.63744065000846,"walk_back":93.63744065000846},"rail-007102":{"out":23.65671277456064,"back":23.65671277456064,"walk_out":78.85570924853546,"walk_back":78.85570924853546},"yodoyabashi":{"out":18.059924064078945,"back":18.059924064078945,"walk_out":60.199746880263156,"walk_back":60.199746880263156},"rail-007097":{"out":25.51764189348896,"back":25.51764189348896,"walk_out":85.05880631162987,"walk_back":85.05880631162987},"fukaebashi":{"out":21.656706347631943,"back":21.656706347631943,"walk_out":72.18902115877314,"walk_back":72.18902115877314},"watanabebashi":{"out":19.61310279821187,"back":19.61310279821187,"walk_out":65.3770093273729,"walk_back":65.3770093273729},"rail-007533":{"out":13.721780553427886,"back":13.721780553427886,"walk_out":45.73926851142629,"walk_back":45.73926851142629},"rail-007154":{"out":20.635403011963273,"back":20.635403011963273,"walk_out":68.78467670654425,"walk_back":68.78467670654425},"rail-007260":{"out":13.368664832649891,"back":13.368664832649891,"walk_out":44.56221610883297,"walk_back":44.56221610883297},"rail-007519":{"out":11.774790905720247,"back":11.774790905720247,"walk_out":39.24930301906749,"walk_back":39.24930301906749},"rail-007590":{"out":22.042031895236665,"back":22.042031895236665,"walk_out":73.47343965078889,"walk_back":73.47343965078889},"rail-007564":{"out":16.29170905875655,"back":16.29170905875655,"walk_out":54.30569686252183,"walk_back":54.30569686252183},"fukushima":{"out":21.970734408293254,"back":21.970734408293254,"walk_out":73.23578136097751,"walk_back":73.23578136097751},"rail-007554":{"out":15.940998693938521,"back":15.940998693938521,"walk_out":53.1366623131284,"walk_back":53.1366623131284},"rail-007579":{"out":19.495290752640923,"back":19.495290752640923,"walk_out":64.98430250880307,"walk_back":64.98430250880307},"rail-007635":{"out":29.61300518555815,"back":29.61300518555815,"walk_out":98.71001728519384,"walk_back":98.71001728519384},"rail-007201":{"out":18.759077689695577,"back":18.759077689695577,"walk_out":62.530258965651925,"walk_back":62.530258965651925},"rail-007475":{"out":7.913251910772544,"back":7.913251910772544,"walk_out":26.377506369241818,"walk_back":26.377506369241818},"rail-007498":{"out":8.701934145937917,"back":8.701934145937917,"walk_out":29.00644715312639,"walk_back":29.00644715312639},"rail-007143":{"out":18.350402269086217,"back":18.350402269086217,"walk_out":61.16800756362072,"walk_back":61.16800756362072},"rail-007379":{"out":7.7750621409653995,"back":7.7750621409653995,"walk_out":25.916873803218003,"walk_back":25.916873803218003},"rail-007371":{"out":9.108075346386245,"back":9.108075346386245,"walk_out":30.36025115462082,"walk_back":30.36025115462082},"rail-007454":{"out":5.34118613968736,"back":5.34118613968736,"walk_out":17.803953798957867,"walk_back":17.803953798957867},"rail-007452":{"out":4.238791998751934,"back":4.238791998751934,"walk_out":14.129306662506444,"walk_back":14.129306662506444},"gamo4":{"out":26.22865732636648,"back":26.22865732636648,"walk_out":87.42885775455494,"walk_back":87.42885775455494},"rail-007477":{"out":22.208278426181135,"back":22.208278426181135,"walk_out":74.02759475393712,"walk_back":74.02759475393712},"nishikujo":{"out":20.693299249635057,"back":20.693299249635057,"walk_out":68.9776641654502,"walk_back":68.9776641654502},"rail-007249":{"out":12.101003248412258,"back":12.101003248412258,"walk_out":40.33667749470753,"walk_back":40.33667749470753},"rail-007476":{"out":8.994659180082653,"back":8.994659180082653,"walk_out":29.982197266942176,"walk_back":29.982197266942176},"rail-007540":{"out":13.359607232925331,"back":13.359607232925331,"walk_out":44.5320241097511,"walk_back":44.5320241097511},"rail-007246":{"out":12.805574579320817,"back":12.805574579320817,"walk_out":42.685248597736056,"walk_back":42.685248597736056},"tanimachi9":{"out":7.56934813335015,"back":7.56934813335015,"walk_out":25.2311604445005,"walk_back":25.2311604445005},"tanimachi6":{"out":11.146339750385057,"back":11.146339750385057,"walk_out":37.15446583461685,"walk_back":37.15446583461685},"tanimachi4":{"out":14.160194233497897,"back":14.160194233497897,"walk_out":47.20064744499299,"walk_back":47.20064744499299},"rail-007317":{"out":7.009446664178367,"back":7.009446664178367,"walk_out":23.36482221392789,"walk_back":23.36482221392789},"miyakojima":{"out":26.501732020033682,"back":26.501732020033682,"walk_out":88.3391067334456,"walk_back":88.3391067334456},"rail-007036":{"out":28.03850988446481,"back":28.03850988446481,"walk_out":93.46169961488269,"walk_back":93.46169961488269},"rail-007030":{"out":28.017204394460084,"back":28.017204394460084,"walk_out":93.39068131486695,"walk_back":93.39068131486695},"rail-007109":{"out":22.58291600816529,"back":22.58291600816529,"walk_out":75.2763866938843,"walk_back":75.2763866938843},"rail-007159":{"out":20.794128281226744,"back":20.794128281226744,"walk_out":69.31376093742247,"walk_back":69.31376093742247},"rail-007113":{"out":22.707515120074902,"back":22.707515120074902,"walk_out":75.69171706691634,"walk_back":75.69171706691634},"rail-007562":{"out":17.649366806750223,"back":17.649366806750223,"walk_out":58.83122268916741,"walk_back":58.83122268916741},"nagahoribashi":{"out":10.759775167204467,"back":10.759775167204467,"walk_out":35.865917224014886,"walk_back":35.865917224014886},"nagai":{"out":18.41916131535526,"back":18.41916131535526,"walk_out":61.397204384517536,"walk_back":61.397204384517536},"rail-007425":{"out":25.31539030387043,"back":25.31539030387043,"walk_out":84.38463434623478,"walk_back":84.38463434623478},"rail-007460":{"out":4.354546612685455,"back":4.354546612685455,"walk_out":14.515155375618185,"walk_back":14.515155375618185},"awaza":{"out":15.376735716286115,"back":15.376735716286115,"walk_out":51.255785720953725,"walk_back":51.255785720953725},"rail-007543":{"out":15.906551031450253,"back":15.906551031450253,"walk_out":53.02183677150084,"walk_back":53.02183677150084},"rail-007235":{"out":26.396160849276143,"back":26.396160849276143,"walk_out":87.98720283092048,"walk_back":87.98720283092048},"rail-007229":{"out":26.432986865795282,"back":26.432986865795282,"walk_out":88.10995621931761,"walk_back":88.10995621931761},"rail-007628":{"out":28.29987137607766,"back":28.29987137607766,"walk_out":94.33290458692554,"walk_back":94.33290458692554},"rail-007125":{"out":22.826368731631856,"back":22.826368731631856,"walk_out":76.0878957721062,"walk_back":76.0878957721062},"rail-007556":{"out":15.079408283893045,"back":15.079408283893045,"walk_out":50.264694279643486,"walk_back":50.264694279643486},"tsuruhashi":{"out":10.31542319468796,"back":10.31542319468796,"walk_out":34.3847439822932,"walk_back":34.3847439822932}}}},{"type":"Feature","geometry":{"type":"Point","coordinates":[135.5335444749271,34.690820625038754]},"properties":{"id":"osaka-info-11329","name":"ホテルニューオータニ大阪 スーパースイーツビュッフェ2026 ～いも・くり・なんきん～","venue":"ホテルニューオータニ大阪ティー&カクテル「SATSUKI LOUNGE」(ロビィ階)","address":"大阪市中央区城見1-4-1","category":"グルメ","date":"2026-09-03","end_date":"2026-10-08","start":null,"end":null,"schedule":"【期間】2026年9月3日(木)～10月8日(木)【時間】平日 11:30～16:30 (最終入店15:00) 土・日・祝日 11:30～17:30 (最終入店16:00) ※各90分制","url":"https://osaka-info.jp/event/newotani-imo-kuri-nannkin/","source":"OSAKA-INFO（大阪観光局）","source_category":"グルメ","source_updated":"2026-09-04","fetched_at":"2026-09-13T05:27:23.764Z","coordinate_source":"https://osaka-info.jp/event/newotani-imo-kuri-nannkin/","fictional":false,"access":{"rail-007376":{"out":20.187581118320026,"back":20.187581118320026,"walk_out":67.29193706106676,"walk_back":67.29193706106676},"rail-007344":{"out":18.437292977839704,"back":18.437292977839704,"walk_out":61.45764325946567,"walk_back":61.45764325946567},"rail-006872":{"out":22.79013266877946,"back":22.79013266877946,"walk_out":75.96710889593153,"walk_back":75.96710889593153},"rail-007041":{"out":7.681545331087369,"back":7.681545331087369,"walk_out":25.605151103624564,"walk_back":25.605151103624564},"rail-007422":{"out":22.61271330707198,"back":22.61271330707198,"walk_out":75.37571102357327,"walk_back":75.37571102357327},"rail-006860":{"out":23.988037457775622,"back":23.988037457775622,"walk_out":79.96012485925208,"walk_back":79.96012485925208},"naniwabashi":{"out":9.368216983718625,"back":9.368216983718625,"walk_out":31.227389945728753,"walk_back":31.227389945728753},"namba":{"out":16.382601306567285,"back":16.382601306567285,"walk_out":54.60867102189095,"walk_back":54.60867102189095},"rail-007283":{"out":22.018543617129787,"back":22.018543617129787,"walk_out":73.39514539043262,"walk_back":73.39514539043262},"rail-007280":{"out":21.722039882289177,"back":21.722039882289177,"walk_out":72.40679960763059,"walk_back":72.40679960763059},"rail-006889":{"out":27.792315630994842,"back":27.792315630994842,"walk_out":92.64105210331614,"walk_back":92.64105210331614},"rail-006833":{"out":26.351443051253494,"back":26.351443051253494,"walk_out":87.8381435041783,"walk_back":87.8381435041783},"rail-006849":{"out":25.225417773781462,"back":25.225417773781462,"walk_out":84.08472591260488,"walk_back":84.08472591260488},"nakanoshima":{"out":16.699095322924958,"back":16.699095322924958,"walk_out":55.66365107641653,"walk_back":55.66365107641653},"rail-007040":{"out":12.55500082804271,"back":12.55500082804271,"walk_out":41.85000276014237,"walk_back":41.85000276014237},"rail-007016":{"out":17.228347257363183,"back":17.228347257363183,"walk_out":57.42782419121061,"walk_back":57.42782419121061},"kujo":{"out":22.95400684977933,"back":22.95400684977933,"walk_out":76.5133561659311,"walk_back":76.5133561659311},"kyobashi":{"out":2.6507765330101307,"back":2.6507765330101307,"walk_out":8.835921776700435,"walk_back":8.835921776700435},"rail-007407":{"out":22.1663038727047,"back":22.1663038727047,"walk_out":73.88767957568233,"walk_back":73.88767957568233},"rail-007402":{"out":19.826629376050334,"back":19.826629376050334,"walk_out":66.08876458683446,"walk_back":66.08876458683446},"rail-007529":{"out":28.709270520668188,"back":28.709270520668188,"walk_out":95.69756840222729,"walk_back":95.69756840222729},"rail-007450":{"out":23.112562041573508,"back":23.112562041573508,"walk_out":77.04187347191169,"walk_back":77.04187347191169},"rail-007070":{"out":10.981909005701931,"back":10.981909005701931,"walk_out":36.60636335233977,"walk_back":36.60636335233977},"rail-007459":{"out":24.261723114994524,"back":24.261723114994524,"walk_out":80.87241038331508,"walk_back":80.87241038331508},"rail-007284":{"out":10.580214840358229,"back":10.580214840358229,"walk_out":35.267382801194096,"walk_back":35.267382801194096},"rail-007342":{"out":13.059518521779673,"back":13.059518521779673,"walk_out":43.53172840593224,"walk_back":43.53172840593224},"rail-007156":{"out":29.97280469062107,"back":29.97280469062107,"walk_out":99.90934896873691,"walk_back":99.90934896873691},"rail-007378":{"out":19.98896749414834,"back":19.98896749414834,"walk_out":66.62989164716114,"walk_back":66.62989164716114},"rail-007351":{"out":23.72488823620564,"back":23.72488823620564,"walk_out":79.08296078735214,"walk_back":79.08296078735214},"dobutsuen":{"out":22.07599102850862,"back":22.07599102850862,"walk_out":73.5866367616954,"walk_back":73.5866367616954},"rail-007485":{"out":27.139072007493617,"back":27.139072007493617,"walk_out":90.46357335831205,"walk_back":90.46357335831205},"rail-007412":{"out":18.453895879464334,"back":18.453895879464334,"walk_out":61.51298626488112,"walk_back":61.51298626488112},"rail-007085":{"out":13.758803361589607,"back":13.758803361589607,"walk_out":45.86267787196536,"walk_back":45.86267787196536},"kitahama":{"out":9.496756534480769,"back":9.496756534480769,"walk_out":31.655855114935896,"walk_back":31.655855114935896},"rail-007502":{"out":26.203115433547538,"back":26.203115433547538,"walk_out":87.34371811182513,"walk_back":87.34371811182513},"juso":{"out":22.915477173772913,"back":22.915477173772913,"walk_out":76.38492391257637,"walk_back":76.38492391257637},"rail-006953":{"out":16.703990322361587,"back":16.703990322361587,"walk_out":55.679967741205296,"walk_back":55.679967741205296},"rail-006952":{"out":15.929427641616726,"back":15.929427641616726,"walk_out":53.09809213872242,"walk_back":53.09809213872242},"rail-007177":{"out":27.82016821531913,"back":27.82016821531913,"walk_out":92.73389405106377,"walk_back":92.73389405106377},"rail-006836":{"out":27.3190575421664,"back":27.3190575421664,"walk_out":91.06352514055467,"walk_back":91.06352514055467},"rail-007462":{"out":22.528856459969685,"back":22.528856459969685,"walk_out":75.09618819989895,"walk_back":75.09618819989895},"rail-006948":{"out":19.940762633257478,"back":19.940762633257478,"walk_out":66.46920877752493,"walk_back":66.46920877752493},"minamimorimachi":{"out":8.834347115752022,"back":8.834347115752022,"walk_out":29.447823719173407,"walk_back":29.447823719173407},"rail-007531":{"out":29.394409162882976,"back":29.394409162882976,"walk_out":97.98136387627659,"walk_back":97.98136387627659},"rail-007268":{"out":15.411995253557158,"back":15.411995253557158,"walk_out":51.373317511857195,"walk_back":51.373317511857195},"rail-007382":{"out":16.0610160090233,"back":16.0610160090233,"walk_out":53.536720030077674,"walk_back":53.536720030077674},"rail-006927":{"out":20.140639342147185,"back":20.140639342147185,"walk_out":67.13546447382396,"walk_back":67.13546447382396},"rail-006956":{"out":14.664682502281927,"back":14.664682502281927,"walk_out":48.882275007606424,"walk_back":48.882275007606424},"rail-007190":{"out":10.458771817658349,"back":10.458771817658349,"walk_out":34.862572725527826,"walk_back":34.862572725527826},"rail-007009":{"out":25.572366834780546,"back":25.572366834780546,"walk_out":85.24122278260182,"walk_back":85.24122278260182},"rail-007395":{"out":20.154360050101726,"back":20.154360050101726,"walk_out":67.18120016700576,"walk_back":67.18120016700576},"taisho":{"out":22.59042454826915,"back":22.59042454826915,"walk_out":75.30141516089716,"walk_back":75.30141516089716},"oe_bridge":{"out":12.016255293901668,"back":12.016255293901668,"walk_out":40.054184313005564,"walk_back":40.054184313005564},"osaka_business":{"out":1.4588761724115369,"back":1.4588761724115369,"walk_out":4.862920574705123,"walk_back":4.862920574705123},"osaka":{"out":14.669911975656369,"back":14.669911975656369,"walk_out":48.89970658552123,"walk_back":48.89970658552123},"uehommachi":{"out":12.12895277914455,"back":12.12895277914455,"walk_out":40.4298425971485,"walk_back":40.4298425971485},"rail-007164":{"out":1.3612670396391657,"back":1.3612670396391657,"walk_out":4.537556798797219,"walk_back":4.537556798797219},"rail-007107":{"out":3.431993878892995,"back":3.431993878892995,"walk_out":11.439979596309984,"walk_back":11.439979596309984},"rail-007090":{"out":7.9479316662968715,"back":7.9479316662968715,"walk_out":26.493105554322902,"walk_back":26.493105554322902},"rail-007451":{"out":21.273923449313987,"back":21.273923449313987,"walk_out":70.91307816437995,"walk_back":70.91307816437995},"rail-007483":{"out":27.409469711881044,"back":27.409469711881044,"walk_out":91.36489903960349,"walk_back":91.36489903960349},"temma":{"out":9.96969947382812,"back":9.96969947382812,"walk_out":33.23233157942707,"walk_back":33.23233157942707},"temmabashi":{"out":6.311231450046366,"back":6.311231450046366,"walk_out":21.03743816682122,"walk_back":21.03743816682122},"tennoji":{"out":21.006027227588003,"back":21.006027227588003,"walk_out":70.02009075862668,"walk_back":70.02009075862668},"rail-007447":{"out":21.21077576036404,"back":21.21077576036404,"walk_out":70.70258586788013,"walk_back":70.70258586788013},"tenroku":{"out":11.882822322239798,"back":11.882822322239798,"walk_out":39.60940774079933,"walk_back":39.60940774079933},"taishibashi":{"out":19.479038057748127,"back":19.479038057748127,"walk_out":64.93012685916042,"walk_back":64.93012685916042},"rail-007057":{"out":28.20533955132201,"back":28.20533955132201,"walk_out":94.0177985044067,"walk_back":94.0177985044067},"rail-006883":{"out":23.987664534580478,"back":23.987664534580478,"walk_out":79.95888178193492,"walk_back":79.95888178193492},"moriguchi_shi":{"out":22.89567482484943,"back":22.89567482484943,"walk_out":76.31891608283144,"walk_back":76.31891608283144},"rail-007434":{"out":19.41628371021156,"back":19.41628371021156,"walk_out":64.7209457007052,"walk_back":64.7209457007052},"rail-007368":{"out":15.525241617450789,"back":15.525241617450789,"walk_out":51.75080539150263,"walk_back":51.75080539150263},"rail-007493":{"out":29.079798880230307,"back":29.079798880230307,"walk_out":96.93266293410102,"walk_back":96.93266293410102},"rail-006924":{"out":19.81418484377892,"back":19.81418484377892,"walk_out":66.0472828125964,"walk_back":66.0472828125964},"fuse":{"out":16.18713198185895,"back":16.18713198185895,"walk_out":53.957106606196504,"walk_back":53.957106606196504},"rail-007505":{"out":27.40373296121323,"back":27.40373296121323,"walk_out":91.34577653737743,"walk_back":91.34577653737743},"bentencho":{"out":27.761386987875138,"back":27.761386987875138,"walk_out":92.53795662625046,"walk_back":92.53795662625046},"rail-007468":{"out":28.560127212288297,"back":28.560127212288297,"walk_out":95.20042404096098,"walk_back":95.20042404096098},"rail-007131":{"out":17.524312562352154,"back":17.524312562352154,"walk_out":58.414375207840514,"walk_back":58.414375207840514},"shinsaibashi":{"out":14.169959794377899,"back":14.169959794377899,"walk_out":47.233199314592994,"walk_back":47.233199314592994},"rail-007399":{"out":19.556187907785436,"back":19.556187907785436,"walk_out":65.18729302595146,"walk_back":65.18729302595146},"rail-007061":{"out":10.115814415885064,"back":10.115814415885064,"walk_out":33.719381386283544,"walk_back":33.719381386283544},"rail-007162":{"out":10.895281076574662,"back":10.895281076574662,"walk_out":36.31760358858221,"walk_back":36.31760358858221},"rail-007486":{"out":25.08772951600475,"back":25.08772951600475,"walk_out":83.62576505334917,"walk_back":83.62576505334917},"shinimamiya":{"out":21.58967046335524,"back":21.58967046335524,"walk_out":71.96556821118413,"walk_back":71.96556821118413},"rail-007427":{"out":21.426136409010372,"back":21.426136409010372,"walk_out":71.42045469670124,"walk_back":71.42045469670124},"shinosaka":{"out":22.524818415113383,"back":22.524818415113383,"walk_out":75.08272805037795,"walk_back":75.08272805037795},"rail-007001":{"out":14.133467058198553,"back":14.133467058198553,"walk_out":47.11155686066184,"walk_back":47.11155686066184},"rail-007297":{"out":12.589529598018594,"back":12.589529598018594,"walk_out":41.96509866006198,"walk_back":41.96509866006198},"rail-007104":{"out":17.642626096180877,"back":17.642626096180877,"walk_out":58.80875365393626,"walk_back":58.80875365393626},"nipponbashi":{"out":14.725988069270448,"back":14.725988069270448,"walk_out":49.08662689756816,"walk_back":49.08662689756816},"rail-007499":{"out":26.440620030430193,"back":26.440620030430193,"walk_out":88.13540010143397,"walk_back":88.13540010143397},"rail-007406":{"out":24.48356384975644,"back":24.48356384975644,"walk_out":81.61187949918813,"walk_back":81.61187949918813},"hommachi":{"out":13.194034747748193,"back":13.194034747748193,"walk_out":43.98011582582731,"walk_back":43.98011582582731},"rail-006869":{"out":25.77439826901364,"back":25.77439826901364,"walk_out":85.91466089671214,"walk_back":85.91466089671214},"rail-007500":{"out":27.509577105170912,"back":27.509577105170912,"walk_out":91.6985903505697,"walk_back":91.6985903505697},"rail-006878":{"out":24.081936554665386,"back":24.081936554665386,"walk_out":80.27312184888461,"walk_back":80.27312184888461},"rail-007479":{"out":23.50228948868176,"back":23.50228948868176,"walk_out":78.34096496227254,"walk_back":78.34096496227254},"rail-007250":{"out":10.275530910039572,"back":10.275530910039572,"walk_out":34.25176970013191,"walk_back":34.25176970013191},"rail-007472":{"out":25.77401350246919,"back":25.77401350246919,"walk_out":85.91337834156397,"walk_back":85.91337834156397},"rail-007487":{"out":26.094661009995114,"back":26.094661009995114,"walk_out":86.98220336665038,"walk_back":86.98220336665038},"rail-006931":{"out":18.637951977638462,"back":18.637951977638462,"walk_out":62.12650659212821,"walk_back":62.12650659212821},"rail-007380":{"out":14.504720669878786,"back":14.504720669878786,"walk_out":48.349068899595956,"walk_back":48.349068899595956},"sakuranomiya":{"out":7.825448956504174,"back":7.825448956504174,"walk_out":26.08482985501391,"walk_back":26.08482985501391},"sakuragawa":{"out":19.87406688220307,"back":19.87406688220307,"walk_out":66.24688960734358,"walk_back":66.24688960734358},"morinomiya":{"out":4.179383608255459,"back":4.179383608255459,"walk_out":13.931278694184863,"walk_back":13.931278694184863},"rail-006977":{"out":14.35895493387807,"back":14.35895493387807,"walk_out":47.8631831129269,"walk_back":47.8631831129269},"rail-007063":{"out":15.387224027381206,"back":15.387224027381206,"walk_out":51.29074675793736,"walk_back":51.29074675793736},"rail-007303":{"out":20.150587728218838,"back":20.150587728218838,"walk_out":67.16862576072946,"walk_back":67.16862576072946},"rail-007350":{"out":21.16355950688974,"back":21.16355950688974,"walk_out":70.54519835629914,"walk_back":70.54519835629914},"rail-007345":{"out":18.694279473661304,"back":18.694279473661304,"walk_out":62.314264912204344,"walk_back":62.314264912204344},"rail-007470":{"out":22.405665765475188,"back":22.405665765475188,"walk_out":74.68555255158395,"walk_back":74.68555255158395},"rail-007442":{"out":26.778852642215607,"back":26.778852642215607,"walk_out":89.26284214071869,"walk_back":89.26284214071869},"rail-007102":{"out":22.255974154319517,"back":22.255974154319517,"walk_out":74.18658051439839,"walk_back":74.18658051439839},"yodoyabashi":{"out":11.922169283549703,"back":11.922169283549703,"walk_out":39.740564278499015,"walk_back":39.740564278499015},"rail-007097":{"out":25.105952955328558,"back":25.105952955328558,"walk_out":83.6865098510952,"walk_back":83.6865098510952},"awaji":{"out":22.4317382797263,"back":22.4317382797263,"walk_out":74.772460932421,"walk_back":74.772460932421},"fukaebashi":{"out":9.972145904956804,"back":9.972145904956804,"walk_out":33.24048634985601,"walk_back":33.24048634985601},"rail-006964":{"out":17.135589745026845,"back":17.135589745026845,"walk_out":57.11863248342282,"walk_back":57.11863248342282},"watanabebashi":{"out":13.839524471003722,"back":13.839524471003722,"walk_out":46.13174823667907,"walk_back":46.13174823667907},"rail-006933":{"out":18.66436421204351,"back":18.66436421204351,"walk_out":62.21454737347837,"walk_back":62.21454737347837},"rail-007154":{"out":20.92568838120797,"back":20.92568838120797,"walk_out":69.75229460402656,"walk_back":69.75229460402656},"rail-007260":{"out":7.698872449159067,"back":7.698872449159067,"walk_out":25.662908163863555,"walk_back":25.662908163863555},"rail-006824":{"out":27.555951438456773,"back":27.555951438456773,"walk_out":91.85317146152258,"walk_back":91.85317146152258},"rail-007519":{"out":27.851226777568574,"back":27.851226777568574,"walk_out":92.83742259189525,"walk_back":92.83742259189525},"rail-006807":{"out":29.691143611488727,"back":29.691143611488727,"walk_out":98.97047870496243,"walk_back":98.97047870496243},"rail-006916":{"out":28.69008029110846,"back":28.69008029110846,"walk_out":95.63360097036153,"walk_back":95.63360097036153},"fukushima":{"out":17.406264161841452,"back":17.406264161841452,"walk_out":58.020880539471506,"walk_back":58.020880539471506},"rail-007201":{"out":6.150508269827344,"back":6.150508269827344,"walk_out":20.501694232757814,"walk_back":20.501694232757814},"rail-007475":{"out":23.486599119209167,"back":23.486599119209167,"walk_out":78.28866373069722,"walk_back":78.28866373069722},"rail-007498":{"out":28.55905827883022,"back":28.55905827883022,"walk_out":95.19686092943408,"walk_back":95.19686092943408},"rail-007143":{"out":13.598155350320415,"back":13.598155350320415,"walk_out":45.32718450106805,"walk_back":45.32718450106805},"rail-007379":{"out":21.65466107458616,"back":21.65466107458616,"walk_out":72.18220358195386,"walk_back":72.18220358195386},"rail-007371":{"out":21.91514328806743,"back":21.91514328806743,"walk_out":73.05047762689144,"walk_back":73.05047762689144},"rail-007454":{"out":24.759534105693913,"back":24.759534105693913,"walk_out":82.53178035231304,"walk_back":82.53178035231304},"rail-007234":{"out":26.68763413283137,"back":26.68763413283137,"walk_out":88.95878044277123,"walk_back":88.95878044277123},"rail-007452":{"out":23.74762219439195,"back":23.74762219439195,"walk_out":79.15874064797318,"walk_back":79.15874064797318},"gamo4":{"out":6.744106049183087,"back":6.744106049183087,"walk_out":22.48035349727696,"walk_back":22.48035349727696},"rail-007477":{"out":26.3413989437878,"back":26.3413989437878,"walk_out":87.80466314595934,"walk_back":87.80466314595934},"rail-006892":{"out":25.841937874418402,"back":25.841937874418402,"walk_out":86.139792914728,"walk_back":86.139792914728},"rail-006942":{"out":20.389948102188157,"back":20.389948102188157,"walk_out":67.96649367396053,"walk_back":67.96649367396053},"nishikujo":{"out":24.618410705372813,"back":24.618410705372813,"walk_out":82.06136901790939,"walk_back":82.06136901790939},"rail-007249":{"out":16.074295513543653,"back":16.074295513543653,"walk_out":53.58098504514551,"walk_back":53.58098504514551},"rail-007476":{"out":28.33654418553657,"back":28.33654418553657,"walk_out":94.45514728512191,"walk_back":94.45514728512191},"rail-007246":{"out":18.603440658659444,"back":18.603440658659444,"walk_out":62.01146886219814,"walk_back":62.01146886219814},"tanimachi9":{"out":12.393526977131412,"back":12.393526977131412,"walk_out":41.31175659043804,"walk_back":41.31175659043804},"tanimachi6":{"out":9.19495073427007,"back":9.19495073427007,"walk_out":30.64983578090023,"walk_back":30.64983578090023},"tanimachi4":{"out":7.077021133201556,"back":7.077021133201556,"walk_out":23.590070444005185,"walk_back":23.590070444005185},"rail-007317":{"out":14.619269918757047,"back":14.619269918757047,"walk_out":48.730899729190156,"walk_back":48.730899729190156},"miyakojima":{"out":8.533759446558902,"back":8.533759446558902,"walk_out":28.445864821863008,"walk_back":28.445864821863008},"rail-007036":{"out":8.157339498682697,"back":8.157339498682697,"walk_out":27.19113166227566,"walk_back":27.19113166227566},"rail-007030":{"out":8.344795801565674,"back":8.344795801565674,"walk_out":27.815986005218914,"walk_back":27.815986005218914},"rail-007109":{"out":21.082621902519723,"back":21.082621902519723,"walk_out":70.2754063417324,"walk_back":70.2754063417324},"rail-007159":{"out":21.452781358806764,"back":21.452781358806764,"walk_out":71.50927119602255,"walk_back":71.50927119602255},"rail-007113":{"out":21.507623800096763,"back":21.507623800096763,"walk_out":71.69207933365587,"walk_back":71.69207933365587},"nagahoribashi":{"out":12.06607337616825,"back":12.06607337616825,"walk_out":40.2202445872275,"walk_back":40.2202445872275},"rail-007425":{"out":24.327516499120378,"back":24.327516499120378,"walk_out":81.0917216637346,"walk_back":81.0917216637346},"nagata":{"out":22.030398817781865,"back":22.030398817781865,"walk_out":73.43466272593955,"walk_back":73.43466272593955},"kadoma_minami":{"out":24.439457780927665,"back":24.439457780927665,"walk_out":81.46485926975889,"walk_back":81.46485926975889},"rail-006885":{"out":27.733618474392028,"back":27.733618474392028,"walk_out":92.44539491464009,"walk_back":92.44539491464009},"rail-007013":{"out":10.872392986378872,"back":10.872392986378872,"walk_out":36.24130995459624,"walk_back":36.24130995459624},"rail-007008":{"out":10.944045533877201,"back":10.944045533877201,"walk_out":36.48015177959067,"walk_back":36.48015177959067},"rail-007002":{"out":11.665263865314747,"back":11.665263865314747,"walk_out":38.88421288438249,"walk_back":38.88421288438249},"rail-007460":{"out":23.216878363014263,"back":23.216878363014263,"walk_out":77.38959454338088,"walk_back":77.38959454338088},"awaza":{"out":17.2087114177921,"back":17.2087114177921,"walk_out":57.362371392640334,"walk_back":57.362371392640334},"rail-007235":{"out":15.266324095173342,"back":15.266324095173342,"walk_out":50.887746983911136,"walk_back":50.887746983911136},"rail-007229":{"out":15.177594517806373,"back":15.177594517806373,"walk_out":50.59198172602124,"walk_back":50.59198172602124},"rail-007125":{"out":4.295128363923124,"back":4.295128363923124,"walk_out":14.317094546410413,"walk_back":14.317094546410413},"rail-007084":{"out":23.712479663683013,"back":23.712479663683013,"walk_out":79.04159887894338,"walk_back":79.04159887894338},"tsuruhashi":{"out":11.211080424551207,"back":11.211080424551207,"walk_out":37.37026808183736,"walk_back":37.37026808183736},"tsurumi":{"out":19.43648892948504,"back":19.43648892948504,"walk_out":64.7882964316168,"walk_back":64.7882964316168}}}},{"type":"Feature","geometry":{"type":"Point","coordinates":[135.49660785649013,34.688081112988776]},"properties":{"id":"osaka-info-11360","name":"voco大阪セントラル by IHG 「新しい旅路：デン・ハーグから大阪へ、 vocoホテルとともに。」コラボメニュー","venue":"voco大阪セントラル カフェ＆バー「LOKAL HOUSE」","address":"大阪市西区京町堀1-7-1","category":"グルメ","date":"2026-08-24","end_date":"2026-09-30","start":null,"end":null,"schedule":"【期間】2026年8月24日(月)〜9月30日(水)【時間】11:30～21:00 (L.O.)","url":"https://osaka-info.jp/event/voco-journey-the-hague/","source":"OSAKA-INFO（大阪観光局）","source_category":"グルメ","source_updated":"2026-09-04","fetched_at":"2026-09-13T05:27:23.764Z","coordinate_source":"https://osaka-info.jp/event/voco-journey-the-hague/","fictional":false,"access":{"rail-007344":{"out":29.63863132898586,"back":29.63863132898586,"walk_out":98.79543776328619,"walk_back":98.79543776328619},"rail-006872":{"out":24.93677815535925,"back":24.93677815535925,"walk_out":83.1225938511975,"walk_back":83.1225938511975},"rail-007041":{"out":18.379654857083164,"back":18.379654857083164,"walk_out":61.26551619027722,"walk_back":61.26551619027722},"naniwabashi":{"out":4.563306112823094,"back":4.563306112823094,"walk_out":15.211020376076979,"walk_back":15.211020376076979},"namba":{"out":9.837916333677814,"back":9.837916333677814,"walk_out":32.793054445592716,"walk_back":32.793054445592716},"rail-007283":{"out":10.253106001474848,"back":10.253106001474848,"walk_out":34.17702000491616,"walk_back":34.17702000491616},"rail-007280":{"out":9.928344831148605,"back":9.928344831148605,"walk_out":33.094482770495354,"walk_back":33.094482770495354},"rail-007300":{"out":23.060367174392077,"back":23.060367174392077,"walk_out":76.86789058130692,"walk_back":76.86789058130692},"rail-006889":{"out":22.527269321483757,"back":22.527269321483757,"walk_out":75.09089773827918,"walk_back":75.09089773827918},"rail-006849":{"out":27.307456642919284,"back":27.307456642919284,"walk_out":91.0248554763976,"walk_back":91.0248554763976},"nakanoshima":{"out":3.5689147432852226,"back":3.5689147432852226,"walk_out":11.896382477617408,"walk_back":11.896382477617408},"rail-007040":{"out":9.104426116036498,"back":9.104426116036498,"walk_out":30.348087053454993,"walk_back":30.348087053454993},"rail-007016":{"out":9.807796365802977,"back":9.807796365802977,"walk_out":32.692654552676586,"walk_back":32.692654552676586},"kujo":{"out":10.393980867343927,"back":10.393980867343927,"walk_out":34.64660289114643,"walk_back":34.64660289114643},"kyobashi":{"out":14.19371613481768,"back":14.19371613481768,"walk_out":47.312387116058936,"walk_back":47.312387116058936},"rail-007407":{"out":15.21212861549087,"back":15.21212861549087,"walk_out":50.70709538496957,"walk_back":50.70709538496957},"rail-007402":{"out":14.884729978553912,"back":14.884729978553912,"walk_out":49.61576659517971,"walk_back":49.61576659517971},"rail-007450":{"out":18.982229808260062,"back":18.982229808260062,"walk_out":63.27409936086687,"walk_back":63.27409936086687},"rail-007070":{"out":24.100859782312806,"back":24.100859782312806,"walk_out":80.33619927437603,"walk_back":80.33619927437603},"rail-007459":{"out":20.150993969325423,"back":20.150993969325423,"walk_out":67.1699798977514,"walk_back":67.1699798977514},"rail-007284":{"out":19.407886552423076,"back":19.407886552423076,"walk_out":64.69295517474359,"walk_back":64.69295517474359},"rail-007342":{"out":22.091635328281495,"back":22.091635328281495,"walk_out":73.63878442760497,"walk_back":73.63878442760497},"rail-007156":{"out":16.465268204171437,"back":16.465268204171437,"walk_out":54.884227347238124,"walk_back":54.884227347238124},"rail-007037":{"out":23.46175947065918,"back":23.46175947065918,"walk_out":78.20586490219728,"walk_back":78.20586490219728},"rail-006935":{"out":23.645875555297685,"back":23.645875555297685,"walk_out":78.81958518432562,"walk_back":78.81958518432562},"dobutsuen":{"out":18.049121242788114,"back":18.049121242788114,"walk_out":60.16373747596038,"walk_back":60.16373747596038},"rail-007485":{"out":23.06202116969767,"back":23.06202116969767,"walk_out":76.87340389899222,"walk_back":76.87340389899222},"rail-007412":{"out":26.38149095786548,"back":26.38149095786548,"walk_out":87.93830319288493,"walk_back":87.93830319288493},"rail-007085":{"out":4.581864034728579,"back":4.581864034728579,"walk_out":15.27288011576193,"walk_back":15.27288011576193},"kitahama":{"out":4.295394815115454,"back":4.295394815115454,"walk_out":14.317982717051514,"walk_back":14.317982717051514},"rail-007502":{"out":27.594290124139004,"back":27.594290124139004,"walk_out":91.98096708046334,"walk_back":91.98096708046334},"rail-007522":{"out":27.22863311398322,"back":27.22863311398322,"walk_out":90.76211037994408,"walk_back":90.76211037994408},"juso":{"out":15.257765407892002,"back":15.257765407892002,"walk_out":50.85921802630668,"walk_back":50.85921802630668},"rail-006953":{"out":26.62836268738314,"back":26.62836268738314,"walk_out":88.76120895794381,"walk_back":88.76120895794381},"rail-006952":{"out":25.080113489405385,"back":25.080113489405385,"walk_out":83.60037829801794,"walk_back":83.60037829801794},"rail-007014":{"out":21.60855291761064,"back":21.60855291761064,"walk_out":72.0285097253688,"walk_back":72.0285097253688},"rail-007177":{"out":14.256978730659352,"back":14.256978730659352,"walk_out":47.52326243553117,"walk_back":47.52326243553117},"rail-006836":{"out":27.82073514307716,"back":27.82073514307716,"walk_out":92.7357838102572,"walk_back":92.7357838102572},"rail-007462":{"out":28.875245321835028,"back":28.875245321835028,"walk_out":96.2508177394501,"walk_back":96.2508177394501},"rail-006948":{"out":16.765403904811105,"back":16.765403904811105,"walk_out":55.884679682703684,"walk_back":55.884679682703684},"minamimorimachi":{"out":6.70124913864572,"back":6.70124913864572,"walk_out":22.337497128819066,"walk_back":22.337497128819066},"rail-007531":{"out":29.191114665867953,"back":29.191114665867953,"walk_out":97.30371555289318,"walk_back":97.30371555289318},"rail-007268":{"out":6.289888792249172,"back":6.289888792249172,"walk_out":20.966295974163906,"walk_back":20.966295974163906},"rail-007382":{"out":14.680039887528922,"back":14.680039887528922,"walk_out":48.933466291763075,"walk_back":48.933466291763075},"rail-006927":{"out":29.86348024418878,"back":29.86348024418878,"walk_out":99.54493414729593,"walk_back":99.54493414729593},"rail-006956":{"out":20.137224835812102,"back":20.137224835812102,"walk_out":67.12408278604035,"walk_back":67.12408278604035},"rail-007190":{"out":4.727943884566883,"back":4.727943884566883,"walk_out":15.759812948556275,"walk_back":15.759812948556275},"rail-007009":{"out":14.932337000616322,"back":14.932337000616322,"walk_out":49.77445666872107,"walk_back":49.77445666872107},"rail-007534":{"out":28.709251978752,"back":28.709251978752,"walk_out":95.69750659584,"walk_back":95.69750659584},"rail-007395":{"out":14.145255078816588,"back":14.145255078816588,"walk_out":47.15085026272196,"walk_back":47.15085026272196},"taisho":{"out":11.7330941853322,"back":11.7330941853322,"walk_out":39.11031395110734,"walk_back":39.11031395110734},"oe_bridge":{"out":3.2162499174476022,"back":3.2162499174476022,"walk_out":10.720833058158675,"walk_back":10.720833058158675},"rail-006996":{"out":28.764669938435322,"back":28.764669938435322,"walk_out":95.88223312811773,"walk_back":95.88223312811773},"osaka_business":{"out":12.242698184994607,"back":12.242698184994607,"walk_out":40.808993949982025,"walk_back":40.808993949982025},"osaka":{"out":6.269509238097384,"back":6.269509238097384,"walk_out":20.89836412699128,"walk_back":20.89836412699128},"uehommachi":{"out":13.518043331004156,"back":13.518043331004156,"walk_out":45.060144436680524,"walk_back":45.060144436680524},"rail-007164":{"out":13.813754424065653,"back":13.813754424065653,"walk_out":46.045848080218846,"walk_back":46.045848080218846},"rail-007107":{"out":10.880872228789405,"back":10.880872228789405,"walk_out":36.269574095964686,"walk_back":36.269574095964686},"rail-007090":{"out":7.395958078430555,"back":7.395958078430555,"walk_out":24.653193594768517,"walk_back":24.653193594768517},"osakako":{"out":27.39804898236757,"back":27.39804898236757,"walk_out":91.32682994122524,"walk_back":91.32682994122524},"rail-007451":{"out":19.9870176396563,"back":19.9870176396563,"walk_out":66.62339213218766,"walk_back":66.62339213218766},"rail-007483":{"out":22.70470380912999,"back":22.70470380912999,"walk_out":75.68234603043331,"walk_back":75.68234603043331},"temma":{"out":9.457890297281404,"back":9.457890297281404,"walk_out":31.52630099093801,"walk_back":31.52630099093801},"temmabashi":{"out":7.273185827014981,"back":7.273185827014981,"walk_out":24.243952756716602,"walk_back":24.243952756716602},"tennoji":{"out":19.721597815687314,"back":19.721597815687314,"walk_out":65.73865938562437,"walk_back":65.73865938562437},"rail-007447":{"out":19.558762550928105,"back":19.558762550928105,"walk_out":65.19587516976034,"walk_back":65.19587516976034},"rail-007515":{"out":26.196655536050493,"back":26.196655536050493,"walk_out":87.3221851201683,"walk_back":87.3221851201683},"tenroku":{"out":10.983531199047711,"back":10.983531199047711,"walk_out":36.611770663492365,"walk_back":36.611770663492365},"taishibashi":{"out":28.528950833544044,"back":28.528950833544044,"walk_out":95.09650277848016,"walk_back":95.09650277848016},"rail-007057":{"out":15.803044656205987,"back":15.803044656205987,"walk_out":52.676815520686624,"walk_back":52.676815520686624},"rail-007532":{"out":28.55863754398382,"back":28.55863754398382,"walk_out":95.19545847994607,"walk_back":95.19545847994607},"rail-007275":{"out":20.36674835683712,"back":20.36674835683712,"walk_out":67.88916118945707,"walk_back":67.88916118945707},"rail-007434":{"out":20.402520580919692,"back":20.402520580919692,"walk_out":68.00840193639897,"walk_back":68.00840193639897},"rail-007368":{"out":24.854210490268855,"back":24.854210490268855,"walk_out":82.84736830089619,"walk_back":82.84736830089619},"rail-007493":{"out":23.987264308677215,"back":23.987264308677215,"walk_out":79.95754769559072,"walk_back":79.95754769559072},"rail-007517":{"out":26.42990789414561,"back":26.42990789414561,"walk_out":88.09969298048537,"walk_back":88.09969298048537},"rail-006924":{"out":19.72685866403219,"back":19.72685866403219,"walk_out":65.75619554677397,"walk_back":65.75619554677397},"fuse":{"out":26.717734880293033,"back":26.717734880293033,"walk_out":89.05911626764345,"walk_back":89.05911626764345},"rail-007538":{"out":29.420723143048814,"back":29.420723143048814,"walk_out":98.06907714349605,"walk_back":98.06907714349605},"rail-006832":{"out":28.78439319719213,"back":28.78439319719213,"walk_out":95.94797732397377,"walk_back":95.94797732397377},"bentencho":{"out":14.996859881849456,"back":14.996859881849456,"walk_out":49.98953293949819,"walk_back":49.98953293949819},"rail-007011":{"out":18.56358127428345,"back":18.56358127428345,"walk_out":61.8786042476115,"walk_back":61.8786042476115},"shinsaibashi":{"out":6.236721109161698,"back":6.236721109161698,"walk_out":20.789070363872323,"walk_back":20.789070363872323},"rail-007399":{"out":15.60663129416953,"back":15.60663129416953,"walk_out":52.02210431389843,"walk_back":52.02210431389843},"rail-007061":{"out":8.727064306344355,"back":8.727064306344355,"walk_out":29.090214354481184,"walk_back":29.090214354481184},"rail-007162":{"out":24.331669589489437,"back":24.331669589489437,"walk_out":81.10556529829812,"walk_back":81.10556529829812},"rail-007486":{"out":24.556083293873435,"back":24.556083293873435,"walk_out":81.85361097957812,"walk_back":81.85361097957812},"shinimamiya":{"out":17.0854751341285,"back":17.0854751341285,"walk_out":56.95158378042834,"walk_back":56.95158378042834},"rail-007427":{"out":17.32454987977011,"back":17.32454987977011,"walk_out":57.748499599233696,"walk_back":57.748499599233696},"shinosaka":{"out":20.51750067618461,"back":20.51750067618461,"walk_out":68.39166892061537,"walk_back":68.39166892061537},"rail-007001":{"out":25.578023483489414,"back":25.578023483489414,"walk_out":85.26007827829804,"walk_back":85.26007827829804},"rail-007297":{"out":22.852146134628445,"back":22.852146134628445,"walk_out":76.17382044876149,"walk_back":76.17382044876149},"rail-007104":{"out":5.048132508283641,"back":5.048132508283641,"walk_out":16.82710836094547,"walk_back":16.82710836094547},"nipponbashi":{"out":10.191332889607732,"back":10.191332889607732,"walk_out":33.97110963202577,"walk_back":33.97110963202577},"rail-007499":{"out":25.60815519276325,"back":25.60815519276325,"walk_out":85.36051730921083,"walk_back":85.36051730921083},"rail-007370":{"out":21.325354769032607,"back":21.325354769032607,"walk_out":71.08451589677536,"walk_back":71.08451589677536},"rail-007406":{"out":15.670144352810189,"back":15.670144352810189,"walk_out":52.23381450936729,"walk_back":52.23381450936729},"hommachi":{"out":2.847302998208524,"back":2.847302998208524,"walk_out":9.491009994028412,"walk_back":9.491009994028412},"rail-006986":{"out":25.088744091603576,"back":25.088744091603576,"walk_out":83.62914697201192,"walk_back":83.62914697201192},"rail-006869":{"out":23.59184881856519,"back":23.59184881856519,"walk_out":78.63949606188396,"walk_back":78.63949606188396},"rail-007500":{"out":25.09848487450709,"back":25.09848487450709,"walk_out":83.66161624835696,"walk_back":83.66161624835696},"rail-006878":{"out":22.90094287077459,"back":22.90094287077459,"walk_out":76.3364762359153,"walk_back":76.3364762359153},"rail-007525":{"out":27.230962008043676,"back":27.230962008043676,"walk_out":90.7698733601456,"walk_back":90.7698733601456},"rail-007479":{"out":26.835972087414962,"back":26.835972087414962,"walk_out":89.45324029138321,"walk_back":89.45324029138321},"rail-007250":{"out":8.071258894836612,"back":8.071258894836612,"walk_out":26.90419631612204,"walk_back":26.90419631612204},"rail-007472":{"out":21.683175651906502,"back":21.683175651906502,"walk_out":72.27725217302168,"walk_back":72.27725217302168},"rail-007487":{"out":23.889699793117025,"back":23.889699793117025,"walk_out":79.63233264372342,"walk_back":79.63233264372342},"rail-006931":{"out":18.8744750266057,"back":18.8744750266057,"walk_out":62.91491675535234,"walk_back":62.91491675535234},"rail-007380":{"out":17.453280595622957,"back":17.453280595622957,"walk_out":58.17760198540986,"walk_back":58.17760198540986},"sakuranomiya":{"out":11.668655273393737,"back":11.668655273393737,"walk_out":38.89551757797912,"walk_back":38.89551757797912},"rail-007364":{"out":26.14777074112641,"back":26.14777074112641,"walk_out":87.15923580375471,"walk_back":87.15923580375471},"sakuragawa":{"out":9.487727042669922,"back":9.487727042669922,"walk_out":31.625756808899744,"walk_back":31.625756808899744},"morinomiya":{"out":13.380176543832004,"back":13.380176543832004,"walk_out":44.60058847944001,"walk_back":44.60058847944001},"rail-006977":{"out":24.499935283534324,"back":24.499935283534324,"walk_out":81.6664509451144,"walk_back":81.6664509451144},"rail-007063":{"out":28.6543245550652,"back":28.6543245550652,"walk_out":95.51441518355068,"walk_back":95.51441518355068},"rail-007303":{"out":9.861321571957614,"back":9.861321571957614,"walk_out":32.87107190652538,"walk_back":32.87107190652538},"rail-007345":{"out":29.934155270056895,"back":29.934155270056895,"walk_out":99.78051756685632,"walk_back":99.78051756685632},"rail-007470":{"out":23.241742720339882,"back":23.241742720339882,"walk_out":77.47247573446627,"walk_back":77.47247573446627},"rail-007442":{"out":18.879094092147778,"back":18.879094092147778,"walk_out":62.930313640492585,"walk_back":62.930313640492585},"rail-007102":{"out":9.276162487797087,"back":9.276162487797087,"walk_out":30.92054162599029,"walk_back":30.92054162599029},"yodoyabashi":{"out":2.1396002533891223,"back":2.1396002533891223,"walk_out":7.132000844630408,"walk_back":7.132000844630408},"rail-007097":{"out":12.037977239141421,"back":12.037977239141421,"walk_out":40.12659079713807,"walk_back":40.12659079713807},"awaji":{"out":24.0011165518113,"back":24.0011165518113,"walk_out":80.003721839371,"walk_back":80.003721839371},"fukaebashi":{"out":22.387168042034347,"back":22.387168042034347,"walk_out":74.62389347344782,"walk_back":74.62389347344782},"rail-006964":{"out":27.942589242852844,"back":27.942589242852844,"walk_out":93.14196414284281,"walk_back":93.14196414284281},"watanabebashi":{"out":2.665044486550765,"back":2.665044486550765,"walk_out":8.883481621835884,"walk_back":8.883481621835884},"rail-006933":{"out":28.433780173864722,"back":28.433780173864722,"walk_out":94.77926724621574,"walk_back":94.77926724621574},"rail-007533":{"out":28.552082972970332,"back":28.552082972970332,"walk_out":95.17360990990112,"walk_back":95.17360990990112},"rail-007154":{"out":7.427743241714249,"back":7.427743241714249,"walk_out":24.759144139047496,"walk_back":24.759144139047496},"rail-007260":{"out":14.761621743011812,"back":14.761621743011812,"walk_out":49.20540581003937,"walk_back":49.20540581003937},"rail-007519":{"out":28.459562930274796,"back":28.459562930274796,"walk_out":94.86520976758266,"walk_back":94.86520976758266},"rail-006916":{"out":21.329649335763744,"back":21.329649335763744,"walk_out":71.09883111921248,"walk_back":71.09883111921248},"rail-007077":{"out":20.382007469055438,"back":20.382007469055438,"walk_out":67.94002489685147,"walk_back":67.94002489685147},"fukushima":{"out":5.461406708690593,"back":5.461406708690593,"walk_out":18.20468902896864,"walk_back":18.20468902896864},"rail-007201":{"out":18.01013057935024,"back":18.01013057935024,"walk_out":60.033768597834126,"walk_back":60.033768597834126},"rail-007475":{"out":24.13687981663862,"back":24.13687981663862,"walk_out":80.45626605546207,"walk_back":80.45626605546207},"rail-007498":{"out":24.49676537706729,"back":24.49676537706729,"walk_out":81.6558845902243,"walk_back":81.6558845902243},"rail-007143":{"out":1.396718076477816,"back":1.396718076477816,"walk_out":4.65572692159272,"walk_back":4.65572692159272},"rail-007379":{"out":13.4013052037169,"back":13.4013052037169,"walk_out":44.671017345723,"walk_back":44.671017345723},"rail-007371":{"out":12.823808587631884,"back":12.823808587631884,"walk_out":42.746028625439614,"walk_back":42.746028625439614},"rail-007454":{"out":19.515243093861756,"back":19.515243093861756,"walk_out":65.05081031287253,"walk_back":65.05081031287253},"rail-007452":{"out":18.92031469360719,"back":18.92031469360719,"walk_out":63.067715645357296,"walk_back":63.067715645357296},"gamo4":{"out":19.499994318696036,"back":19.499994318696036,"walk_out":64.99998106232012,"walk_back":64.99998106232012},"rail-006942":{"out":17.125779549039986,"back":17.125779549039986,"walk_out":57.08593183013329,"walk_back":57.08593183013329},"nishikujo":{"out":11.101527056882492,"back":11.101527056882492,"walk_out":37.00509018960831,"walk_back":37.00509018960831},"rail-007249":{"out":5.679348635359014,"back":5.679348635359014,"walk_out":18.93116211786338,"walk_back":18.93116211786338},"rail-007476":{"out":22.1810751820181,"back":22.1810751820181,"walk_out":73.93691727339366,"walk_back":73.93691727339366},"rail-007246":{"out":7.204976350172392,"back":7.204976350172392,"walk_out":24.016587833907973,"walk_back":24.016587833907973},"tanimachi9":{"out":11.697792650227132,"back":11.697792650227132,"walk_out":38.992642167423774,"walk_back":38.992642167423774},"tanimachi6":{"out":9.423964289504326,"back":9.423964289504326,"walk_out":31.41321429834775,"walk_back":31.41321429834775},"tanimachi4":{"out":8.017249042980463,"back":8.017249042980463,"walk_out":26.724163476601543,"walk_back":26.724163476601543},"rail-007317":{"out":10.08815307822618,"back":10.08815307822618,"walk_out":33.6271769274206,"walk_back":33.6271769274206},"miyakojima":{"out":14.210421917535223,"back":14.210421917535223,"walk_out":47.36807305845074,"walk_back":47.36807305845074},"rail-007036":{"out":19.106258178389705,"back":19.106258178389705,"walk_out":63.687527261299024,"walk_back":63.687527261299024},"rail-007030":{"out":17.914004734892,"back":17.914004734892,"walk_out":59.71334911630667,"walk_back":59.71334911630667},"rail-007109":{"out":8.022982132075496,"back":8.022982132075496,"walk_out":26.74327377358499,"walk_back":26.74327377358499},"rail-007159":{"out":7.9372098528860935,"back":7.9372098528860935,"walk_out":26.45736617628698,"walk_back":26.45736617628698},"rail-007113":{"out":8.390593649417118,"back":8.390593649417118,"walk_out":27.96864549805706,"walk_back":27.96864549805706},"nagahoribashi":{"out":6.731461905481938,"back":6.731461905481938,"walk_out":22.43820635160646,"walk_back":22.43820635160646},"rail-007013":{"out":21.4131944267655,"back":21.4131944267655,"walk_out":71.377314755885,"walk_back":71.377314755885},"rail-007008":{"out":21.33393016233737,"back":21.33393016233737,"walk_out":71.11310054112457,"walk_back":71.11310054112457},"rail-007002":{"out":21.533194863014632,"back":21.533194863014632,"walk_out":71.77731621004878,"walk_back":71.77731621004878},"rail-007460":{"out":21.331060412767414,"back":21.331060412767414,"walk_out":71.1035347092247,"walk_back":71.1035347092247},"awaza":{"out":4.365945726352841,"back":4.365945726352841,"walk_out":14.553152421176136,"walk_back":14.553152421176136},"rail-007235":{"out":28.082449523233375,"back":28.082449523233375,"walk_out":93.60816507744458,"walk_back":93.60816507744458},"rail-007229":{"out":28.022830357134378,"back":28.022830357134378,"walk_out":93.40943452378126,"walk_back":93.40943452378126},"rail-007125":{"out":17.839083336228384,"back":17.839083336228384,"walk_out":59.46361112076128,"walk_back":59.46361112076128},"tsuruhashi":{"out":15.847209374184237,"back":15.847209374184237,"walk_out":52.824031247280786,"walk_back":52.824031247280786}}}},{"type":"Feature","geometry":{"type":"Point","coordinates":[135.50084496580942,34.676992086597416]},"properties":{"id":"osaka-info-11359","name":"WEEEKEND SELECTERS","venue":"BAR Inc","address":"大阪市中央区南船場3丁目10-19 銀泉心斎橋ビルB1F","category":"その他","date":"2026-09-04","end_date":"2026-09-25","start":null,"end":null,"schedule":"【期間】】2026年9月4日(金),5日(土),12日(土),13日(日),19日(土),20日(日),25日(金)【時間】20:00～03:00","url":"https://osaka-info.jp/event/weekend-selecters/","source":"OSAKA-INFO（大阪観光局）","source_category":"その他","source_updated":"2026-09-03","fetched_at":"2026-09-13T05:27:23.764Z","coordinate_source":"https://osaka-info.jp/event/weekend-selecters/","fictional":false,"access":{"rail-007376":{"out":27.445453924037825,"back":27.445453924037825,"walk_out":91.48484641345941,"walk_back":91.48484641345941},"rail-007344":{"out":26.743677893082154,"back":26.743677893082154,"walk_out":89.14559297694052,"walk_back":89.14559297694052},"rail-006872":{"out":29.21637757927404,"back":29.21637757927404,"walk_out":97.3879252642468,"walk_back":97.3879252642468},"rail-007041":{"out":19.90296311525585,"back":19.90296311525585,"walk_out":66.34321038418616,"walk_back":66.34321038418616},"rail-007422":{"out":28.12079023781703,"back":28.12079023781703,"walk_out":93.7359674593901,"walk_back":93.7359674593901},"naniwabashi":{"out":7.2867016478531,"back":7.2867016478531,"walk_out":24.289005492843668,"walk_back":24.289005492843668},"namba":{"out":4.818945860240515,"back":4.818945860240515,"walk_out":16.063152867468382,"walk_back":16.063152867468382},"rail-007283":{"out":8.6094690666542,"back":8.6094690666542,"walk_out":28.698230222180662,"walk_back":28.698230222180662},"rail-007280":{"out":8.324692356735362,"back":8.324692356735362,"walk_out":27.748974522451206,"walk_back":27.748974522451206},"rail-007300":{"out":23.142540195580313,"back":23.142540195580313,"walk_out":77.14180065193437,"walk_back":77.14180065193437},"rail-006889":{"out":27.68325284133783,"back":27.68325284133783,"walk_out":92.2775094711261,"walk_back":92.2775094711261},"nakanoshima":{"out":8.07458910197563,"back":8.07458910197563,"walk_out":26.915297006585433,"walk_back":26.915297006585433},"rail-007040":{"out":13.537491321499061,"back":13.537491321499061,"walk_out":45.12497107166354,"walk_back":45.12497107166354},"rail-007016":{"out":14.938805681049992,"back":14.938805681049992,"walk_out":49.796018936833306,"walk_back":49.796018936833306},"kujo":{"out":9.783434312646623,"back":9.783434312646623,"walk_out":32.61144770882208,"walk_back":32.61144770882208},"kyobashi":{"out":14.966953757895688,"back":14.966953757895688,"walk_out":49.8898458596523,"walk_back":49.8898458596523},"rail-007407":{"out":10.640994015821935,"back":10.640994015821935,"walk_out":35.46998005273978,"walk_back":35.46998005273978},"rail-007402":{"out":9.846967796763575,"back":9.846967796763575,"walk_out":32.82322598921192,"walk_back":32.82322598921192},"rail-007529":{"out":25.11498646197982,"back":25.11498646197982,"walk_out":83.71662153993273,"walk_back":83.71662153993273},"rail-007450":{"out":13.945919226517054,"back":13.945919226517054,"walk_out":46.48639742172351,"walk_back":46.48639742172351},"rail-007070":{"out":24.430479841399148,"back":24.430479841399148,"walk_out":81.43493280466383,"walk_back":81.43493280466383},"rail-007459":{"out":15.13562540091651,"back":15.13562540091651,"walk_out":50.4520846697217,"walk_back":50.4520846697217},"rail-007284":{"out":16.26174809079674,"back":16.26174809079674,"walk_out":54.205826969322466,"walk_back":54.205826969322466},"rail-007342":{"out":18.759101984240022,"back":18.759101984240022,"walk_out":62.530339947466736,"walk_back":62.530339947466736},"rail-007156":{"out":18.817427512236716,"back":18.817427512236716,"walk_out":62.72475837412239,"walk_back":62.72475837412239},"rail-007567":{"out":28.241439816739856,"back":28.241439816739856,"walk_out":94.13813272246618,"walk_back":94.13813272246618},"rail-007573":{"out":28.915262199687337,"back":28.915262199687337,"walk_out":96.38420733229113,"walk_back":96.38420733229113},"rail-007572":{"out":28.325282235160508,"back":28.325282235160508,"walk_out":94.41760745053502,"walk_back":94.41760745053502},"rail-007574":{"out":28.881845440414505,"back":28.881845440414505,"walk_out":96.27281813471501,"walk_back":96.27281813471501},"rail-007378":{"out":27.153175098019457,"back":27.153175098019457,"walk_out":90.51058366006485,"walk_back":90.51058366006485},"rail-007037":{"out":27.00313700736401,"back":27.00313700736401,"walk_out":90.01045669121336,"walk_back":90.01045669121336},"rail-006935":{"out":28.439539201396716,"back":28.439539201396716,"walk_out":94.79846400465571,"walk_back":94.79846400465571},"dobutsuen":{"out":12.981509108154054,"back":12.981509108154054,"walk_out":43.27169702718018,"walk_back":43.27169702718018},"rail-007544":{"out":25.990938146434726,"back":25.990938146434726,"walk_out":86.63646048811576,"walk_back":86.63646048811576},"rail-007485":{"out":18.093906392113134,"back":18.093906392113134,"walk_out":60.31302130704378,"walk_back":60.31302130704378},"rail-007412":{"out":22.44588360002161,"back":22.44588360002161,"walk_out":74.81961200007203,"walk_back":74.81961200007203},"rail-007085":{"out":9.611241196483256,"back":9.611241196483256,"walk_out":32.03747065494419,"walk_back":32.03747065494419},"kitahama":{"out":6.910399247740235,"back":6.910399247740235,"walk_out":23.034664159134117,"walk_back":23.034664159134117},"rail-007502":{"out":22.485397504427272,"back":22.485397504427272,"walk_out":74.95132501475757,"walk_back":74.95132501475757},"rail-007522":{"out":22.16716944361664,"back":22.16716944361664,"walk_out":73.89056481205546,"walk_back":73.89056481205546},"juso":{"out":20.422747264283384,"back":20.422747264283384,"walk_out":68.07582421427794,"walk_back":68.07582421427794},"rail-006953":{"out":28.770293296627383,"back":28.770293296627383,"walk_out":95.90097765542461,"walk_back":95.90097765542461},"rail-006952":{"out":27.472040213747597,"back":27.472040213747597,"walk_out":91.57346737915866,"walk_back":91.57346737915866},"rail-007014":{"out":25.648714436936046,"back":25.648714436936046,"walk_out":85.49571478978682,"walk_back":85.49571478978682},"rail-007177":{"out":16.191921586043122,"back":16.191921586043122,"walk_out":53.973071953477074,"walk_back":53.973071953477074},"rail-007462":{"out":24.44965593845653,"back":24.44965593845653,"walk_out":81.49885312818843,"walk_back":81.49885312818843},"rail-006948":{"out":21.676180186285112,"back":21.676180186285112,"walk_out":72.25393395428371,"walk_back":72.25393395428371},"minamimorimachi":{"out":9.859072803974627,"back":9.859072803974627,"walk_out":32.86357601324875,"walk_back":32.86357601324875},"rail-007531":{"out":24.02126589950541,"back":24.02126589950541,"walk_out":80.0708863316847,"walk_back":80.0708863316847},"rail-007268":{"out":2.022846460549717,"back":2.022846460549717,"walk_out":6.742821535165723,"walk_back":6.742821535165723},"rail-007382":{"out":9.598111332431115,"back":9.598111332431115,"walk_out":31.99370444143705,"walk_back":31.99370444143705},"rail-006956":{"out":23.452594858214283,"back":23.452594858214283,"walk_out":78.17531619404761,"walk_back":78.17531619404761},"rail-007190":{"out":3.153390879082157,"back":3.153390879082157,"walk_out":10.511302930273857,"walk_back":10.511302930273857},"rail-007009":{"out":19.730595645580525,"back":19.730595645580525,"walk_out":65.76865215193509,"walk_back":65.76865215193509},"rail-007534":{"out":23.8769994102621,"back":23.8769994102621,"walk_out":79.589998034207,"walk_back":79.589998034207},"rail-007395":{"out":9.270194171213932,"back":9.270194171213932,"walk_out":30.900647237379772,"walk_back":30.900647237379772},"taisho":{"out":9.17762632890661,"back":9.17762632890661,"walk_out":30.592087763022036,"walk_back":30.592087763022036},"oe_bridge":{"out":7.725041450143421,"back":7.725041450143421,"walk_out":25.750138167144737,"walk_back":25.750138167144737},"osaka_business":{"out":12.476732651191893,"back":12.476732651191893,"walk_out":41.58910883730631,"walk_back":41.58910883730631},"osaka":{"out":11.342505826895216,"back":11.342505826895216,"walk_out":37.80835275631739,"walk_back":37.80835275631739},"uehommachi":{"out":9.07098498952904,"back":9.07098498952904,"walk_out":30.236616631763464,"walk_back":30.236616631763464},"rail-007164":{"out":13.179104452365998,"back":13.179104452365998,"walk_out":43.93034817455332,"walk_back":43.93034817455332},"rail-007107":{"out":11.868543627618223,"back":11.868543627618223,"walk_out":39.56181209206074,"walk_back":39.56181209206074},"rail-007090":{"out":10.169250686515582,"back":10.169250686515582,"walk_out":33.897502288385276,"walk_back":33.897502288385276},"osakako":{"out":26.418681241303226,"back":26.418681241303226,"walk_out":88.06227080434408,"walk_back":88.06227080434408},"rail-007451":{"out":14.820124020953545,"back":14.820124020953545,"walk_out":49.40041340317848,"walk_back":49.40041340317848},"rail-007483":{"out":17.828437051311802,"back":17.828437051311802,"walk_out":59.42812350437267,"walk_back":59.42812350437267},"temma":{"out":13.125810162444212,"back":13.125810162444212,"walk_out":43.752700541480706,"walk_back":43.752700541480706},"temmabashi":{"out":8.21395430896787,"back":8.21395430896787,"walk_out":27.379847696559562,"walk_back":27.379847696559562},"tennoji":{"out":14.555805361465433,"back":14.555805361465433,"walk_out":48.51935120488478,"walk_back":48.51935120488478},"rail-007447":{"out":14.389030342532122,"back":14.389030342532122,"walk_out":47.96343447510707,"walk_back":47.96343447510707},"rail-007515":{"out":21.292542478297996,"back":21.292542478297996,"walk_out":70.97514159432664,"walk_back":70.97514159432664},"tenroku":{"out":15.063619826158352,"back":15.063619826158352,"walk_out":50.2120660871945,"walk_back":50.2120660871945},"rail-007057":{"out":19.784147401079586,"back":19.784147401079586,"walk_out":65.94715800359862,"walk_back":65.94715800359862},"rail-007532":{"out":23.540735700417006,"back":23.540735700417006,"walk_out":78.46911900139003,"walk_back":78.46911900139003},"rail-007275":{"out":20.902142550233485,"back":20.902142550233485,"walk_out":69.67380850077828,"walk_back":69.67380850077828},"rail-007434":{"out":15.371181006203498,"back":15.371181006203498,"walk_out":51.23727002067833,"walk_back":51.23727002067833},"rail-007368":{"out":21.43693187108082,"back":21.43693187108082,"walk_out":71.4564395702694,"walk_back":71.4564395702694},"rail-007493":{"out":19.206815577675695,"back":19.206815577675695,"walk_out":64.02271859225232,"walk_back":64.02271859225232},"rail-007517":{"out":21.56612301375307,"back":21.56612301375307,"walk_out":71.88707671251024,"walk_back":71.88707671251024},"rail-006924":{"out":24.266595618352003,"back":24.266595618352003,"walk_out":80.88865206117335,"walk_back":80.88865206117335},"fuse":{"out":23.652316948538886,"back":23.652316948538886,"walk_out":78.84105649512962,"walk_back":78.84105649512962},"rail-007538":{"out":24.49865165509537,"back":24.49865165509537,"walk_out":81.66217218365122,"walk_back":81.66217218365122},"rail-007547":{"out":25.099905640088693,"back":25.099905640088693,"walk_out":83.66635213362898,"walk_back":83.66635213362898},"rail-007559":{"out":26.417870622206713,"back":26.417870622206713,"walk_out":88.05956874068904,"walk_back":88.05956874068904},"rail-007505":{"out":27.516934381304747,"back":27.516934381304747,"walk_out":91.72311460434916,"walk_back":91.72311460434916},"bentencho":{"out":14.5501502933685,"back":14.5501502933685,"walk_out":48.500500977894994,"walk_back":48.500500977894994},"rail-007011":{"out":22.93074810374335,"back":22.93074810374335,"walk_out":76.43582701247784,"walk_back":76.43582701247784},"shinsaibashi":{"out":1.167323326407867,"back":1.167323326407867,"walk_out":3.8910777546928905,"walk_back":3.8910777546928905},"rail-007399":{"out":10.481344416127838,"back":10.481344416127838,"walk_out":34.937814720426125,"walk_back":34.937814720426125},"rail-007061":{"out":12.483051723709476,"back":12.483051723709476,"walk_out":41.61017241236492,"walk_back":41.61017241236492},"rail-007162":{"out":23.303611159820097,"back":23.303611159820097,"walk_out":77.678703866067,"walk_back":77.678703866067},"rail-007486":{"out":19.38812899890766,"back":19.38812899890766,"walk_out":64.62709666302554,"walk_back":64.62709666302554},"shinimamiya":{"out":12.052762573052354,"back":12.052762573052354,"walk_out":40.175875243507846,"walk_back":40.175875243507846},"rail-007427":{"out":12.24961389801605,"back":12.24961389801605,"walk_out":40.83204632672017,"walk_back":40.83204632672017},"shinosaka":{"out":25.374610643903257,"back":25.374610643903257,"walk_out":84.58203547967753,"walk_back":84.58203547967753},"rail-007001":{"out":27.025792868647656,"back":27.025792868647656,"walk_out":90.08597622882552,"walk_back":90.08597622882552},"rail-007297":{"out":19.909796651684445,"back":19.909796651684445,"walk_out":66.36598883894816,"walk_back":66.36598883894816},"rail-007104":{"out":9.724834513627027,"back":9.724834513627027,"walk_out":32.416115045423425,"walk_back":32.416115045423425},"nipponbashi":{"out":5.032170905409153,"back":5.032170905409153,"walk_out":16.77390301803051,"walk_back":16.77390301803051},"rail-007499":{"out":20.438591196686083,"back":20.438591196686083,"walk_out":68.12863732228695,"walk_back":68.12863732228695},"rail-007370":{"out":20.396695509948703,"back":20.396695509948703,"walk_out":67.98898503316235,"walk_back":67.98898503316235},"rail-007406":{"out":11.871729945046928,"back":11.871729945046928,"walk_out":39.57243315015643,"walk_back":39.57243315015643},"hommachi":{"out":2.32397658135013,"back":2.32397658135013,"walk_out":7.746588604500433,"walk_back":7.746588604500433},"rail-006986":{"out":29.231923791497096,"back":29.231923791497096,"walk_out":97.43974597165698,"walk_back":97.43974597165698},"rail-006869":{"out":28.52688112628625,"back":28.52688112628625,"walk_out":95.0896037542875,"walk_back":95.0896037542875},"rail-007500":{"out":19.98370463287645,"back":19.98370463287645,"walk_out":66.61234877625483,"walk_back":66.61234877625483},"rail-006878":{"out":27.69726164654308,"back":27.69726164654308,"walk_out":92.32420548847693,"walk_back":92.32420548847693},"rail-007525":{"out":22.36913935776016,"back":22.36913935776016,"walk_out":74.56379785920053,"walk_back":74.56379785920053},"rail-007553":{"out":26.310180428966355,"back":26.310180428966355,"walk_out":87.70060142988785,"walk_back":87.70060142988785},"rail-007479":{"out":21.931846036926295,"back":21.931846036926295,"walk_out":73.10615345642098,"walk_back":73.10615345642098},"rail-007250":{"out":4.31925123474557,"back":4.31925123474557,"walk_out":14.397504115818567,"walk_back":14.397504115818567},"rail-007472":{"out":16.69355609386079,"back":16.69355609386079,"walk_out":55.645186979535964,"walk_back":55.645186979535964},"rail-007487":{"out":18.75289058050406,"back":18.75289058050406,"walk_out":62.50963526834687,"walk_back":62.50963526834687},"rail-006931":{"out":23.323656724718475,"back":23.323656724718475,"walk_out":77.74552241572825,"walk_back":77.74552241572825},"rail-007380":{"out":12.888335153646596,"back":12.888335153646596,"walk_out":42.961117178821986,"walk_back":42.961117178821986},"sakuranomiya":{"out":14.48215077364544,"back":14.48215077364544,"walk_out":48.27383591215146,"walk_back":48.27383591215146},"rail-007364":{"out":25.882386877434143,"back":25.882386877434143,"walk_out":86.27462292478047,"walk_back":86.27462292478047},"sakuragawa":{"out":6.476963450107707,"back":6.476963450107707,"walk_out":21.58987816702569,"walk_back":21.58987816702569},"morinomiya":{"out":11.677037745089129,"back":11.677037745089129,"walk_out":38.92345915029709,"walk_back":38.92345915029709},"rail-006977":{"out":26.500431250789138,"back":26.500431250789138,"walk_out":88.3347708359638,"walk_back":88.3347708359638},"rail-007063":{"out":28.80124036863836,"back":28.80124036863836,"walk_out":96.00413456212787,"walk_back":96.00413456212787},"rail-007303":{"out":6.780621813373058,"back":6.780621813373058,"walk_out":22.602072711243526,"walk_back":22.602072711243526},"rail-007345":{"out":27.046685764180488,"back":27.046685764180488,"walk_out":90.15561921393495,"walk_back":90.15561921393495},"rail-007470":{"out":18.142166232090066,"back":18.142166232090066,"walk_out":60.47388744030022,"walk_back":60.47388744030022},"rail-007442":{"out":14.780074212075323,"back":14.780074212075323,"walk_out":49.26691404025108,"walk_back":49.26691404025108},"rail-007102":{"out":13.144026691203681,"back":13.144026691203681,"walk_out":43.81342230401227,"walk_back":43.81342230401227},"yodoyabashi":{"out":6.3662181230257335,"back":6.3662181230257335,"walk_out":21.220727076752446,"walk_back":21.220727076752446},"rail-007097":{"out":15.583756307667615,"back":15.583756307667615,"walk_out":51.945854358892056,"walk_back":51.945854358892056},"awaji":{"out":28.368745183271486,"back":28.368745183271486,"walk_out":94.56248394423828,"walk_back":94.56248394423828},"fukaebashi":{"out":20.51016818950413,"back":20.51016818950413,"walk_out":68.3672272983471,"walk_back":68.3672272983471},"rail-006964":{"out":29.737791130665002,"back":29.737791130665002,"walk_out":99.12597043555002,"walk_back":99.12597043555002},"watanabebashi":{"out":7.797016803080219,"back":7.797016803080219,"walk_out":25.9900560102674,"walk_back":25.9900560102674},"rail-007533":{"out":23.835089101366744,"back":23.835089101366744,"walk_out":79.45029700455582,"walk_back":79.45029700455582},"rail-007154":{"out":10.504523725619066,"back":10.504523725619066,"walk_out":35.015079085396884,"walk_back":35.015079085396884},"rail-007260":{"out":11.817377225250873,"back":11.817377225250873,"walk_out":39.39125741750291,"walk_back":39.39125741750291},"rail-007519":{"out":23.306120721175642,"back":23.306120721175642,"walk_out":77.68706907058547,"walk_back":77.68706907058547},"rail-007564":{"out":27.245128658765143,"back":27.245128658765143,"walk_out":90.81709552921714,"walk_back":90.81709552921714},"rail-006916":{"out":26.47455131982738,"back":26.47455131982738,"walk_out":88.2485043994246,"walk_back":88.2485043994246},"rail-007077":{"out":23.554085586532526,"back":23.554085586532526,"walk_out":78.5136186217751,"walk_back":78.5136186217751},"fukushima":{"out":10.38480989082316,"back":10.38480989082316,"walk_out":34.61603296941053,"walk_back":34.61603296941053},"rail-007554":{"out":26.412247928228624,"back":26.412247928228624,"walk_out":88.04082642742874,"walk_back":88.04082642742874},"rail-007201":{"out":16.246258056578718,"back":16.246258056578718,"walk_out":54.15419352192906,"walk_back":54.15419352192906},"rail-007475":{"out":19.014330842149786,"back":19.014330842149786,"walk_out":63.381102807165945,"walk_back":63.381102807165945},"rail-007498":{"out":19.548919837573642,"back":19.548919837573642,"walk_out":65.16306612524548,"walk_back":65.16306612524548},"rail-007143":{"out":6.534824600192631,"back":6.534824600192631,"walk_out":21.78274866730877,"walk_back":21.78274866730877},"rail-007379":{"out":9.234698266544846,"back":9.234698266544846,"walk_out":30.782327555149493,"walk_back":30.782327555149493},"rail-007371":{"out":9.053944812850682,"back":9.053944812850682,"walk_out":30.179816042835604,"walk_back":30.179816042835604},"rail-007454":{"out":14.66745940218297,"back":14.66745940218297,"walk_out":48.8915313406099,"walk_back":48.8915313406099},"rail-007452":{"out":13.982458930101139,"back":13.982458930101139,"walk_out":46.60819643367046,"walk_back":46.60819643367046},"gamo4":{"out":20.08732477691081,"back":20.08732477691081,"walk_out":66.95774925636937,"walk_back":66.95774925636937},"rail-007477":{"out":29.701158065355642,"back":29.701158065355642,"walk_out":99.00386021785214,"walk_back":99.00386021785214},"rail-006942":{"out":22.057597550841407,"back":22.057597550841407,"walk_out":73.52532516947136,"walk_back":73.52532516947136},"nishikujo":{"out":12.664927342350964,"back":12.664927342350964,"walk_out":42.216424474503214,"walk_back":42.216424474503214},"rail-007249":{"out":2.68553032800942,"back":2.68553032800942,"walk_out":8.9517677600314,"walk_back":8.9517677600314},"rail-007476":{"out":17.605977051136353,"back":17.605977051136353,"walk_out":58.68659017045451,"walk_back":58.68659017045451},"rail-007540":{"out":25.16732269664285,"back":25.16732269664285,"walk_out":83.89107565547616,"walk_back":83.89107565547616},"rail-007246":{"out":5.240070632654258,"back":5.240070632654258,"walk_out":17.466902108847528,"walk_back":17.466902108847528},"tanimachi9":{"out":7.040128181506297,"back":7.040128181506297,"walk_out":23.467093938354324,"walk_back":23.467093938354324},"tanimachi6":{"out":5.987770509808772,"back":5.987770509808772,"walk_out":19.959235032695908,"walk_back":19.959235032695908},"tanimachi4":{"out":6.446715891762707,"back":6.446715891762707,"walk_out":21.489052972542357,"walk_back":21.489052972542357},"rail-007317":{"out":4.932525703163672,"back":4.932525703163672,"walk_out":16.441752343878907,"walk_back":16.441752343878907},"miyakojima":{"out":16.942474119635325,"back":16.942474119635325,"walk_out":56.47491373211775,"walk_back":56.47491373211775},"rail-007036":{"out":20.57132141072019,"back":20.57132141072019,"walk_out":68.57107136906731,"walk_back":68.57107136906731},"rail-007030":{"out":19.82048708917644,"back":19.82048708917644,"walk_out":66.06829029725479,"walk_back":66.06829029725479},"rail-007109":{"out":11.921385835149076,"back":11.921385835149076,"walk_out":39.73795278383025,"walk_back":39.73795278383025},"rail-007159":{"out":10.86538030689486,"back":10.86538030689486,"walk_out":36.2179343563162,"walk_back":36.2179343563162},"rail-007113":{"out":12.17590803373548,"back":12.17590803373548,"walk_out":40.5863601124516,"walk_back":40.5863601124516},"rail-007562":{"out":29.151240737461666,"back":29.151240737461666,"walk_out":97.17080245820556,"walk_back":97.17080245820556},"nagahoribashi":{"out":2.1930166206895283,"back":2.1930166206895283,"walk_out":7.310055402298428,"walk_back":7.310055402298428},"rail-007013":{"out":23.14932938059899,"back":23.14932938059899,"walk_out":77.1644312686633,"walk_back":77.1644312686633},"rail-007008":{"out":23.127365759172974,"back":23.127365759172974,"walk_out":77.09121919724325,"walk_back":77.09121919724325},"rail-007002":{"out":23.536170951601978,"back":23.536170951601978,"walk_out":78.45390317200659,"walk_back":78.45390317200659},"rail-007460":{"out":16.166794418605292,"back":16.166794418605292,"walk_out":53.889314728684305,"walk_back":53.889314728684305},"awaza":{"out":5.10690499750081,"back":5.10690499750081,"walk_out":17.023016658336033,"walk_back":17.023016658336033},"rail-007543":{"out":27.291579319639624,"back":27.291579319639624,"walk_out":90.97193106546541,"walk_back":90.97193106546541},"rail-007235":{"out":26.2167995938177,"back":26.2167995938177,"walk_out":87.38933197939234,"walk_back":87.38933197939234},"rail-007229":{"out":26.18365417489062,"back":26.18365417489062,"walk_out":87.2788472496354,"walk_back":87.2788472496354},"rail-007125":{"out":17.619960340447662,"back":17.619960340447662,"walk_out":58.73320113482554,"walk_back":58.73320113482554},"rail-007556":{"out":26.893360737596577,"back":26.893360737596577,"walk_out":89.64453579198859,"walk_back":89.64453579198859},"tsuruhashi":{"out":11.900711681868847,"back":11.900711681868847,"walk_out":39.669038939562824,"walk_back":39.669038939562824}}}},{"type":"Feature","geometry":{"type":"Point","coordinates":[135.5323874825648,34.81047241170721]},"properties":{"id":"osaka-info-11282","name":"万博記念公園 万博夏まつり 2026","venue":"太陽の塔周辺、お祭り広場、夢の池 ほか","address":"吹田市千里万博公園","category":"季節","date":"2026-07-24","end_date":"2026-09-23","start":null,"end":null,"schedule":"【期間】2026年7月24日(金)〜26日(日)、31日(金)〜8月2日(日)、 8月7日(金)～10日(月)、21日(金)～23日(日)、28日(金)～30日(日)、 9月4日(金)～6日(日)、11日(金)〜13日(日)、19日(土)〜23日(水･祝) 計27日間※9月13日(日)は、お祭り広場では「マンゲキ夏祭り2026」開催のため、夜店や縁日を開催する「万博夜市withビアガーデン(入場料500円)」は開催しておりません。（イルミナイト万博と花火広場は実施いたします）※雨天決行、荒天中止【時間】各日 17:00～22:00 (入園は21:30まで)※東口、西口ゲートからの入園は16:30まで","url":"https://osaka-info.jp/event/bampaku-natsumatsui2026/","source":"OSAKA-INFO（大阪観光局）","source_category":"季節","source_updated":"2026-08-31","fetched_at":"2026-09-13T05:27:23.764Z","coordinate_source":"https://osaka-info.jp/event/bampaku-natsumatsui2026/","fictional":false,"access":{"rail-006498":{"out":18.381785080273875,"back":18.381785080273875,"walk_out":61.27261693424626,"walk_back":61.27261693424626},"rail-006860":{"out":29.894647634547887,"back":29.894647634547887,"walk_out":99.64882544849296,"walk_back":99.64882544849296},"rail-006601":{"out":1.8327321158696812,"back":1.8327321158696812,"walk_out":6.1091070528989375,"walk_back":6.1091070528989375},"rail-006833":{"out":26.86900592552185,"back":26.86900592552185,"walk_out":89.56335308507283,"walk_back":89.56335308507283},"rail-006849":{"out":28.854395249720326,"back":28.854395249720326,"walk_out":96.18131749906775,"walk_back":96.18131749906775},"rail-006797":{"out":23.04530874165596,"back":23.04530874165596,"walk_out":76.81769580551986,"walk_back":76.81769580551986},"rail-006584":{"out":2.63259211097068,"back":2.63259211097068,"walk_out":8.775307036568934,"walk_back":8.775307036568934},"rail-006543":{"out":8.855827378518152,"back":8.855827378518152,"walk_out":29.519424595060503,"walk_back":29.519424595060503},"rail-006672":{"out":10.941514772048434,"back":10.941514772048434,"walk_out":36.47171590682811,"walk_back":36.47171590682811},"rail-006587":{"out":13.65215010937918,"back":13.65215010937918,"walk_out":45.50716703126393,"walk_back":45.50716703126393},"rail-006716":{"out":17.104899625757117,"back":17.104899625757117,"walk_out":57.01633208585706,"walk_back":57.01633208585706},"rail-006668":{"out":11.792817869159414,"back":11.792817869159414,"walk_out":39.30939289719805,"walk_back":39.30939289719805},"rail-006836":{"out":28.212404853287005,"back":28.212404853287005,"walk_out":94.04134951095668,"walk_back":94.04134951095668},"rail-006769":{"out":24.16545571837819,"back":24.16545571837819,"walk_out":80.55151906126063,"walk_back":80.55151906126063},"rail-006612":{"out":12.470379142569053,"back":12.470379142569053,"walk_out":41.56793047523018,"walk_back":41.56793047523018},"rail-006798":{"out":23.28687375524074,"back":23.28687375524074,"walk_out":77.62291251746913,"walk_back":77.62291251746913},"suita":{"out":21.251646943077816,"back":21.251646943077816,"walk_out":70.83882314359272,"walk_back":70.83882314359272},"rail-006596":{"out":8.140182069230486,"back":8.140182069230486,"walk_out":27.133940230768285,"walk_back":27.133940230768285},"rail-006475":{"out":24.61092381286518,"back":24.61092381286518,"walk_out":82.0364127095506,"walk_back":82.0364127095506},"rail-006608":{"out":21.015208857942046,"back":21.015208857942046,"walk_out":70.05069619314015,"walk_back":70.05069619314015},"rail-006604":{"out":6.794790191755051,"back":6.794790191755051,"walk_out":22.6493006391835,"walk_back":22.6493006391835},"rail-006717":{"out":28.311137040660462,"back":28.311137040660462,"walk_out":94.37045680220155,"walk_back":94.37045680220155},"rail-006721":{"out":15.269818536856668,"back":15.269818536856668,"walk_out":50.899395122855566,"walk_back":50.899395122855566},"rail-006427":{"out":20.138476804787857,"back":20.138476804787857,"walk_out":67.12825601595952,"walk_back":67.12825601595952},"rail-006713":{"out":17.201289507270353,"back":17.201289507270353,"walk_out":57.337631690901176,"walk_back":57.337631690901176},"rail-006467":{"out":25.329376288980345,"back":25.329376288980345,"walk_out":84.43125429660115,"walk_back":84.43125429660115},"rail-006695":{"out":13.245218617265989,"back":13.245218617265989,"walk_out":44.15072872421996,"walk_back":44.15072872421996},"rail-006741":{"out":29.44418916712293,"back":29.44418916712293,"walk_out":98.1472972237431,"walk_back":98.1472972237431},"rail-006781":{"out":29.729582688733732,"back":29.729582688733732,"walk_out":99.09860896244578,"walk_back":99.09860896244578},"rail-006627":{"out":27.291559701316952,"back":27.291559701316952,"walk_out":90.9718656710565,"walk_back":90.9718656710565},"rail-006664":{"out":14.954291923653152,"back":14.954291923653152,"walk_out":49.847639745510506,"walk_back":49.847639745510506},"rail-006560":{"out":26.27686742159134,"back":26.27686742159134,"walk_out":87.58955807197114,"walk_back":87.58955807197114},"rail-006726":{"out":16.308939448284224,"back":16.308939448284224,"walk_out":54.36313149428074,"walk_back":54.36313149428074},"rail-006800":{"out":26.37132677976913,"back":26.37132677976913,"walk_out":87.90442259923044,"walk_back":87.90442259923044},"rail-006662":{"out":14.280165069445149,"back":14.280165069445149,"walk_out":47.60055023148383,"walk_back":47.60055023148383},"rail-006527":{"out":24.957085807591284,"back":24.957085807591284,"walk_out":83.19028602530429,"walk_back":83.19028602530429},"rail-006824":{"out":26.331611939378107,"back":26.331611939378107,"walk_out":87.77203979792702,"walk_back":87.77203979792702},"rail-006807":{"out":23.53211655114465,"back":23.53211655114465,"walk_out":78.4403885038155,"walk_back":78.4403885038155},"rail-006481":{"out":25.719720023799127,"back":25.719720023799127,"walk_out":85.73240007933043,"walk_back":85.73240007933043},"rail-010184":{"out":16.16358779051379,"back":16.16358779051379,"walk_out":53.8786259683793,"walk_back":53.8786259683793},"rail-010183":{"out":18.39043339240136,"back":18.39043339240136,"walk_out":61.301444641337866,"walk_back":61.301444641337866},"rail-006508":{"out":20.524587590575212,"back":20.524587590575212,"walk_out":68.41529196858404,"walk_back":68.41529196858404},"rail-006728":{"out":20.858316316719815,"back":20.858316316719815,"walk_out":69.52772105573271,"walk_back":69.52772105573271},"ibaraki":{"out":11.035174667378259,"back":11.035174667378259,"walk_out":36.78391555792753,"walk_back":36.78391555792753},"ibaraki_shi":{"out":16.03489195647901,"back":16.03489195647901,"walk_out":53.449639854930034,"walk_back":53.449639854930034},"toyonaka":{"out":27.71008985046923,"back":27.71008985046923,"walk_out":92.36696616823077,"walk_back":92.36696616823077},"rail-006478":{"out":10.927004053073766,"back":10.927004053073766,"walk_out":36.423346843579225,"walk_back":36.423346843579225},"rail-006772":{"out":22.151644179047647,"back":22.151644179047647,"walk_out":73.83881393015882,"walk_back":73.83881393015882},"rail-006740":{"out":20.04064373049366,"back":20.04064373049366,"walk_out":66.8021457683122,"walk_back":66.8021457683122},"rail-006550":{"out":3.677621588978769,"back":3.677621588978769,"walk_out":12.25873862992923,"walk_back":12.25873862992923}}}},{"type":"Feature","geometry":{"type":"Point","coordinates":[135.4962458158077,34.57795690557557]},"properties":{"id":"osaka-info-11324","name":"堺 アルフォンス・ミュシャ館 企画展「ミュシャ芸術博覧会リターンズ」","venue":"堺 アルフォンス・ミュシャ館","address":"堺市堺区田出井町1-2-200 ベルマージュ堺弐番館2F～4F","category":"アート","date":"2026-08-01","end_date":"2026-11-29","start":null,"end":null,"schedule":"【期間】2026年8月1日(土)〜2026年11月29日(日)【時間】9:30～17:15 (入館は16:30まで)【休館日】月曜日 (ただし8月10日、9月21日、10月12日、11月2日･23日は開館)、 10月13日、11月4日･24日","url":"https://osaka-info.jp/event/sakai-mucha-returns/","source":"OSAKA-INFO（大阪観光局）","source_category":"展覧会 / 特別公開","source_updated":"2026-08-31","fetched_at":"2026-09-13T05:27:23.764Z","coordinate_source":"https://osaka-info.jp/event/sakai-mucha-returns/","fictional":false,"access":{"rail-007552":{"out":29.016100643232722,"back":29.016100643232722,"walk_out":96.7203354774424,"walk_back":96.7203354774424},"rail-007626":{"out":8.560308740175731,"back":8.560308740175731,"walk_out":28.53436246725244,"walk_back":28.53436246725244},"rail-007693":{"out":5.3819531736265835,"back":5.3819531736265835,"walk_out":17.939843912088612,"walk_back":17.939843912088612},"rail-007735":{"out":14.35179567520706,"back":14.35179567520706,"walk_out":47.83931891735686,"walk_back":47.83931891735686},"nakamozu":{"out":10.27911777750234,"back":10.27911777750234,"walk_out":34.2637259250078,"walk_back":34.2637259250078},"rail-007529":{"out":25.0042557109912,"back":25.0042557109912,"walk_out":83.34751903663732,"walk_back":83.34751903663732},"rail-007459":{"out":28.985519190942252,"back":28.985519190942252,"walk_out":96.61839730314084,"walk_back":96.61839730314084},"rail-007593":{"out":12.613530357895511,"back":12.613530357895511,"walk_out":42.04510119298504,"walk_back":42.04510119298504},"rail-007580":{"out":16.147664515377475,"back":16.147664515377475,"walk_out":53.825548384591585,"walk_back":53.825548384591585},"rail-007567":{"out":16.089376205228636,"back":16.089376205228636,"walk_out":53.63125401742879,"walk_back":53.63125401742879},"rail-007573":{"out":15.556010521839262,"back":15.556010521839262,"walk_out":51.85336840613087,"walk_back":51.85336840613087},"rail-007572":{"out":15.75639766796254,"back":15.75639766796254,"walk_out":52.52132555987513,"walk_back":52.52132555987513},"rail-007574":{"out":15.493653081741192,"back":15.493653081741192,"walk_out":51.64551027247064,"walk_back":51.64551027247064},"rail-007582":{"out":28.858494028581273,"back":28.858494028581273,"walk_out":96.1949800952709,"walk_back":96.1949800952709},"rail-007747":{"out":19.373923236488128,"back":19.373923236488128,"walk_out":64.5797441216271,"walk_back":64.5797441216271},"rail-007544":{"out":20.243603154408472,"back":20.243603154408472,"walk_out":67.47867718136158,"walk_back":67.47867718136158},"rail-007485":{"out":25.9968649018469,"back":25.9968649018469,"walk_out":86.65621633948967,"walk_back":86.65621633948967},"rail-007502":{"out":26.864347682630868,"back":26.864347682630868,"walk_out":89.54782560876956,"walk_back":89.54782560876956},"rail-007522":{"out":22.20596643218476,"back":22.20596643218476,"walk_out":74.01988810728254,"walk_back":74.01988810728254},"rail-007647":{"out":7.64976831491902,"back":7.64976831491902,"walk_out":25.49922771639673,"walk_back":25.49922771639673},"rail-007788":{"out":29.915765838871447,"back":29.915765838871447,"walk_out":99.71921946290482,"walk_back":99.71921946290482},"rail-007570":{"out":24.383671745434725,"back":24.383671745434725,"walk_out":81.27890581811576,"walk_back":81.27890581811576},"rail-007571":{"out":26.532239807909242,"back":26.532239807909242,"walk_out":88.44079935969748,"walk_back":88.44079935969748},"rail-007531":{"out":23.01298216353132,"back":23.01298216353132,"walk_out":76.70994054510439,"walk_back":76.70994054510439},"rail-007581":{"out":24.719675896981393,"back":24.719675896981393,"walk_out":82.39891965660465,"walk_back":82.39891965660465},"rail-007649":{"out":10.247135895653692,"back":10.247135895653692,"walk_out":34.15711965217897,"walk_back":34.15711965217897},"rail-007660":{"out":0.9003250560793797,"back":0.9003250560793797,"walk_out":3.001083520264599,"walk_back":3.001083520264599},"rail-007667":{"out":4.212469231023616,"back":4.212469231023616,"walk_out":14.041564103412053,"walk_back":14.041564103412053},"rail-007534":{"out":20.28997560918974,"back":20.28997560918974,"walk_out":67.63325203063246,"walk_back":67.63325203063246},"rail-007622":{"out":8.202656619199239,"back":8.202656619199239,"walk_out":27.34218873066413,"walk_back":27.34218873066413},"rail-007654":{"out":7.975115928604079,"back":7.975115928604079,"walk_out":26.583719762013597,"walk_back":26.583719762013597},"rail-007483":{"out":26.278129666422885,"back":26.278129666422885,"walk_out":87.59376555474294,"walk_back":87.59376555474294},"rail-007515":{"out":22.79369018040078,"back":22.79369018040078,"walk_out":75.9789672680026,"walk_back":75.9789672680026},"rail-007646":{"out":6.903440416511532,"back":6.903440416511532,"walk_out":23.01146805503844,"walk_back":23.01146805503844},"rail-007532":{"out":20.679507010860252,"back":20.679507010860252,"walk_out":68.93169003620085,"walk_back":68.93169003620085},"rail-007592":{"out":12.43875372894595,"back":12.43875372894595,"walk_out":41.46251242981983,"walk_back":41.46251242981983},"rail-007666":{"out":8.902157427244228,"back":8.902157427244228,"walk_out":29.673858090814093,"walk_back":29.673858090814093},"rail-007791":{"out":29.665600892632632,"back":29.665600892632632,"walk_out":98.88533630877544,"walk_back":98.88533630877544},"rail-007673":{"out":10.020332683645357,"back":10.020332683645357,"walk_out":33.40110894548452,"walk_back":33.40110894548452},"rail-007493":{"out":25.031840564332164,"back":25.031840564332164,"walk_out":83.43946854777388,"walk_back":83.43946854777388},"rail-007517":{"out":22.551775102067992,"back":22.551775102067992,"walk_out":75.17258367355997,"walk_back":75.17258367355997},"rail-007657":{"out":15.809162126064098,"back":15.809162126064098,"walk_out":52.697207086880326,"walk_back":52.697207086880326},"rail-007538":{"out":19.582421790740945,"back":19.582421790740945,"walk_out":65.27473930246983,"walk_back":65.27473930246983},"rail-007547":{"out":19.02063862316591,"back":19.02063862316591,"walk_out":63.40212874388638,"walk_back":63.40212874388638},"rail-007559":{"out":17.668216772419534,"back":17.668216772419534,"walk_out":58.89405590806511,"walk_back":58.89405590806511},"rail-007575":{"out":20.030745210786392,"back":20.030745210786392,"walk_out":66.7691507026213,"walk_back":66.7691507026213},"rail-007546":{"out":27.12645919118262,"back":27.12645919118262,"walk_out":90.4215306372754,"walk_back":90.4215306372754},"rail-007682":{"out":11.27829574994369,"back":11.27829574994369,"walk_out":37.59431916647896,"walk_back":37.59431916647896},"rail-007674":{"out":28.111234640998205,"back":28.111234640998205,"walk_out":93.70411546999401,"walk_back":93.70411546999401},"rail-007611":{"out":11.15731292822808,"back":11.15731292822808,"walk_out":37.1910430940936,"walk_back":37.1910430940936},"rail-007609":{"out":9.816198163197342,"back":9.816198163197342,"walk_out":32.72066054399114,"walk_back":32.72066054399114},"rail-007595":{"out":11.521354614217106,"back":11.521354614217106,"walk_out":38.40451538072369,"walk_back":38.40451538072369},"rail-007607":{"out":10.303397738565376,"back":10.303397738565376,"walk_out":34.34465912855126,"walk_back":34.34465912855126},"rail-007486":{"out":26.975643952984395,"back":26.975643952984395,"walk_out":89.91881317661465,"walk_back":89.91881317661465},"rail-007690":{"out":8.208288229159823,"back":8.208288229159823,"walk_out":27.360960763866075,"walk_back":27.360960763866075},"rail-007499":{"out":25.610905616774815,"back":25.610905616774815,"walk_out":85.36968538924938,"walk_back":85.36968538924938},"rail-007623":{"out":7.140063327560683,"back":7.140063327560683,"walk_out":23.800211091868945,"walk_back":23.800211091868945},"rail-007500":{"out":24.672524642373865,"back":24.672524642373865,"walk_out":82.24174880791288,"walk_back":82.24174880791288},"rail-007699":{"out":13.60548476292481,"back":13.60548476292481,"walk_out":45.351615876416034,"walk_back":45.351615876416034},"rail-007525":{"out":21.751376994703516,"back":21.751376994703516,"walk_out":72.50458998234505,"walk_back":72.50458998234505},"rail-007553":{"out":17.962617467769036,"back":17.962617467769036,"walk_out":59.87539155923012,"walk_back":59.87539155923012},"rail-007762":{"out":27.354151534034745,"back":27.354151534034745,"walk_out":91.18050511344916,"walk_back":91.18050511344916},"rail-007472":{"out":27.40882970743188,"back":27.40882970743188,"walk_out":91.3627656914396,"walk_back":91.3627656914396},"rail-007487":{"out":26.067187713926746,"back":26.067187713926746,"walk_out":86.89062571308915,"walk_back":86.89062571308915},"rail-007587":{"out":12.619673100184505,"back":12.619673100184505,"walk_out":42.065577000615015,"walk_back":42.065577000615015},"rail-007639":{"out":14.8129691841425,"back":14.8129691841425,"walk_out":49.37656394714166,"walk_back":49.37656394714166},"rail-007668":{"out":22.427967490872152,"back":22.427967490872152,"walk_out":74.75989163624051,"walk_back":74.75989163624051},"rail-007470":{"out":29.86746930990852,"back":29.86746930990852,"walk_out":99.55823103302839,"walk_back":99.55823103302839},"rail-007746":{"out":18.89345230836533,"back":18.89345230836533,"walk_out":62.97817436121776,"walk_back":62.97817436121776},"rail-007641":{"out":3.984358668440321,"back":3.984358668440321,"walk_out":13.281195561467738,"walk_back":13.281195561467738},"rail-007630":{"out":5.530515947278302,"back":5.530515947278302,"walk_out":18.43505315759434,"walk_back":18.43505315759434},"rail-007751":{"out":24.93734196237245,"back":24.93734196237245,"walk_out":83.12447320790817,"walk_back":83.12447320790817},"rail-007748":{"out":25.20053405700625,"back":25.20053405700625,"walk_out":84.00178019002084,"walk_back":84.00178019002084},"rail-007776":{"out":21.180003524797183,"back":21.180003524797183,"walk_out":70.60001174932394,"walk_back":70.60001174932394},"rail-007683":{"out":13.63569391278573,"back":13.63569391278573,"walk_out":45.452313042619096,"walk_back":45.452313042619096},"rail-007533":{"out":20.624802034246464,"back":20.624802034246464,"walk_out":68.74934011415488,"walk_back":68.74934011415488},"rail-007519":{"out":24.88812320397736,"back":24.88812320397736,"walk_out":82.96041067992454,"walk_back":82.96041067992454},"rail-007733":{"out":13.880344298295093,"back":13.880344298295093,"walk_out":46.26781432765031,"walk_back":46.26781432765031},"rail-007709":{"out":9.019875392249158,"back":9.019875392249158,"walk_out":30.06625130749719,"walk_back":30.06625130749719},"rail-007704":{"out":7.675775486749527,"back":7.675775486749527,"walk_out":25.58591828916509,"walk_back":25.58591828916509},"rail-007590":{"out":18.308101072680113,"back":18.308101072680113,"walk_out":61.027003575600375,"walk_back":61.027003575600375},"rail-007714":{"out":18.124169760982802,"back":18.124169760982802,"walk_out":60.41389920327602,"walk_back":60.41389920327602},"rail-007706":{"out":15.693453127603064,"back":15.693453127603064,"walk_out":52.31151042534355,"walk_back":52.31151042534355},"rail-007707":{"out":17.78890687354951,"back":17.78890687354951,"walk_out":59.296356245165036,"walk_back":59.296356245165036},"rail-007564":{"out":16.846178778943557,"back":16.846178778943557,"walk_out":56.15392926314519,"walk_back":56.15392926314519},"rail-007640":{"out":6.689341864120223,"back":6.689341864120223,"walk_out":22.297806213734077,"walk_back":22.297806213734077},"rail-007554":{"out":17.92851310064714,"back":17.92851310064714,"walk_out":59.76171033549047,"walk_back":59.76171033549047},"rail-007579":{"out":14.245383133960647,"back":14.245383133960647,"walk_out":47.48461044653549,"walk_back":47.48461044653549},"rail-007635":{"out":6.5145680453914006,"back":6.5145680453914006,"walk_out":21.715226817971335,"walk_back":21.715226817971335},"rail-007475":{"out":28.807196538262637,"back":28.807196538262637,"walk_out":96.02398846087546,"walk_back":96.02398846087546},"rail-007764":{"out":27.853298586383872,"back":27.853298586383872,"walk_out":92.84432862127957,"walk_back":92.84432862127957},"rail-007498":{"out":24.534781075529242,"back":24.534781075529242,"walk_out":81.78260358509748,"walk_back":81.78260358509748},"rail-007734":{"out":20.837048139507854,"back":20.837048139507854,"walk_out":69.45682713169285,"walk_back":69.45682713169285},"rail-007454":{"out":29.466059097302864,"back":29.466059097302864,"walk_out":98.22019699100954,"walk_back":98.22019699100954},"rail-007650":{"out":7.271701820233972,"back":7.271701820233972,"walk_out":24.239006067446574,"walk_back":24.239006067446574},"rail-007760":{"out":23.07530065419878,"back":23.07530065419878,"walk_out":76.91766884732927,"walk_back":76.91766884732927},"rail-007476":{"out":27.08925869337919,"back":27.08925869337919,"walk_out":90.29752897793063,"walk_back":90.29752897793063},"rail-007540":{"out":20.63255574415967,"back":20.63255574415967,"walk_out":68.77518581386558,"walk_back":68.77518581386558},"rail-007729":{"out":20.79479942869048,"back":20.79479942869048,"walk_out":69.31599809563494,"walk_back":69.31599809563494},"rail-007562":{"out":21.996232715366844,"back":21.996232715366844,"walk_out":73.32077571788948,"walk_back":73.32077571788948},"nagai":{"out":15.633104063450475,"back":15.633104063450475,"walk_out":52.110346878168244,"walk_back":52.110346878168244},"rail-007460":{"out":28.95303322407175,"back":28.95303322407175,"walk_out":96.51011074690584,"walk_back":96.51011074690584},"rail-007543":{"out":23.551884489039352,"back":23.551884489039352,"walk_out":78.50628163013117,"walk_back":78.50628163013117},"rail-007669":{"out":18.264523759887553,"back":18.264523759887553,"walk_out":60.88174586629184,"walk_back":60.88174586629184},"rail-007628":{"out":6.872251524894876,"back":6.872251524894876,"walk_out":22.90750508298292,"walk_back":22.90750508298292},"rail-007773":{"out":24.65898609907805,"back":24.65898609907805,"walk_out":82.19662033026016,"walk_back":82.19662033026016},"rail-007556":{"out":19.388200155605027,"back":19.388200155605027,"walk_out":64.62733385201676,"walk_back":64.62733385201676}}}},{"type":"Feature","geometry":{"type":"Point","coordinates":[135.4956340762048,34.693335820869876]},"properties":{"id":"osaka-info-11319","name":"コンラッド大阪 シャインマスカット×キャラメル アフタヌーンティー","venue":"コンラッド大阪40F 40スカイバー＆ラウンジ","address":"大阪市北区中之島3-2-4","category":"グルメ","date":"2026-08-03","end_date":"2026-11-30","start":null,"end":null,"schedule":"【期間】 2026年8月3日(月) ～11月30日(月)【時間】11:00～20:00 (L.O.18:00) ※ご利用は2時間制です。30分間隔でご予約をお受けいたします。","url":"https://osaka-info.jp/event/conrad-osaka-afternoontea2026/","source":"OSAKA-INFO（大阪観光局）","source_category":"グルメ","source_updated":"2026-08-31","fetched_at":"2026-09-13T05:27:23.764Z","coordinate_source":"https://osaka-info.jp/event/conrad-osaka-afternoontea2026/","fictional":false,"access":{"rail-006872":{"out":22.887973470211058,"back":22.887973470211058,"walk_out":76.29324490070353,"walk_back":76.29324490070353},"rail-007041":{"out":17.77760508392493,"back":17.77760508392493,"walk_out":59.25868361308309,"walk_back":59.25868361308309},"rail-006860":{"out":28.752116505490243,"back":28.752116505490243,"walk_out":95.84038835163415,"walk_back":95.84038835163415},"naniwabashi":{"out":4.542733985456993,"back":4.542733985456993,"walk_out":15.142446618189975,"walk_back":15.142446618189975},"namba":{"out":12.201876291638861,"back":12.201876291638861,"walk_out":40.67292097212954,"walk_back":40.67292097212954},"rail-007283":{"out":11.95881894507919,"back":11.95881894507919,"walk_out":39.86272981693064,"walk_back":39.86272981693064},"rail-007280":{"out":11.639397775380656,"back":11.639397775380656,"walk_out":38.797992584602184,"walk_back":38.797992584602184},"rail-007300":{"out":23.755025912807568,"back":23.755025912807568,"walk_out":79.18341970935856,"walk_back":79.18341970935856},"rail-006889":{"out":20.16991251699843,"back":20.16991251699843,"walk_out":67.2330417233281,"walk_back":67.2330417233281},"rail-006833":{"out":28.69502193258592,"back":28.69502193258592,"walk_out":95.65007310861974,"walk_back":95.65007310861974},"rail-006849":{"out":25.220314327075144,"back":25.220314327075144,"walk_out":84.06771442358382,"walk_back":84.06771442358382},"nakanoshima":{"out":2.922810701886384,"back":2.922810701886384,"walk_out":9.74270233962128,"walk_back":9.74270233962128},"rail-007040":{"out":7.148691994341374,"back":7.148691994341374,"walk_out":23.82897331447125,"walk_back":23.82897331447125},"rail-007016":{"out":7.443633325491876,"back":7.443633325491876,"walk_out":24.812111084972923,"walk_back":24.812111084972923},"kujo":{"out":11.758428548364492,"back":11.758428548364492,"walk_out":39.19476182788164,"walk_back":39.19476182788164},"kyobashi":{"out":14.096061439293667,"back":14.096061439293667,"walk_out":46.98687146431222,"walk_back":46.98687146431222},"rail-007407":{"out":17.51447163271513,"back":17.51447163271513,"walk_out":58.381572109050424,"walk_back":58.381572109050424},"rail-007402":{"out":17.24796105004616,"back":17.24796105004616,"walk_out":57.49320350015387,"walk_back":57.49320350015387},"rail-007450":{"out":21.344590756664306,"back":21.344590756664306,"walk_out":71.1486358555477,"walk_back":71.1486358555477},"rail-007070":{"out":23.956428447339842,"back":23.956428447339842,"walk_out":79.8547614911328,"walk_back":79.8547614911328},"rail-007459":{"out":22.51153951784244,"back":22.51153951784244,"walk_out":75.0384650594748,"walk_back":75.0384650594748},"rail-007284":{"out":20.85531085725345,"back":20.85531085725345,"walk_out":69.5177028575115,"walk_back":69.5177028575115},"rail-007342":{"out":23.580769703807427,"back":23.580769703807427,"walk_out":78.6025656793581,"walk_back":78.6025656793581},"rail-007156":{"out":16.201372309189708,"back":16.201372309189708,"walk_out":54.00457436396569,"walk_back":54.00457436396569},"rail-007037":{"out":22.373076236205456,"back":22.373076236205456,"walk_out":74.57692078735153,"walk_back":74.57692078735153},"rail-006935":{"out":21.70167216898545,"back":21.70167216898545,"walk_out":72.3389072299515,"walk_back":72.3389072299515},"dobutsuen":{"out":20.4130426566648,"back":20.4130426566648,"walk_out":68.043475522216,"walk_back":68.043475522216},"rail-007485":{"out":25.41668473779151,"back":25.41668473779151,"walk_out":84.72228245930503,"walk_back":84.72228245930503},"rail-007412":{"out":28.091541528372904,"back":28.091541528372904,"walk_out":93.63847176124301,"walk_back":93.63847176124301},"rail-007085":{"out":2.3015660608732764,"back":2.3015660608732764,"walk_out":7.6718868695775875,"walk_back":7.6718868695775875},"kitahama":{"out":4.447547632386528,"back":4.447547632386528,"walk_out":14.82515877462176,"walk_back":14.82515877462176},"rail-007502":{"out":29.866156163473285,"back":29.866156163473285,"walk_out":99.55385387824428,"walk_back":99.55385387824428},"rail-007522":{"out":29.59171424176411,"back":29.59171424176411,"walk_out":98.63904747254703,"walk_back":98.63904747254703},"juso":{"out":12.951380020168926,"back":12.951380020168926,"walk_out":43.17126673389642,"walk_back":43.17126673389642},"rail-006953":{"out":25.592857885868217,"back":25.592857885868217,"walk_out":85.3095262862274,"walk_back":85.3095262862274},"rail-006952":{"out":23.94033396357639,"back":23.94033396357639,"walk_out":79.8011132119213,"walk_back":79.8011132119213},"rail-007014":{"out":20.22101509660603,"back":20.22101509660603,"walk_out":67.40338365535344,"walk_back":67.40338365535344},"rail-007177":{"out":14.294963630725405,"back":14.294963630725405,"walk_out":47.64987876908468,"walk_back":47.64987876908468},"rail-006836":{"out":25.608614769648753,"back":25.608614769648753,"walk_out":85.3620492321625,"walk_back":85.3620492321625},"rail-006948":{"out":14.461478797994541,"back":14.461478797994541,"walk_out":48.20492932664847,"walk_back":48.20492932664847},"minamimorimachi":{"out":5.869069023541101,"back":5.869069023541101,"walk_out":19.56356341180367,"walk_back":19.56356341180367},"rail-007268":{"out":8.6364426218979,"back":8.6364426218979,"walk_out":28.788142072992997,"walk_back":28.788142072992997},"rail-007382":{"out":16.951661554468263,"back":16.951661554468263,"walk_out":56.50553851489421,"walk_back":56.50553851489421},"rail-006927":{"out":28.729046582486273,"back":28.729046582486273,"walk_out":95.76348860828757,"walk_back":95.76348860828757},"rail-006956":{"out":18.597817547627617,"back":18.597817547627617,"walk_out":61.99272515875873,"walk_back":61.99272515875873},"rail-007190":{"out":6.601924905614341,"back":6.601924905614341,"walk_out":22.006416352047804,"walk_back":22.006416352047804},"rail-007009":{"out":13.041563289800056,"back":13.041563289800056,"walk_out":43.47187763266685,"walk_back":43.47187763266685},"rail-007395":{"out":16.49513534989248,"back":16.49513534989248,"walk_out":54.983784499641594,"walk_back":54.983784499641594},"taisho":{"out":13.632335133787546,"back":13.632335133787546,"walk_out":45.44111711262516,"walk_back":45.44111711262516},"oe_bridge":{"out":2.0038169496435065,"back":2.0038169496435065,"walk_out":6.679389832145022,"walk_back":6.679389832145022},"rail-006996":{"out":27.487883572461776,"back":27.487883572461776,"walk_out":91.62627857487259,"walk_back":91.62627857487259},"osaka_business":{"out":12.498905173476096,"back":12.498905173476096,"walk_out":41.66301724492032,"walk_back":41.66301724492032},"osaka":{"out":3.9275951740078545,"back":3.9275951740078545,"walk_out":13.091983913359513,"walk_back":13.091983913359513},"uehommachi":{"out":15.548555441473901,"back":15.548555441473901,"walk_out":51.82851813824634,"walk_back":51.82851813824634},"rail-007164":{"out":14.378502069597072,"back":14.378502069597072,"walk_out":47.92834023199024,"walk_back":47.92834023199024},"rail-007107":{"out":10.865506972185075,"back":10.865506972185075,"walk_out":36.21835657395025,"walk_back":36.21835657395025},"rail-007090":{"out":6.726103488398484,"back":6.726103488398484,"walk_out":22.42034496132828,"walk_back":22.42034496132828},"osakako":{"out":28.480241751131032,"back":28.480241751131032,"walk_out":94.93413917043678,"walk_back":94.93413917043678},"rail-007451":{"out":22.31596752027431,"back":22.31596752027431,"walk_out":74.38655840091437,"walk_back":74.38655840091437},"rail-007483":{"out":25.046301455626967,"back":25.046301455626967,"walk_out":83.48767151875656,"walk_back":83.48767151875656},"temma":{"out":8.005803045215286,"back":8.005803045215286,"walk_out":26.686010150717618,"walk_back":26.686010150717618},"temmabashi":{"out":7.668276209850528,"back":7.668276209850528,"walk_out":25.56092069950176,"walk_back":25.56092069950176},"tennoji":{"out":22.04870308586403,"back":22.04870308586403,"walk_out":73.4956769528801,"walk_back":73.4956769528801},"rail-007447":{"out":21.895792901929298,"back":21.895792901929298,"walk_out":72.98597633976433,"walk_back":72.98597633976433},"rail-007515":{"out":28.54080804622884,"back":28.54080804622884,"walk_out":95.13602682076281,"walk_back":95.13602682076281},"tenroku":{"out":9.19886558716327,"back":9.19886558716327,"walk_out":30.66288529054423,"walk_back":30.66288529054423},"taishibashi":{"out":27.296970051919548,"back":27.296970051919548,"walk_out":90.98990017306517,"walk_back":90.98990017306517},"rail-007057":{"out":14.542476024366396,"back":14.542476024366396,"walk_out":48.47492008122132,"walk_back":48.47492008122132},"rail-007275":{"out":20.908964376977536,"back":20.908964376977536,"walk_out":69.69654792325845,"walk_back":69.69654792325845},"rail-007434":{"out":22.634854585945224,"back":22.634854585945224,"walk_out":75.44951528648409,"walk_back":75.44951528648409},"rail-007368":{"out":26.352105271364632,"back":26.352105271364632,"walk_out":87.84035090454877,"walk_back":87.84035090454877},"amagasaki":{"out":28.958064212792554,"back":28.958064212792554,"walk_out":96.52688070930851,"walk_back":96.52688070930851},"rail-007493":{"out":26.31100605677839,"back":26.31100605677839,"walk_out":87.70335352259463,"walk_back":87.70335352259463},"rail-007517":{"out":28.767116100370696,"back":28.767116100370696,"walk_out":95.89038700123565,"walk_back":95.89038700123565},"rail-006924":{"out":17.57879038385791,"back":17.57879038385791,"walk_out":58.595967946193035,"walk_back":58.595967946193035},"fuse":{"out":28.048630387556738,"back":28.048630387556738,"walk_out":93.49543462518912,"walk_back":93.49543462518912},"rail-006832":{"out":26.440265919706544,"back":26.440265919706544,"walk_out":88.13421973235515,"walk_back":88.13421973235515},"bentencho":{"out":16.093454078957585,"back":16.093454078957585,"walk_out":53.644846929858616,"walk_back":53.644846929858616},"rail-007011":{"out":16.980326636212176,"back":16.980326636212176,"walk_out":56.60108878737392,"walk_back":56.60108878737392},"shinsaibashi":{"out":8.596715812496496,"back":8.596715812496496,"walk_out":28.65571937498832,"walk_back":28.65571937498832},"rail-007399":{"out":17.968660701335004,"back":17.968660701335004,"walk_out":59.89553567111668,"walk_back":59.89553567111668},"rail-007061":{"out":7.2612395706328074,"back":7.2612395706328074,"walk_out":24.204131902109356,"walk_back":24.204131902109356},"rail-007162":{"out":24.80084378063519,"back":24.80084378063519,"walk_out":82.66947926878397,"walk_back":82.66947926878397},"rail-007486":{"out":26.88625130887466,"back":26.88625130887466,"walk_out":89.62083769624886,"walk_back":89.62083769624886},"shinimamiya":{"out":19.447981024463477,"back":19.447981024463477,"walk_out":64.82660341487825,"walk_back":64.82660341487825},"rail-007427":{"out":19.688653739821003,"back":19.688653739821003,"walk_out":65.62884579940335,"walk_back":65.62884579940335},"shinosaka":{"out":18.22804160560043,"back":18.22804160560043,"walk_out":60.76013868533477,"walk_back":60.76013868533477},"rail-007001":{"out":24.886711082668384,"back":24.886711082668384,"walk_out":82.95570360889461,"walk_back":82.95570360889461},"rail-007297":{"out":24.16929954632248,"back":24.16929954632248,"walk_out":80.56433182107494,"walk_back":80.56433182107494},"rail-007104":{"out":3.749357275032536,"back":3.749357275032536,"walk_out":12.497857583441787,"walk_back":12.497857583441787},"nipponbashi":{"out":12.517736914993316,"back":12.517736914993316,"walk_out":41.725789716644385,"walk_back":41.725789716644385},"rail-007499":{"out":27.950284974614366,"back":27.950284974614366,"walk_out":93.16761658204788,"walk_back":93.16761658204788},"rail-007370":{"out":22.464378241471,"back":22.464378241471,"walk_out":74.88126080490333,"walk_back":74.88126080490333},"rail-007406":{"out":17.807986019406737,"back":17.807986019406737,"walk_out":59.35995339802246,"walk_back":59.35995339802246},"hommachi":{"out":5.191932935251805,"back":5.191932935251805,"walk_out":17.306443117506017,"walk_back":17.306443117506017},"rail-006986":{"out":23.60241938928176,"back":23.60241938928176,"walk_out":78.67473129760586,"walk_back":78.67473129760586},"rail-006869":{"out":21.27029917851605,"back":21.27029917851605,"walk_out":70.90099726172018,"walk_back":70.90099726172018},"rail-007500":{"out":27.462083789742607,"back":27.462083789742607,"walk_out":91.54027929914201,"walk_back":91.54027929914201},"rail-006878":{"out":20.631632698862592,"back":20.631632698862592,"walk_out":68.77210899620864,"walk_back":68.77210899620864},"rail-007525":{"out":29.567384808760952,"back":29.567384808760952,"walk_out":98.5579493625365,"walk_back":98.5579493625365},"rail-007479":{"out":28.98938693230928,"back":28.98938693230928,"walk_out":96.63128977436428,"walk_back":96.63128977436428},"rail-007250":{"out":10.05126842456611,"back":10.05126842456611,"walk_out":33.504228081887035,"walk_back":33.504228081887035},"rail-007472":{"out":24.04079933081045,"back":24.04079933081045,"walk_out":80.13599776936817,"walk_back":80.13599776936817},"rail-007487":{"out":26.250847467786866,"back":26.250847467786866,"walk_out":87.50282489262288,"walk_back":87.50282489262288},"rail-006931":{"out":16.774007434807228,"back":16.774007434807228,"walk_out":55.91335811602409,"walk_back":55.91335811602409},"rail-007380":{"out":19.488890319941305,"back":19.488890319941305,"walk_out":64.96296773313767,"walk_back":64.96296773313767},"sakuranomiya":{"out":10.62136286154075,"back":10.62136286154075,"walk_out":35.4045428718025,"walk_back":35.4045428718025},"rail-007364":{"out":26.949490915762343,"back":26.949490915762343,"walk_out":89.83163638587448,"walk_back":89.83163638587448},"sakuragawa":{"out":11.568906296725668,"back":11.568906296725668,"walk_out":38.56302098908556,"walk_back":38.56302098908556},"morinomiya":{"out":14.409359851310857,"back":14.409359851310857,"walk_out":48.031199504369525,"walk_back":48.031199504369525},"rail-006977":{"out":23.55677205782961,"back":23.55677205782961,"walk_out":78.5225735260987,"walk_back":78.5225735260987},"rail-007063":{"out":28.535602588892857,"back":28.535602588892857,"walk_out":95.11867529630952,"walk_back":95.11867529630952},"rail-007303":{"out":11.944413220682717,"back":11.944413220682717,"walk_out":39.814710735609054,"walk_back":39.814710735609054},"rail-006800":{"out":29.099840584008348,"back":29.099840584008348,"walk_out":96.99946861336116,"walk_back":96.99946861336116},"rail-007470":{"out":25.510531101616174,"back":25.510531101616174,"walk_out":85.0351036720539,"walk_back":85.0351036720539},"rail-007442":{"out":21.065536620720785,"back":21.065536620720785,"walk_out":70.21845540240263,"walk_back":70.21845540240263},"rail-007102":{"out":8.351599092969606,"back":8.351599092969606,"walk_out":27.83866364323202,"walk_back":27.83866364323202},"yodoyabashi":{"out":2.143668406183785,"back":2.143668406183785,"walk_out":7.145561353945951,"walk_back":7.145561353945951},"rail-007097":{"out":11.20024108774485,"back":11.20024108774485,"walk_out":37.3341369591495,"walk_back":37.3341369591495},"awaji":{"out":21.915453836366808,"back":21.915453836366808,"walk_out":73.05151278788937,"walk_back":73.05151278788937},"fukaebashi":{"out":23.257740927875975,"back":23.257740927875975,"walk_out":77.52580309291992,"walk_back":77.52580309291992},"rail-006964":{"out":27.0595079306351,"back":27.0595079306351,"walk_out":90.19835976878366,"walk_back":90.19835976878366},"watanabebashi":{"out":0.3306231941819594,"back":0.3306231941819594,"walk_out":1.1020773139398645,"walk_back":1.1020773139398645},"rail-006933":{"out":27.332957480511233,"back":27.332957480511233,"walk_out":91.10985826837077,"walk_back":91.10985826837077},"rail-007154":{"out":7.272224304861944,"back":7.272224304861944,"walk_out":24.240747682873145,"walk_back":24.240747682873145},"rail-007260":{"out":16.22361797561241,"back":16.22361797561241,"walk_out":54.078726585374696,"walk_back":54.078726585374696},"rail-006916":{"out":19.056645300872653,"back":19.056645300872653,"walk_out":63.52215100290884,"walk_back":63.52215100290884},"rail-007077":{"out":19.558722204607964,"back":19.558722204607964,"walk_out":65.19574068202655,"walk_back":65.19574068202655},"fukushima":{"out":3.72644027877512,"back":3.72644027877512,"walk_out":12.421467595917067,"walk_back":12.421467595917067},"rail-007201":{"out":18.916993247024852,"back":18.916993247024852,"walk_out":63.05664415674951,"walk_back":63.05664415674951},"rail-007475":{"out":26.42094940090824,"back":26.42094940090824,"walk_out":88.06983133636079,"walk_back":88.06983133636079},"rail-007498":{"out":26.848231459934897,"back":26.848231459934897,"walk_out":89.49410486644966,"walk_back":89.49410486644966},"rail-007143":{"out":0.9804414201863242,"back":0.9804414201863242,"walk_out":3.2681380672877474,"walk_back":3.2681380672877474},"rail-007379":{"out":15.639574987565336,"back":15.639574987565336,"walk_out":52.13191662521779,"walk_back":52.13191662521779},"rail-007371":{"out":14.988077379921133,"back":14.988077379921133,"walk_out":49.960257933070444,"walk_back":49.960257933070444},"rail-007454":{"out":21.854990765570484,"back":21.854990765570484,"walk_out":72.84996921856829,"walk_back":72.84996921856829},"rail-007452":{"out":21.273132911034878,"back":21.273132911034878,"walk_out":70.91044303678292,"walk_back":70.91044303678292},"gamo4":{"out":19.32194087460934,"back":19.32194087460934,"walk_out":64.40646958203114,"walk_back":64.40646958203114},"rail-006942":{"out":14.812895594128426,"back":14.812895594128426,"walk_out":49.376318647094756,"walk_back":49.376318647094756},"nishikujo":{"out":11.493487459650906,"back":11.493487459650906,"walk_out":38.31162486550302,"walk_back":38.31162486550302},"rail-007249":{"out":7.948344028327445,"back":7.948344028327445,"walk_out":26.494480094424816,"walk_back":26.494480094424816},"rail-007476":{"out":24.465572923303608,"back":24.465572923303608,"walk_out":81.55190974434535,"walk_back":81.55190974434535},"rail-007246":{"out":9.18752009028735,"back":9.18752009028735,"walk_out":30.625066967624505,"walk_back":30.625066967624505},"tanimachi9":{"out":13.82491919476108,"back":13.82491919476108,"walk_out":46.08306398253693,"walk_back":46.08306398253693},"tanimachi6":{"out":11.247135224063973,"back":11.247135224063973,"walk_out":37.49045074687991,"walk_back":37.49045074687991},"tanimachi4":{"out":9.357680925751929,"back":9.357680925751929,"walk_out":31.192269752506427,"walk_back":31.192269752506427},"rail-007317":{"out":12.41206658420813,"back":12.41206658420813,"walk_out":41.373555280693765,"walk_back":41.373555280693765},"miyakojima":{"out":13.104477743852058,"back":13.104477743852058,"walk_out":43.68159247950686,"walk_back":43.68159247950686},"rail-007036":{"out":18.5156972314732,"back":18.5156972314732,"walk_out":61.71899077157734,"walk_back":61.71899077157734},"rail-007030":{"out":17.132678381753216,"back":17.132678381753216,"walk_out":57.10892793917739,"walk_back":57.10892793917739},"rail-007109":{"out":7.173882984493637,"back":7.173882984493637,"walk_out":23.912943281645454,"walk_back":23.912943281645454},"rail-007159":{"out":7.820658394166956,"back":7.820658394166956,"walk_out":26.06886131388985,"walk_back":26.06886131388985},"rail-007113":{"out":7.601352362226948,"back":7.601352362226948,"walk_out":25.337841207423164,"walk_back":25.337841207423164},"nagahoribashi":{"out":8.945868563086801,"back":8.945868563086801,"walk_out":29.819561876956,"walk_back":29.819561876956},"rail-007013":{"out":20.644186767410815,"back":20.644186767410815,"walk_out":68.81395589136939,"walk_back":68.81395589136939},"rail-007008":{"out":20.53828082582432,"back":20.53828082582432,"walk_out":68.46093608608106,"walk_back":68.46093608608106},"rail-007002":{"out":20.631369672006517,"back":20.631369672006517,"walk_out":68.77123224002172,"walk_back":68.77123224002172},"rail-007460":{"out":23.681758678770294,"back":23.681758678770294,"walk_out":78.93919559590098,"walk_back":78.93919559590098},"awaza":{"out":6.032669998096205,"back":6.032669998096205,"walk_out":20.108899993654017,"walk_back":20.108899993654017},"rail-007235":{"out":28.87700883683703,"back":28.87700883683703,"walk_out":96.2566961227901,"walk_back":96.2566961227901},"rail-007229":{"out":28.80630178562097,"back":28.80630178562097,"walk_out":96.0210059520699,"walk_back":96.0210059520699},"rail-007125":{"out":18.076608795293296,"back":18.076608795293296,"walk_out":60.25536265097765,"walk_back":60.25536265097765},"tsuruhashi":{"out":17.661732322920948,"back":17.661732322920948,"walk_out":58.872441076403156,"walk_back":58.872441076403156}}}},{"type":"Feature","geometry":{"type":"Point","coordinates":[135.41965429688543,34.63792710925509]},"properties":{"id":"osaka-info-11337","name":"Pet博2026 大阪","venue":"インテックス大阪 １・２号館","address":"大阪市住之江区南港北1-5-102","category":"アート","date":"2026-09-21","end_date":"2026-09-23","start":null,"end":null,"schedule":"【期間】2026年9月21日（月・祝）～9月23日（水・祝）【時間】10:00～17:00 (※最終入場16:30)","url":"https://osaka-info.jp/event/pethaku2026/","source":"OSAKA-INFO（大阪観光局）","source_category":"展覧会 / 特別公開","source_updated":"2026-08-28","fetched_at":"2026-09-13T05:27:23.764Z","coordinate_source":"https://osaka-info.jp/event/pethaku2026/","fictional":false,"access":{"rail-007464":{"out":3.416831541181298,"back":3.416831541181298,"walk_out":11.389438470604327,"walk_back":11.389438470604327},"rail-007473":{"out":2.883219684209055,"back":2.883219684209055,"walk_out":9.610732280696851,"walk_back":9.610732280696851},"rail-007283":{"out":25.98121153632151,"back":25.98121153632151,"walk_out":86.60403845440503,"walk_back":86.60403845440503},"rail-007280":{"out":26.29547968805322,"back":26.29547968805322,"walk_out":87.6515989601774,"walk_back":87.6515989601774},"rail-007552":{"out":9.99771910470071,"back":9.99771910470071,"walk_out":33.32573034900237,"walk_back":33.32573034900237},"rail-007507":{"out":4.645952858637127,"back":4.645952858637127,"walk_out":15.486509528790423,"walk_back":15.486509528790423},"rail-007506":{"out":3.3299751233784813,"back":3.3299751233784813,"walk_out":11.099917077928271,"walk_back":11.099917077928271},"rail-007300":{"out":14.996257963322007,"back":14.996257963322007,"walk_out":49.98752654440669,"walk_back":49.98752654440669},"rail-007494":{"out":1.9869071293321212,"back":1.9869071293321212,"walk_out":6.623023764440404,"walk_back":6.623023764440404},"kujo":{"out":25.52549094892086,"back":25.52549094892086,"walk_out":85.08496982973621,"walk_back":85.08496982973621},"rail-007407":{"out":27.658656129509406,"back":27.658656129509406,"walk_out":92.19552043169801,"walk_back":92.19552043169801},"rail-007156":{"out":25.65471712696665,"back":25.65471712696665,"walk_out":85.5157237565555,"walk_back":85.5157237565555},"rail-007593":{"out":28.61519271479319,"back":28.61519271479319,"walk_out":95.3839757159773,"walk_back":95.3839757159773},"rail-007580":{"out":23.449805717436547,"back":23.449805717436547,"walk_out":78.16601905812182,"walk_back":78.16601905812182},"rail-007567":{"out":28.45929832376404,"back":28.45929832376404,"walk_out":94.86432774588013,"walk_back":94.86432774588013},"rail-007573":{"out":28.17316866988803,"back":28.17316866988803,"walk_out":93.9105622329601,"walk_back":93.9105622329601},"rail-007574":{"out":28.51768152048514,"back":28.51768152048514,"walk_out":95.05893840161714,"walk_back":95.05893840161714},"rail-007544":{"out":23.067866296093023,"back":23.067866296093023,"walk_out":76.89288765364341,"walk_back":76.89288765364341},"rail-007485":{"out":29.484511803950376,"back":29.484511803950376,"walk_out":98.28170601316792,"walk_back":98.28170601316792},"rail-007177":{"out":25.293639325113656,"back":25.293639325113656,"walk_out":84.31213108371219,"walk_back":84.31213108371219},"rail-007570":{"out":14.389846726792351,"back":14.389846726792351,"walk_out":47.966155755974505,"walk_back":47.966155755974505},"rail-007571":{"out":12.721305934427338,"back":12.721305934427338,"walk_out":42.4043531147578,"walk_back":42.4043531147578},"rail-007534":{"out":28.167191475054718,"back":28.167191475054718,"walk_out":93.89063825018239,"walk_back":93.89063825018239},"rail-010188":{"out":12.701773020044634,"back":12.701773020044634,"walk_out":42.339243400148774,"walk_back":42.339243400148774},"rail-007395":{"out":29.759370107195323,"back":29.759370107195323,"walk_out":99.19790035731775,"walk_back":99.19790035731775},"taisho":{"out":25.25862946986594,"back":25.25862946986594,"walk_out":84.19543156621981,"walk_back":84.19543156621981},"osakako":{"out":8.89195485538436,"back":8.89195485538436,"walk_out":29.63984951794787,"walk_back":29.63984951794787},"rail-007483":{"out":28.298258560097473,"back":28.298258560097473,"walk_out":94.32752853365825,"walk_back":94.32752853365825},"rail-007515":{"out":28.82529449893289,"back":28.82529449893289,"walk_out":96.08431499644297,"walk_back":96.08431499644297},"rail-007275":{"out":18.089204402467345,"back":18.089204402467345,"walk_out":60.297348008224475,"walk_back":60.297348008224475},"rail-007592":{"out":29.549709482696954,"back":29.549709482696954,"walk_out":98.49903160898984,"walk_back":98.49903160898984},"rail-007493":{"out":27.184642988695504,"back":27.184642988695504,"walk_out":90.61547662898502,"walk_back":90.61547662898502},"rail-007517":{"out":28.291361235659405,"back":28.291361235659405,"walk_out":94.30453745219802,"walk_back":94.30453745219802},"rail-007538":{"out":29.665013605541553,"back":29.665013605541553,"walk_out":98.88337868513851,"walk_back":98.88337868513851},"rail-007575":{"out":18.720440702146696,"back":18.720440702146696,"walk_out":62.401469007155654,"walk_back":62.401469007155654},"bentencho":{"out":21.06312507104437,"back":21.06312507104437,"walk_out":70.21041690348125,"walk_back":70.21041690348125},"rail-007370":{"out":14.700061318064739,"back":14.700061318064739,"walk_out":49.00020439354913,"walk_back":49.00020439354913},"rail-007406":{"out":24.37440799375322,"back":24.37440799375322,"walk_out":81.24802664584406,"walk_back":81.24802664584406},"rail-007525":{"out":28.358069074267092,"back":28.358069074267092,"walk_out":94.52689691422364,"walk_back":94.52689691422364},"rail-007553":{"out":28.09471100795522,"back":28.09471100795522,"walk_out":93.64903669318407,"walk_back":93.64903669318407},"rail-007472":{"out":29.74652723463241,"back":29.74652723463241,"walk_out":99.15509078210803,"walk_back":99.15509078210803},"rail-007364":{"out":11.773812584558673,"back":11.773812584558673,"walk_out":39.24604194852891,"walk_back":39.24604194852891},"sakuragawa":{"out":27.97581939027132,"back":27.97581939027132,"walk_out":93.2527313009044,"walk_back":93.2527313009044},"rail-007303":{"out":27.70712220841853,"back":27.70712220841853,"walk_out":92.35707402806176,"walk_back":92.35707402806176},"rail-007442":{"out":23.619788287502466,"back":23.619788287502466,"walk_out":78.73262762500822,"walk_back":78.73262762500822},"rail-007533":{"out":26.645358923554657,"back":26.645358923554657,"walk_out":88.81786307851553,"walk_back":88.81786307851553},"rail-007564":{"out":29.875989311725135,"back":29.875989311725135,"walk_out":99.58663103908378,"walk_back":99.58663103908378},"rail-007077":{"out":28.796547427840537,"back":28.796547427840537,"walk_out":95.98849142613513,"walk_back":95.98849142613513},"rail-007554":{"out":27.798183059106346,"back":27.798183059106346,"walk_out":92.66061019702116,"walk_back":92.66061019702116},"rail-007579":{"out":29.025427878779382,"back":29.025427878779382,"walk_out":96.75142626259793,"walk_back":96.75142626259793},"rail-007498":{"out":29.28584658131542,"back":29.28584658131542,"walk_out":97.61948860438473,"walk_back":97.61948860438473},"rail-007379":{"out":27.049970797400984,"back":27.049970797400984,"walk_out":90.16656932466995,"walk_back":90.16656932466995},"rail-007371":{"out":26.37401104448821,"back":26.37401104448821,"walk_out":87.91337014829404,"walk_back":87.91337014829404},"rail-007454":{"out":28.276935028317073,"back":28.276935028317073,"walk_out":94.25645009439025,"walk_back":94.25645009439025},"rail-007452":{"out":29.252557483096492,"back":29.252557483096492,"walk_out":97.50852494365498,"walk_back":97.50852494365498},"nishikujo":{"out":26.409809893581098,"back":26.409809893581098,"walk_out":88.03269964527033,"walk_back":88.03269964527033},"rail-007476":{"out":25.451663256447073,"back":25.451663256447073,"walk_out":84.83887752149025,"walk_back":84.83887752149025},"rail-007246":{"out":29.390337049863387,"back":29.390337049863387,"walk_out":97.96779016621129,"walk_back":97.96779016621129}}}},{"type":"Feature","geometry":{"type":"Point","coordinates":[135.41454679683542,34.636238684652454]},"properties":{"id":"osaka-info-11338","name":"OSAKAアート＆てづくりバザールVol.52","venue":"大阪南港 ATCホール + 第2特設会場(O's棟北館3F)","address":"大阪市住之江区南港北2-1-10","category":"アート","date":"2026-09-19","end_date":"2026-09-22","start":null,"end":null,"schedule":"【日程】2026年9月19日(土)～22日(火･休)【時間】10:00～17:00(最終入場16:30) ※第2特設会場は11:00～","url":"https://osaka-info.jp/event/osaka-arthandmade-bazaar-vol52/","source":"OSAKA-INFO（大阪観光局）","source_category":"展覧会 / 特別公開","source_updated":"2026-08-28","fetched_at":"2026-09-13T05:27:23.764Z","coordinate_source":"https://osaka-info.jp/event/osaka-arthandmade-bazaar-vol52/","fictional":false,"access":{"rail-007464":{"out":2.9440853667258535,"back":2.9440853667258535,"walk_out":9.813617889086178,"walk_back":9.813617889086178},"rail-007473":{"out":1.4945958188584394,"back":1.4945958188584394,"walk_out":4.9819860628614645,"walk_back":4.9819860628614645},"rail-007283":{"out":27.956041012877563,"back":27.956041012877563,"walk_out":93.18680337625854,"walk_back":93.18680337625854},"rail-007280":{"out":28.269055052910236,"back":28.269055052910236,"walk_out":94.23018350970078,"walk_back":94.23018350970078},"rail-007552":{"out":10.60542024266763,"back":10.60542024266763,"walk_out":35.3514008088921,"walk_back":35.3514008088921},"rail-007507":{"out":5.809933531250546,"back":5.809933531250546,"walk_out":19.366445104168484,"walk_back":19.366445104168484},"rail-007506":{"out":3.827188057416803,"back":3.827188057416803,"walk_out":12.757293524722677,"walk_back":12.757293524722677},"rail-007300":{"out":16.576743439912246,"back":16.576743439912246,"walk_out":55.255811466374155,"walk_back":55.255811466374155},"rail-007494":{"out":1.420793114855234,"back":1.420793114855234,"walk_out":4.735977049517447,"walk_back":4.735977049517447},"kujo":{"out":27.46400018759225,"back":27.46400018759225,"walk_out":91.54666729197417,"walk_back":91.54666729197417},"rail-007407":{"out":29.659548793031313,"back":29.659548793031313,"walk_out":98.86516264343771,"walk_back":98.86516264343771},"rail-007156":{"out":27.206800027638455,"back":27.206800027638455,"walk_out":90.68933342546151,"walk_back":90.68933342546151},"rail-007593":{"out":29.887843807398312,"back":29.887843807398312,"walk_out":99.62614602466104,"walk_back":99.62614602466104},"rail-007580":{"out":24.651532560719144,"back":24.651532560719144,"walk_out":82.17177520239714,"walk_back":82.17177520239714},"rail-007567":{"out":29.943664412146695,"back":29.943664412146695,"walk_out":99.81221470715565,"walk_back":99.81221470715565},"rail-007573":{"out":29.620807578933995,"back":29.620807578933995,"walk_out":98.73602526311332,"walk_back":98.73602526311332},"rail-007574":{"out":29.97137458834493,"back":29.97137458834493,"walk_out":99.90458196114976,"walk_back":99.90458196114976},"rail-007544":{"out":24.632705207569607,"back":24.632705207569607,"walk_out":82.10901735856535,"walk_back":82.10901735856535},"rail-007177":{"out":26.97462183518391,"back":26.97462183518391,"walk_out":89.9154061172797,"walk_back":89.9154061172797},"rail-007570":{"out":15.195518981986485,"back":15.195518981986485,"walk_out":50.65172993995495,"walk_back":50.65172993995495},"rail-007571":{"out":13.240666052813573,"back":13.240666052813573,"walk_out":44.13555350937858,"walk_back":44.13555350937858},"rail-007534":{"out":29.839903419017396,"back":29.839903419017396,"walk_out":99.46634473005798,"walk_back":99.46634473005798},"rail-010188":{"out":11.539912368874012,"back":11.539912368874012,"walk_out":38.46637456291337,"walk_back":38.46637456291337},"taisho":{"out":27.258262009196283,"back":27.258262009196283,"walk_out":90.86087336398761,"walk_back":90.86087336398761},"osakako":{"out":10.669609692940242,"back":10.669609692940242,"walk_out":35.565365643134136,"walk_back":35.565365643134136},"rail-007275":{"out":19.69967126755446,"back":19.69967126755446,"walk_out":65.6655708918482,"walk_back":65.6655708918482},"rail-007493":{"out":29.01763606037299,"back":29.01763606037299,"walk_out":96.72545353457663,"walk_back":96.72545353457663},"rail-007575":{"out":19.73538512603922,"back":19.73538512603922,"walk_out":65.7846170867974,"walk_back":65.7846170867974},"bentencho":{"out":22.957327287290948,"back":22.957327287290948,"walk_out":76.52442429096983,"walk_back":76.52442429096983},"rail-007370":{"out":16.586859389840296,"back":16.586859389840296,"walk_out":55.289531299467654,"walk_back":55.289531299467654},"rail-007406":{"out":26.38396112801986,"back":26.38396112801986,"walk_out":87.94653709339953,"walk_back":87.94653709339953},"rail-007553":{"out":29.665242533703672,"back":29.665242533703672,"walk_out":98.88414177901224,"walk_back":98.88414177901224},"rail-007364":{"out":13.279817785205491,"back":13.279817785205491,"walk_out":44.266059284018304,"walk_back":44.266059284018304},"sakuragawa":{"out":29.975574181287964,"back":29.975574181287964,"walk_out":99.91858060429321,"walk_back":99.91858060429321},"rail-007303":{"out":29.70900312339216,"back":29.70900312339216,"walk_out":99.0300104113072,"walk_back":99.0300104113072},"rail-007442":{"out":25.593923809440934,"back":25.593923809440934,"walk_out":85.31307936480312,"walk_back":85.31307936480312},"rail-007533":{"out":28.314642400721162,"back":28.314642400721162,"walk_out":94.3821413357372,"walk_back":94.3821413357372},"rail-007554":{"out":29.36177658244418,"back":29.36177658244418,"walk_out":97.87258860814727,"walk_back":97.87258860814727},"rail-007379":{"out":29.063125358248445,"back":29.063125358248445,"walk_out":96.87708452749482,"walk_back":96.87708452749482},"rail-007371":{"out":28.3882512488821,"back":28.3882512488821,"walk_out":94.62750416294033,"walk_back":94.62750416294033},"nishikujo":{"out":28.216428891499838,"back":28.216428891499838,"walk_out":94.05476297166614,"walk_back":94.05476297166614},"rail-007476":{"out":27.339254310524684,"back":27.339254310524684,"walk_out":91.13084770174895,"walk_back":91.13084770174895}}}},{"type":"Feature","geometry":{"type":"Point","coordinates":[135.49447158426818,34.7060332881042]},"properties":{"id":"osaka-info-11326","name":"『時をかける少女』公開20年周年記念 細田守の原点/展","venue":"グランフロント大阪 北館 ナレッジキャピタル イベントラボ","address":"大阪市北区大深町3-1グランフロント大阪 北館内","category":"アート","date":"2026-10-28","end_date":"2027-01-04","start":null,"end":null,"schedule":"【期間】2026年10月28日(水)～2027年1月4日(月)【時間】10:00～18:00(最終入場は17:30まで)※2026年12月31日(木)、2027年1月1日(金)は休館。","url":"https://osaka-info.jp/event/hosodagenten-osaka/","source":"OSAKA-INFO（大阪観光局）","source_category":"展覧会 / 特別公開","source_updated":"2026-08-27","fetched_at":"2026-09-13T05:27:23.764Z","coordinate_source":"https://osaka-info.jp/event/hosodagenten-osaka/","fictional":false,"access":{"rail-006872":{"out":18.027080187297774,"back":18.027080187297774,"walk_out":60.090267290992585,"walk_back":60.090267290992585},"rail-007041":{"out":17.159576060211872,"back":17.159576060211872,"walk_out":57.19858686737291,"walk_back":57.19858686737291},"rail-006860":{"out":24.887064093923158,"back":24.887064093923158,"walk_out":82.95688031307719,"walk_back":82.95688031307719},"naniwabashi":{"out":7.863193020054215,"back":7.863193020054215,"walk_out":26.210643400180718,"walk_back":26.210643400180718},"namba":{"out":17.857462895405924,"back":17.857462895405924,"walk_out":59.52487631801975,"walk_back":59.52487631801975},"rail-007283":{"out":16.897440574698823,"back":16.897440574698823,"walk_out":56.324801915662746,"walk_back":56.324801915662746},"rail-007280":{"out":16.595819978951287,"back":16.595819978951287,"walk_out":55.31939992983762,"walk_back":55.31939992983762},"rail-007300":{"out":26.582893193965074,"back":26.582893193965074,"walk_out":88.60964397988357,"walk_back":88.60964397988357},"rail-006889":{"out":14.602073716269924,"back":14.602073716269924,"walk_out":48.67357905423308,"walk_back":48.67357905423308},"rail-006833":{"out":24.12602256916481,"back":24.12602256916481,"walk_out":80.42007523054937,"walk_back":80.42007523054937},"rail-006849":{"out":20.22385778130806,"back":20.22385778130806,"walk_out":67.41285927102686,"walk_back":67.41285927102686},"nakanoshima":{"out":6.815768574994754,"back":6.815768574994754,"walk_out":22.719228583315846,"walk_back":22.719228583315846},"rail-007040":{"out":4.088184445578238,"back":4.088184445578238,"walk_out":13.627281485260795,"walk_back":13.627281485260795},"rail-007016":{"out":1.8510264232020424,"back":1.8510264232020424,"walk_out":6.170088077340141,"walk_back":6.170088077340141},"kujo":{"out":16.2367046108535,"back":16.2367046108535,"walk_out":54.122348702845,"walk_back":54.122348702845},"kyobashi":{"out":15.013323124035384,"back":15.013323124035384,"walk_out":50.04441041345128,"walk_back":50.04441041345128},"rail-007407":{"out":23.137762790609862,"back":23.137762790609862,"walk_out":77.12587596869953,"walk_back":77.12587596869953},"rail-007402":{"out":22.90620159240438,"back":22.90620159240438,"walk_out":76.35400530801459,"walk_back":76.35400530801459},"rail-007450":{"out":27.004706178658537,"back":27.004706178658537,"walk_out":90.01568726219512,"walk_back":90.01568726219512},"rail-007070":{"out":24.127386366919332,"back":24.127386366919332,"walk_out":80.42462122306445,"walk_back":80.42462122306445},"rail-007459":{"out":28.17382581177459,"back":28.17382581177459,"walk_out":93.9127527059153,"walk_back":93.9127527059153},"rail-007284":{"out":24.61491012650268,"back":24.61491012650268,"walk_out":82.0497004216756,"walk_back":82.0497004216756},"rail-007342":{"out":27.36210900615223,"back":27.36210900615223,"walk_out":91.20703002050743,"walk_back":91.20703002050743},"rail-007156":{"out":17.35682374031883,"back":17.35682374031883,"walk_out":57.8560791343961,"walk_back":57.8560791343961},"rail-007037":{"out":21.077998480817122,"back":21.077998480817122,"walk_out":70.25999493605707,"walk_back":70.25999493605707},"rail-006935":{"out":17.801333327836776,"back":17.801333327836776,"walk_out":59.33777775945592,"walk_back":59.33777775945592},"dobutsuen":{"out":26.067933513906752,"back":26.067933513906752,"walk_out":86.8931117130225,"walk_back":86.8931117130225},"rail-007085":{"out":3.535007037401752,"back":3.535007037401752,"walk_out":11.783356791339175,"walk_back":11.783356791339175},"kitahama":{"out":8.047890850206608,"back":8.047890850206608,"walk_out":26.826302834022027,"walk_back":26.826302834022027},"juso":{"out":7.772766123347395,"back":7.772766123347395,"walk_out":25.909220411157985,"walk_back":25.909220411157985},"rail-006953":{"out":23.47472819881973,"back":23.47472819881973,"walk_out":78.24909399606577,"walk_back":78.24909399606577},"rail-006952":{"out":21.601791441996482,"back":21.601791441996482,"walk_out":72.00597147332161,"walk_back":72.00597147332161},"rail-007014":{"out":18.17241343773438,"back":18.17241343773438,"walk_out":60.574711459114596,"walk_back":60.574711459114596},"rail-007177":{"out":16.26690662134274,"back":16.26690662134274,"walk_out":54.22302207114247,"walk_back":54.22302207114247},"rail-006836":{"out":20.268193783754075,"back":20.268193783754075,"walk_out":67.56064594584691,"walk_back":67.56064594584691},"rail-006948":{"out":8.9277114898206,"back":8.9277114898206,"walk_out":29.759038299402004,"walk_back":29.759038299402004},"minamimorimachi":{"out":7.0647261099986025,"back":7.0647261099986025,"walk_out":23.549087033328675,"walk_back":23.549087033328675},"rail-006798":{"out":25.245903660225988,"back":25.245903660225988,"walk_out":84.1530122007533,"walk_back":84.1530122007533},"suita":{"out":27.597337057265285,"back":27.597337057265285,"walk_out":91.99112352421761,"walk_back":91.99112352421761},"rail-007268":{"out":14.29865611447267,"back":14.29865611447267,"walk_out":47.66218704824224,"walk_back":47.66218704824224},"rail-007382":{"out":22.375438310150027,"back":22.375438310150027,"walk_out":74.58479436716675,"walk_back":74.58479436716675},"rail-006826":{"out":26.50278017328194,"back":26.50278017328194,"walk_out":88.34260057760648,"walk_back":88.34260057760648},"rail-006927":{"out":26.26591707299534,"back":26.26591707299534,"walk_out":87.55305690998446,"walk_back":87.55305690998446},"rail-006956":{"out":15.3700746361588,"back":15.3700746361588,"walk_out":51.233582120529334,"walk_back":51.233582120529334},"rail-007190":{"out":11.696986084594265,"back":11.696986084594265,"walk_out":38.989953615314214,"walk_back":38.989953615314214},"rail-007009":{"out":9.816927290892133,"back":9.816927290892133,"walk_out":32.723090969640445,"walk_back":32.723090969640445},"rail-007395":{"out":22.157299100412523,"back":22.157299100412523,"walk_out":73.85766366804175,"walk_back":73.85766366804175},"taisho":{"out":18.783395209963416,"back":18.783395209963416,"walk_out":62.611317366544725,"walk_back":62.611317366544725},"oe_bridge":{"out":5.710003333357727,"back":5.710003333357727,"walk_out":19.033344444525756,"walk_back":19.033344444525756},"rail-006996":{"out":25.49150581071081,"back":25.49150581071081,"walk_out":84.9716860357027,"walk_back":84.9716860357027},"osaka_business":{"out":14.361405244580421,"back":14.361405244580421,"walk_out":47.87135081526807,"walk_back":47.87135081526807},"osaka":{"out":1.7959463713007546,"back":1.7959463713007546,"walk_out":5.986487904335849,"walk_back":5.986487904335849},"uehommachi":{"out":20.537142912108614,"back":20.537142912108614,"walk_out":68.45714304036204,"walk_back":68.45714304036204},"rail-007164":{"out":16.68694336098614,"back":16.68694336098614,"walk_out":55.62314453662047,"walk_back":55.62314453662047},"rail-007107":{"out":12.384704090964103,"back":12.384704090964103,"walk_out":41.282346969880344,"walk_back":41.282346969880344},"rail-007090":{"out":7.894465879926587,"back":7.894465879926587,"walk_out":26.314886266421954,"walk_back":26.314886266421954},"rail-007451":{"out":27.850237630251122,"back":27.850237630251122,"walk_out":92.8341254341704,"walk_back":92.8341254341704},"temma":{"out":6.562582815936793,"back":6.562582815936793,"walk_out":21.875276053122644,"walk_back":21.875276053122644},"temmabashi":{"out":10.586192042283061,"back":10.586192042283061,"walk_out":35.2873068076102,"walk_back":35.2873068076102},"tennoji":{"out":27.57882408360853,"back":27.57882408360853,"walk_out":91.92941361202844,"walk_back":91.92941361202844},"rail-007447":{"out":27.451308768859953,"back":27.451308768859953,"walk_out":91.5043625628665,"walk_back":91.5043625628665},"tenroku":{"out":6.192714740281658,"back":6.192714740281658,"walk_out":20.642382467605525,"walk_back":20.642382467605525},"taishibashi":{"out":24.612453442940286,"back":24.612453442940286,"walk_out":82.04151147646762,"walk_back":82.04151147646762},"rail-007057":{"out":13.287490624235044,"back":13.287490624235044,"walk_out":44.29163541411681,"walk_back":44.29163541411681},"rail-006883":{"out":29.33010075842325,"back":29.33010075842325,"walk_out":97.7670025280775,"walk_back":97.7670025280775},"moriguchi_shi":{"out":28.92615866445216,"back":28.92615866445216,"walk_out":96.4205288815072,"walk_back":96.4205288815072},"rail-007275":{"out":23.523161031475105,"back":23.523161031475105,"walk_out":78.41053677158368,"walk_back":78.41053677158368},"rail-007434":{"out":27.949210576265912,"back":27.949210576265912,"walk_out":93.1640352542197,"walk_back":93.1640352542197},"amagasaki":{"out":25.635987787064394,"back":25.635987787064394,"walk_out":85.45329262354798,"walk_back":85.45329262354798},"hanshin_amagasaki":{"out":28.750583317102787,"back":28.750583317102787,"walk_out":95.83527772367596,"walk_back":95.83527772367596},"rail-006924":{"out":12.503229773679653,"back":12.503229773679653,"walk_out":41.67743257893218,"walk_back":41.67743257893218},"rail-006832":{"out":20.937554047658537,"back":20.937554047658537,"walk_out":69.79184682552845,"walk_back":69.79184682552845},"bentencho":{"out":19.942106592502263,"back":19.942106592502263,"walk_out":66.4736886416742,"walk_back":66.4736886416742},"rail-007011":{"out":14.5146909379466,"back":14.5146909379466,"walk_out":48.38230312648867,"walk_back":48.38230312648867},"shinsaibashi":{"out":14.232884630620207,"back":14.232884630620207,"walk_out":47.44294876873402,"walk_back":47.44294876873402},"rail-007399":{"out":23.60339946438709,"back":23.60339946438709,"walk_out":78.67799821462363,"walk_back":78.67799821462363},"rail-007061":{"out":6.068805170609607,"back":6.068805170609607,"walk_out":20.22935056869869,"walk_back":20.22935056869869},"rail-007162":{"out":26.36024283687584,"back":26.36024283687584,"walk_out":87.86747612291947,"walk_back":87.86747612291947},"shinimamiya":{"out":25.107862028860094,"back":25.107862028860094,"walk_out":83.69287342953365,"walk_back":83.69287342953365},"rail-007427":{"out":25.341672973172994,"back":25.341672973172994,"walk_out":84.47224324390999,"walk_back":84.47224324390999},"shinosaka":{"out":12.714051255165321,"back":12.714051255165321,"walk_out":42.38017085055107,"walk_back":42.38017085055107},"rail-007001":{"out":23.67885002869643,"back":23.67885002869643,"walk_out":78.92950009565477,"walk_back":78.92950009565477},"rail-007297":{"out":27.58135855828602,"back":27.58135855828602,"walk_out":91.9378618609534,"walk_back":91.9378618609534},"rail-007104":{"out":5.936353629312178,"back":5.936353629312178,"walk_out":19.787845431040594,"walk_back":19.787845431040594},"nipponbashi":{"out":18.071608147137404,"back":18.071608147137404,"walk_out":60.23869382379134,"walk_back":60.23869382379134},"rail-006781":{"out":26.270595994053377,"back":26.270595994053377,"walk_out":87.56865331351125,"walk_back":87.56865331351125},"rail-007370":{"out":26.18609955300421,"back":26.18609955300421,"walk_out":87.28699851001404,"walk_back":87.28699851001404},"rail-007406":{"out":23.230322949213974,"back":23.230322949213974,"walk_out":77.43440983071325,"walk_back":77.43440983071325},"hommachi":{"out":10.815834876792497,"back":10.815834876792497,"walk_out":36.052782922641654,"walk_back":36.052782922641654},"rail-006986":{"out":21.11670590636371,"back":21.11670590636371,"walk_out":70.38901968787903,"walk_back":70.38901968787903},"rail-006869":{"out":15.66618181134094,"back":15.66618181134094,"walk_out":52.22060603780313,"walk_back":52.22060603780313},"rail-006878":{"out":15.161488133685602,"back":15.161488133685602,"walk_out":50.53829377895201,"walk_back":50.53829377895201},"rail-007250":{"out":15.097655199006258,"back":15.097655199006258,"walk_out":50.325517330020865,"walk_back":50.325517330020865},"rail-007472":{"out":29.704291271244465,"back":29.704291271244465,"walk_out":99.01430423748155,"walk_back":99.01430423748155},"rail-006931":{"out":11.870423010784497,"back":11.870423010784497,"walk_out":39.56807670261499,"walk_back":39.56807670261499},"rail-007380":{"out":24.429443972634687,"back":24.429443972634687,"walk_out":81.4314799087823,"walk_back":81.4314799087823},"sakuranomiya":{"out":9.691430901143303,"back":9.691430901143303,"walk_out":32.304769670477675,"walk_back":32.304769670477675},"rail-007364":{"out":29.914363914646003,"back":29.914363914646003,"walk_out":99.71454638215334,"walk_back":99.71454638215334},"sakuragawa":{"out":16.976956350070054,"back":16.976956350070054,"walk_out":56.589854500233514,"walk_back":56.589854500233514},"morinomiya":{"out":17.625006856527737,"back":17.625006856527737,"walk_out":58.75002285509245,"walk_back":58.75002285509245},"rail-006977":{"out":21.751605778424526,"back":21.751605778424526,"walk_out":72.50535259474843,"walk_back":72.50535259474843},"rail-007063":{"out":28.61675646445843,"back":28.61675646445843,"walk_out":95.38918821486143,"walk_back":95.38918821486143},"rail-007303":{"out":17.34963753522719,"back":17.34963753522719,"walk_out":57.83212511742396,"walk_back":57.83212511742396},"rail-006800":{"out":23.466956913914583,"back":23.466956913914583,"walk_out":78.22318971304861,"walk_back":78.22318971304861},"rail-007442":{"out":26.53923081336545,"back":26.53923081336545,"walk_out":88.46410271121816,"walk_back":88.46410271121816},"rail-007102":{"out":9.11963058964082,"back":9.11963058964082,"walk_out":30.39876863213607,"walk_back":30.39876863213607},"yodoyabashi":{"out":6.966056351805959,"back":6.966056351805959,"walk_out":23.220187839353194,"walk_back":23.220187839353194},"rail-007097":{"out":11.561933977767405,"back":11.561933977767405,"walk_out":38.53977992589135,"walk_back":38.53977992589135},"awaji":{"out":16.96068208553711,"back":16.96068208553711,"walk_out":56.53560695179036,"walk_back":56.53560695179036},"fukaebashi":{"out":25.749197371120637,"back":25.749197371120637,"walk_out":85.83065790373546,"walk_back":85.83065790373546},"rail-006964":{"out":25.291847446114215,"back":25.291847446114215,"walk_out":84.30615815371405,"walk_back":84.30615815371405},"watanabebashi":{"out":5.357855791554601,"back":5.357855791554601,"walk_out":17.859519305182005,"walk_back":17.859519305182005},"rail-006933":{"out":24.99301209533032,"back":24.99301209533032,"walk_out":83.31004031776774,"walk_back":83.31004031776774},"rail-007154":{"out":9.954106636200365,"back":9.954106636200365,"walk_out":33.180355454001216,"walk_back":33.180355454001216},"rail-007260":{"out":20.159018623107983,"back":20.159018623107983,"walk_out":67.19672874369327,"walk_back":67.19672874369327},"rail-006824":{"out":27.47242112147662,"back":27.47242112147662,"walk_out":91.57473707158874,"walk_back":91.57473707158874},"rail-006807":{"out":27.029187217771234,"back":27.029187217771234,"walk_out":90.09729072590412,"walk_back":90.09729072590412},"rail-006916":{"out":13.931341936502571,"back":13.931341936502571,"walk_out":46.43780645500857,"walk_back":46.43780645500857},"rail-007077":{"out":19.118490329660116,"back":19.118490329660116,"walk_out":63.72830109886706,"walk_back":63.72830109886706},"fukushima":{"out":4.881926827916028,"back":4.881926827916028,"walk_out":16.27308942638676,"walk_back":16.27308942638676},"rail-007201":{"out":21.647583636922047,"back":21.647583636922047,"walk_out":72.15861212307348,"walk_back":72.15861212307348},"rail-007143":{"out":6.6271511789821655,"back":6.6271511789821655,"walk_out":22.090503929940553,"walk_back":22.090503929940553},"rail-007379":{"out":21.196720400281563,"back":21.196720400281563,"walk_out":70.65573466760522,"walk_back":70.65573466760522},"rail-007371":{"out":20.460920936711215,"back":20.460920936711215,"walk_out":68.20306978903739,"walk_back":68.20306978903739},"rail-007454":{"out":27.51051254224841,"back":27.51051254224841,"walk_out":91.70170847416136,"walk_back":91.70170847416136},"rail-007452":{"out":26.936095762923234,"back":26.936095762923234,"walk_out":89.78698587641078,"walk_back":89.78698587641078},"gamo4":{"out":19.637131980959207,"back":19.637131980959207,"walk_out":65.45710660319736,"walk_back":65.45710660319736},"rail-006942":{"out":9.249710316936675,"back":9.249710316936675,"walk_out":30.832367723122246,"walk_back":30.832367723122246},"nishikujo":{"out":14.42991629024373,"back":14.42991629024373,"walk_out":48.0997209674791,"walk_back":48.0997209674791},"rail-007249":{"out":13.567822846557313,"back":13.567822846557313,"walk_out":45.226076155191045,"walk_back":45.226076155191045},"rail-007246":{"out":14.53514092723121,"back":14.53514092723121,"walk_out":48.45046975743736,"walk_back":48.45046975743736},"tanimachi9":{"out":19.012101120448698,"back":19.012101120448698,"walk_out":63.37367040149566,"walk_back":63.37367040149566},"tanimachi6":{"out":16.009907705552887,"back":16.009907705552887,"walk_out":53.36635901850963,"walk_back":53.36635901850963},"tanimachi4":{"out":13.509986897448385,"back":13.509986897448385,"walk_out":45.03328965816129,"walk_back":45.03328965816129},"rail-006772":{"out":26.555001569862526,"back":26.555001569862526,"walk_out":88.51667189954175,"walk_back":88.51667189954175},"rail-007317":{"out":17.96149129682746,"back":17.96149129682746,"walk_out":59.871637656091536,"walk_back":59.871637656091536},"miyakojima":{"out":11.603485887771797,"back":11.603485887771797,"walk_out":38.67828629257265,"walk_back":38.67828629257265},"rail-007036":{"out":17.875496991587823,"back":17.875496991587823,"walk_out":59.584989971959416,"walk_back":59.584989971959416},"rail-007030":{"out":16.10399196108568,"back":16.10399196108568,"walk_out":53.67997320361893,"walk_back":53.67997320361893},"rail-007109":{"out":8.491230041867139,"back":8.491230041867139,"walk_out":28.30410013955713,"walk_back":28.30410013955713},"rail-007159":{"out":10.435606161876592,"back":10.435606161876592,"walk_out":34.785353872921974,"walk_back":34.785353872921974},"rail-007113":{"out":8.915031508571278,"back":8.915031508571278,"walk_out":29.716771695237597,"walk_back":29.716771695237597},"nagahoribashi":{"out":14.354185148815176,"back":14.354185148815176,"walk_out":47.84728382938392,"walk_back":47.84728382938392},"rail-006740":{"out":29.181723393404777,"back":29.181723393404777,"walk_out":97.27241131134926,"walk_back":97.27241131134926},"rail-007013":{"out":19.423151346035898,"back":19.423151346035898,"walk_out":64.74383782011967,"walk_back":64.74383782011967},"rail-007008":{"out":19.254076485162123,"back":19.254076485162123,"walk_out":64.1802549505404,"walk_back":64.1802549505404},"rail-007002":{"out":19.065599958212687,"back":19.065599958212687,"walk_out":63.551999860708946,"walk_back":63.551999860708946},"rail-007460":{"out":29.273478355541897,"back":29.273478355541897,"walk_out":97.57826118513965,"walk_back":97.57826118513965},"awaza":{"out":11.23882021369543,"back":11.23882021369543,"walk_out":37.46273404565143,"walk_back":37.46273404565143},"rail-007125":{"out":19.422059237967492,"back":19.422059237967492,"walk_out":64.74019745989163,"walk_back":64.74019745989163},"tsuruhashi":{"out":22.212046230861112,"back":22.212046230861112,"walk_out":74.04015410287037,"walk_back":74.04015410287037}}}},{"type":"Feature","geometry":{"type":"Point","coordinates":[135.5106473213332,34.45516338874269]},"properties":{"id":"osaka-info-11284","name":"ハーベストの丘 7万本のひまわり","venue":"村のエリア花畑【太陽の丘】【月の丘＆星の丘】街のエリア花畑【ウェルカムガーデン】","address":"堺市南区鉢ヶ峯寺 2405-1","category":"季節","date":"2026-07-22","end_date":"2026-09-23","start":null,"end":null,"schedule":"【開花期間】※開花時期は天候等により、変動する場合がございます■太陽の丘開花時期：2026年7月末～8月中旬予想見ごろ ：8月上旬予想■月の丘＆星の丘開花時期：2026年8月中旬～下旬予想見ごろ ：8月中旬以降予想■ウェルカムガーデン開花時期：2026年6月中旬～9月下旬予想見ごろ ：7/11～","url":"https://osaka-info.jp/event/harvest-himawari/","source":"OSAKA-INFO（大阪観光局）","source_category":"季節","source_updated":"2026-08-26","fetched_at":"2026-09-13T05:27:23.764Z","coordinate_source":"https://osaka-info.jp/event/harvest-himawari/","fictional":false,"access":{"rail-007957":{"out":23.734974323083232,"back":23.734974323083232,"walk_out":79.1165810769441,"walk_back":79.1165810769441},"rail-007898":{"out":15.57209988272192,"back":15.57209988272192,"walk_out":51.906999609073075,"walk_back":51.906999609073075},"rail-007909":{"out":21.325532896941066,"back":21.325532896941066,"walk_out":71.08510965647022,"walk_back":71.08510965647022},"rail-007922":{"out":20.073471981139832,"back":20.073471981139832,"walk_out":66.9115732704661,"walk_back":66.9115732704661},"rail-007831":{"out":27.902195365502706,"back":27.902195365502706,"walk_out":93.00731788500902,"walk_back":93.00731788500902},"rail-007877":{"out":15.257201426627159,"back":15.257201426627159,"walk_out":50.857338088757196,"walk_back":50.857338088757196},"rail-007912":{"out":25.654003739227495,"back":25.654003739227495,"walk_out":85.51334579742499,"walk_back":85.51334579742499},"rail-007934":{"out":22.996336313910152,"back":22.996336313910152,"walk_out":76.65445437970051,"walk_back":76.65445437970051},"rail-007846":{"out":18.605075952559254,"back":18.605075952559254,"walk_out":62.01691984186417,"walk_back":62.01691984186417},"rail-007887":{"out":21.773530392150136,"back":21.773530392150136,"walk_out":72.57843464050046,"walk_back":72.57843464050046},"rail-007977":{"out":27.84531207521414,"back":27.84531207521414,"walk_out":92.81770691738046,"walk_back":92.81770691738046},"rail-007851":{"out":25.252608144701753,"back":25.252608144701753,"walk_out":84.17536048233917,"walk_back":84.17536048233917}}}},{"type":"Feature","geometry":{"type":"Point","coordinates":[135.4913916338467,34.692452936664786]},"properties":{"id":"osaka-info-11276","name":"大阪中之島美術館 フェルメール《真珠の耳飾りの少女》展","venue":"大阪中之島美術館 5階展示室","address":"大阪府大阪市北区中之島4-3-1","category":"アート","date":"2026-08-21","end_date":"2026-09-27","start":null,"end":null,"schedule":"【期間】2026年8月21日(金) ～ 2026年9月27日(日) ※会期中無休【時間】09:30～17:00 (入場は16:30まで)※8月28日、9月4日、9月11日、9月18日～9月27日は20:00まで (入場は19:30まで)","url":"https://osaka-info.jp/event/vermeer-osaka-nakanoshima/","source":"OSAKA-INFO（大阪観光局）","source_category":"展覧会 / 特別公開","source_updated":"2026-08-17","fetched_at":"2026-09-13T05:27:23.764Z","coordinate_source":"https://osaka-info.jp/event/vermeer-osaka-nakanoshima/","fictional":false,"access":{"rail-006872":{"out":23.883563553482883,"back":23.883563553482883,"walk_out":79.6118785116096,"walk_back":79.6118785116096},"rail-007041":{"out":19.37110564306601,"back":19.37110564306601,"walk_out":64.57035214355336,"walk_back":64.57035214355336},"naniwabashi":{"out":6.070601734095536,"back":6.070601734095536,"walk_out":20.23533911365179,"walk_back":20.23533911365179},"namba":{"out":12.133259668722864,"back":12.133259668722864,"walk_out":40.444198895742886,"walk_back":40.444198895742886},"rail-007283":{"out":10.879967396917271,"back":10.879967396917271,"walk_out":36.266557989724234,"walk_back":36.266557989724234},"rail-007280":{"out":10.568610549815283,"back":10.568610549815283,"walk_out":35.228701832717604,"walk_back":35.228701832717604},"rail-007300":{"out":22.207691316008003,"back":22.207691316008003,"walk_out":74.02563772002668,"walk_back":74.02563772002668},"rail-006889":{"out":20.25948526856268,"back":20.25948526856268,"walk_out":67.5316175618756,"walk_back":67.5316175618756},"rail-006833":{"out":29.80221895660146,"back":29.80221895660146,"walk_out":99.3407298553382,"walk_back":99.3407298553382},"rail-006849":{"out":26.16648777496334,"back":26.16648777496334,"walk_out":87.22162591654447,"walk_back":87.22162591654447},"nakanoshima":{"out":1.3224390897851659,"back":1.3224390897851659,"walk_out":4.408130299283886,"walk_back":4.408130299283886},"rail-007040":{"out":8.352743293034967,"back":8.352743293034967,"walk_out":27.84247764344989,"walk_back":27.84247764344989},"rail-007016":{"out":7.760065566922107,"back":7.760065566922107,"walk_out":25.866885223073687,"walk_back":25.866885223073687},"kujo":{"out":10.479945112918799,"back":10.479945112918799,"walk_out":34.933150376396,"walk_back":34.933150376396},"kyobashi":{"out":15.682582657838978,"back":15.682582657838978,"walk_out":52.27527552612993,"walk_back":52.27527552612993},"rail-007407":{"out":17.094358584081508,"back":17.094358584081508,"walk_out":56.98119528027169,"walk_back":56.98119528027169},"rail-007402":{"out":17.125735120614433,"back":17.125735120614433,"walk_out":57.08578373538144,"walk_back":57.08578373538144},"rail-007450":{"out":21.19097491816946,"back":21.19097491816946,"walk_out":70.63658306056487,"walk_back":70.63658306056487},"rail-007070":{"out":25.55145256022322,"back":25.55145256022322,"walk_out":85.1715085340774,"walk_back":85.1715085340774},"rail-007459":{"out":22.330062027378617,"back":22.330062027378617,"walk_out":74.43354009126205,"walk_back":74.43354009126205},"rail-007284":{"out":21.999010110454208,"back":21.999010110454208,"walk_out":73.33003370151403,"walk_back":73.33003370151403},"rail-007342":{"out":24.70296726149722,"back":24.70296726149722,"walk_out":82.34322420499075,"walk_back":82.34322420499075},"rail-007156":{"out":14.617412922290635,"back":14.617412922290635,"walk_out":48.724709740968784,"walk_back":48.724709740968784},"rail-007037":{"out":21.00683417848563,"back":21.00683417848563,"walk_out":70.0227805949521,"walk_back":70.0227805949521},"rail-006935":{"out":20.92546997657616,"back":20.92546997657616,"walk_out":69.75156658858721,"walk_back":69.75156658858721},"dobutsuen":{"out":20.29942759547847,"back":20.29942759547847,"walk_out":67.6647586515949,"walk_back":67.6647586515949},"rail-007485":{"out":25.176121823827195,"back":25.176121823827195,"walk_out":83.92040607942398,"walk_back":83.92040607942398},"rail-007412":{"out":29.070699505217284,"back":29.070699505217284,"walk_out":96.90233168405761,"walk_back":96.90233168405761},"rail-007085":{"out":3.3522208486960485,"back":3.3522208486960485,"walk_out":11.174069495653494,"walk_back":11.174069495653494},"kitahama":{"out":5.938872459906948,"back":5.938872459906948,"walk_out":19.79624153302316,"walk_back":19.79624153302316},"rail-007522":{"out":29.433868922314257,"back":29.433868922314257,"walk_out":98.11289640771419,"walk_back":98.11289640771419},"juso":{"out":12.819746994024637,"back":12.819746994024637,"walk_out":42.73248998008212,"walk_back":42.73248998008212},"rail-006953":{"out":27.118776771135842,"back":27.118776771135842,"walk_out":90.39592257045281,"walk_back":90.39592257045281},"rail-006952":{"out":25.44246418873271,"back":25.44246418873271,"walk_out":84.80821396244237,"walk_back":84.80821396244237},"rail-007014":{"out":19.0003924428932,"back":19.0003924428932,"walk_out":63.33464147631068,"walk_back":63.33464147631068},"rail-007177":{"out":12.694561565212071,"back":12.694561565212071,"walk_out":42.315205217373574,"walk_back":42.315205217373574},"rail-006836":{"out":26.3764878891397,"back":26.3764878891397,"walk_out":87.92162629713233,"walk_back":87.92162629713233},"rail-006948":{"out":15.07170893865487,"back":15.07170893865487,"walk_out":50.23902979551623,"walk_back":50.23902979551623},"minamimorimachi":{"out":7.4654733532029125,"back":7.4654733532029125,"walk_out":24.884911177343042,"walk_back":24.884911177343042},"rail-007268":{"out":8.46378019063439,"back":8.46378019063439,"walk_out":28.212600635447966,"walk_back":28.212600635447966},"rail-007382":{"out":17.28528865235591,"back":17.28528865235591,"walk_out":57.61762884118637,"walk_back":57.61762884118637},"rail-006956":{"out":19.967796204002646,"back":19.967796204002646,"walk_out":66.55932068000882,"walk_back":66.55932068000882},"rail-007190":{"out":7.426656069994549,"back":7.426656069994549,"walk_out":24.755520233315163,"walk_back":24.755520233315163},"rail-007009":{"out":12.209809111138377,"back":12.209809111138377,"walk_out":40.69936370379459,"walk_back":40.69936370379459},"rail-007395":{"out":16.255453639784605,"back":16.255453639784605,"walk_out":54.18484546594868,"walk_back":54.18484546594868},"taisho":{"out":12.685894370662442,"back":12.685894370662442,"walk_out":42.28631456887481,"walk_back":42.28631456887481},"oe_bridge":{"out":3.6040710313692768,"back":3.6040710313692768,"walk_out":12.013570104564256,"walk_back":12.013570104564256},"rail-006996":{"out":26.21303986117129,"back":26.21303986117129,"walk_out":87.37679953723763,"walk_back":87.37679953723763},"osaka_business":{"out":14.035846776183947,"back":14.035846776183947,"walk_out":46.786155920613155,"walk_back":46.786155920613155},"osaka":{"out":4.620085429912605,"back":4.620085429912605,"walk_out":15.40028476637535,"walk_back":15.40028476637535},"uehommachi":{"out":16.239898489426622,"back":16.239898489426622,"walk_out":54.132994964755405,"walk_back":54.132994964755405},"rail-007164":{"out":15.854083321087378,"back":15.854083321087378,"walk_out":52.8469444036246,"walk_back":52.8469444036246},"rail-007107":{"out":12.438317223917783,"back":12.438317223917783,"walk_out":41.46105741305928,"walk_back":41.46105741305928},"rail-007090":{"out":8.326095062387004,"back":8.326095062387004,"walk_out":27.75365020795668,"walk_back":27.75365020795668},"osakako":{"out":27.02411349312922,"back":27.02411349312922,"walk_out":90.08037831043073,"walk_back":90.08037831043073},"rail-007451":{"out":22.479576526020733,"back":22.479576526020733,"walk_out":74.93192175340245,"walk_back":74.93192175340245},"rail-007483":{"out":24.7332926102266,"back":24.7332926102266,"walk_out":82.44430870075533,"walk_back":82.44430870075533},"temma":{"out":9.470827624061066,"back":9.470827624061066,"walk_out":31.569425413536884,"walk_back":31.569425413536884},"temmabashi":{"out":9.153325860838054,"back":9.153325860838054,"walk_out":30.511086202793514,"walk_back":30.511086202793514},"tennoji":{"out":22.219524142926115,"back":22.219524142926115,"walk_out":74.06508047642038,"walk_back":74.06508047642038},"rail-007447":{"out":22.028446761443025,"back":22.028446761443025,"walk_out":73.42815587147675,"walk_back":73.42815587147675},"rail-007515":{"out":28.23259758980639,"back":28.23259758980639,"walk_out":94.10865863268796,"walk_back":94.10865863268796},"tenroku":{"out":10.493274086451331,"back":10.493274086451331,"walk_out":34.977580288171104,"walk_back":34.977580288171104},"taishibashi":{"out":28.768813423559934,"back":28.768813423559934,"walk_out":95.89604474519977,"walk_back":95.89604474519977},"rail-007057":{"out":13.244219598577427,"back":13.244219598577427,"walk_out":44.14739866192476,"walk_back":44.14739866192476},"rail-007275":{"out":19.33977317046315,"back":19.33977317046315,"walk_out":64.4659105682105,"walk_back":64.4659105682105},"rail-007434":{"out":23.038987006448625,"back":23.038987006448625,"walk_out":76.79662335482875,"walk_back":76.79662335482875},"rail-007368":{"out":27.47104784647727,"back":27.47104784647727,"walk_out":91.57015948825756,"walk_back":91.57015948825756},"amagasaki":{"out":27.96721566145659,"back":27.96721566145659,"walk_out":93.2240522048553,"walk_back":93.2240522048553},"hanshin_amagasaki":{"out":29.46142177219503,"back":29.46142177219503,"walk_out":98.20473924065011,"walk_back":98.20473924065011},"rail-007493":{"out":25.92473593016314,"back":25.92473593016314,"walk_out":86.41578643387714,"walk_back":86.41578643387714},"rail-007517":{"out":28.426860456119794,"back":28.426860456119794,"walk_out":94.75620152039932,"walk_back":94.75620152039932},"rail-006924":{"out":18.472046430078212,"back":18.472046430078212,"walk_out":61.57348810026071,"walk_back":61.57348810026071},"fuse":{"out":29.26081489282125,"back":29.26081489282125,"walk_out":97.53604964273751,"walk_back":97.53604964273751},"rail-006832":{"out":26.425790396438025,"back":26.425790396438025,"walk_out":88.08596798812675,"walk_back":88.08596798812675},"bentencho":{"out":14.670376345086405,"back":14.670376345086405,"walk_out":48.90125448362135,"walk_back":48.90125448362135},"rail-007011":{"out":15.882368523701928,"back":15.882368523701928,"walk_out":52.941228412339754,"walk_back":52.941228412339754},"shinsaibashi":{"out":8.671664026265438,"back":8.671664026265438,"walk_out":28.905546754218125,"walk_back":28.905546754218125},"rail-007399":{"out":17.94869695338487,"back":17.94869695338487,"walk_out":59.82898984461624,"walk_back":59.82898984461624},"rail-007061":{"out":8.730142567947544,"back":8.730142567947544,"walk_out":29.100475226491813,"walk_back":29.100475226491813},"rail-007162":{"out":26.313330137275244,"back":26.313330137275244,"walk_out":87.71110045758415,"walk_back":87.71110045758415},"rail-007486":{"out":27.038262373680883,"back":27.038262373680883,"walk_out":90.12754124560294,"walk_back":90.12754124560294},"shinimamiya":{"out":19.30296598614008,"back":19.30296598614008,"walk_out":64.34321995380026,"walk_back":64.34321995380026},"rail-007427":{"out":19.588064096913804,"back":19.588064096913804,"walk_out":65.29354698971268,"walk_back":65.29354698971268},"shinosaka":{"out":18.85782069108917,"back":18.85782069108917,"walk_out":62.85940230363057,"walk_back":62.85940230363057},"rail-007001":{"out":26.469093992486965,"back":26.469093992486965,"walk_out":88.23031330828988,"walk_back":88.23031330828988},"rail-007297":{"out":25.385558690622684,"back":25.385558690622684,"walk_out":84.61852896874228,"walk_back":84.61852896874228},"rail-007104":{"out":2.3919208492991273,"back":2.3919208492991273,"walk_out":7.973069497663758,"walk_back":7.973069497663758},"nipponbashi":{"out":12.72175092485269,"back":12.72175092485269,"walk_out":42.40583641617563,"walk_back":42.40583641617563},"rail-007499":{"out":28.05047749019954,"back":28.05047749019954,"walk_out":93.50159163399847,"walk_back":93.50159163399847},"rail-007370":{"out":21.036873365709624,"back":21.036873365709624,"walk_out":70.12291121903209,"walk_back":70.12291121903209},"rail-007406":{"out":17.086016530173154,"back":17.086016530173154,"walk_out":56.95338843391051,"walk_back":56.95338843391051},"hommachi":{"out":5.430570809856334,"back":5.430570809856334,"walk_out":18.101902699521116,"walk_back":18.101902699521116},"rail-006986":{"out":22.44444692683064,"back":22.44444692683064,"walk_out":74.81482308943546,"walk_back":74.81482308943546},"rail-006869":{"out":21.792549216948316,"back":21.792549216948316,"walk_out":72.64183072316106,"walk_back":72.64183072316106},"rail-007500":{"out":27.38757164065611,"back":27.38757164065611,"walk_out":91.2919054688537,"walk_back":91.2919054688537},"rail-006878":{"out":21.300976772243775,"back":21.300976772243775,"walk_out":71.00325590747926,"walk_back":71.00325590747926},"rail-007525":{"out":29.222386827256027,"back":29.222386827256027,"walk_out":97.40795609085342,"walk_back":97.40795609085342},"rail-007479":{"out":29.519412170375094,"back":29.519412170375094,"walk_out":98.39804056791698,"walk_back":98.39804056791698},"rail-007250":{"out":10.794403853665331,"back":10.794403853665331,"walk_out":35.981346178884436,"walk_back":35.981346178884436},"rail-007472":{"out":23.826564625010743,"back":23.826564625010743,"walk_out":79.42188208336914,"walk_back":79.42188208336914},"rail-007487":{"out":26.222111496511083,"back":26.222111496511083,"walk_out":87.40703832170361,"walk_back":87.40703832170361},"rail-006931":{"out":17.733026819204717,"back":17.733026819204717,"walk_out":59.11008939734906,"walk_back":59.11008939734906},"rail-007380":{"out":20.173386744652877,"back":20.173386744652877,"walk_out":67.24462248217625,"walk_back":67.24462248217625},"sakuranomiya":{"out":12.173238497622094,"back":12.173238497622094,"walk_out":40.57746165874032,"walk_back":40.57746165874032},"rail-007364":{"out":25.420467191066415,"back":25.420467191066415,"walk_out":84.73489063688805,"walk_back":84.73489063688805},"sakuragawa":{"out":10.83330382706104,"back":10.83330382706104,"walk_out":36.11101275687013,"walk_back":36.11101275687013},"morinomiya":{"out":15.737377160520817,"back":15.737377160520817,"walk_out":52.45792386840272,"walk_back":52.45792386840272},"rail-006977":{"out":25.103577716755527,"back":25.103577716755527,"walk_out":83.6785923891851,"walk_back":83.6785923891851},"rail-007303":{"out":11.205697543654498,"back":11.205697543654498,"walk_out":37.352325145514996,"walk_back":37.352325145514996},"rail-006800":{"out":29.561244537802338,"back":29.561244537802338,"walk_out":98.53748179267446,"walk_back":98.53748179267446},"rail-007470":{"out":25.83731713413427,"back":25.83731713413427,"walk_out":86.12439044711424,"walk_back":86.12439044711424},"rail-007442":{"out":20.39817054225929,"back":20.39817054225929,"walk_out":67.99390180753096,"walk_back":67.99390180753096},"rail-007102":{"out":6.884769059406451,"back":6.884769059406451,"walk_out":22.949230198021503,"walk_back":22.949230198021503},"yodoyabashi":{"out":3.5326760227067164,"back":3.5326760227067164,"walk_out":11.775586742355722,"walk_back":11.775586742355722},"rail-007097":{"out":9.719975861712033,"back":9.719975861712033,"walk_out":32.399919539040106,"walk_back":32.399919539040106},"awaji":{"out":22.87215501889996,"back":22.87215501889996,"walk_out":76.24051672966654,"walk_back":76.24051672966654},"fukaebashi":{"out":24.658304327430482,"back":24.658304327430482,"walk_out":82.1943477581016,"walk_back":82.1943477581016},"rail-006964":{"out":28.61441064153063,"back":28.61441064153063,"walk_out":95.3813688051021,"walk_back":95.3813688051021},"watanabebashi":{"out":1.7960392320259835,"back":1.7960392320259835,"walk_out":5.986797440086612,"walk_back":5.986797440086612},"rail-006933":{"out":28.84167343197748,"back":28.84167343197748,"walk_out":96.13891143992494,"walk_back":96.13891143992494},"rail-007154":{"out":5.671817947254159,"back":5.671817947254159,"walk_out":18.90605982418053,"walk_back":18.90605982418053},"rail-007260":{"out":17.352737923438806,"back":17.352737923438806,"walk_out":57.84245974479602,"walk_back":57.84245974479602},"rail-006916":{"out":18.80657381512507,"back":18.80657381512507,"walk_out":62.68857938375022,"walk_back":62.68857938375022},"rail-007077":{"out":18.092871560479548,"back":18.092871560479548,"walk_out":60.30957186826515,"walk_back":60.30957186826515},"fukushima":{"out":2.7416616066357222,"back":2.7416616066357222,"walk_out":9.138872022119074,"walk_back":9.138872022119074},"rail-007201":{"out":20.29956440896695,"back":20.29956440896695,"walk_out":67.6652146965565,"walk_back":67.6652146965565},"rail-007475":{"out":26.711063486980578,"back":26.711063486980578,"walk_out":89.03687828993526,"walk_back":89.03687828993526},"rail-007498":{"out":26.58341479183008,"back":26.58341479183008,"walk_out":88.6113826394336,"walk_back":88.6113826394336},"rail-007143":{"out":1.9003242831952372,"back":1.9003242831952372,"walk_out":6.334414277317457,"walk_back":6.334414277317457},"rail-007379":{"out":15.089744159877693,"back":15.089744159877693,"walk_out":50.29914719959231,"walk_back":50.29914719959231},"rail-007371":{"out":14.322759341816695,"back":14.322759341816695,"walk_out":47.74253113938898,"walk_back":47.74253113938898},"rail-007454":{"out":21.54253690421718,"back":21.54253690421718,"walk_out":71.8084563473906,"walk_back":71.8084563473906},"rail-007452":{"out":21.03113845822536,"back":21.03113845822536,"walk_out":70.10379486075121,"walk_back":70.10379486075121},"gamo4":{"out":20.917358692047102,"back":20.917358692047102,"walk_out":69.72452897349034,"walk_back":69.72452897349034},"rail-006942":{"out":15.393329641624513,"back":15.393329641624513,"walk_out":51.31109880541504,"walk_back":51.31109880541504},"nishikujo":{"out":9.920599974849585,"back":9.920599974849585,"walk_out":33.06866658283195,"walk_back":33.06866658283195},"rail-007249":{"out":7.572799499760161,"back":7.572799499760161,"walk_out":25.242664999200535,"walk_back":25.242664999200535},"rail-007476":{"out":23.972809034366115,"back":23.972809034366115,"walk_out":79.90936344788705,"walk_back":79.90936344788705},"rail-007246":{"out":8.390873118583597,"back":8.390873118583597,"walk_out":27.969577061945326,"walk_back":27.969577061945326},"tanimachi9":{"out":14.402948801573462,"back":14.402948801573462,"walk_out":48.00982933857821,"walk_back":48.00982933857821},"tanimachi6":{"out":12.126714554339564,"back":12.126714554339564,"walk_out":40.42238184779855,"walk_back":40.42238184779855},"tanimachi4":{"out":10.527451090572931,"back":10.527451090572931,"walk_out":35.0915036352431,"walk_back":35.0915036352431},"rail-007317":{"out":12.624920420792812,"back":12.624920420792812,"walk_out":42.08306806930937,"walk_back":42.08306806930937},"miyakojima":{"out":14.635892193128669,"back":14.635892193128669,"walk_out":48.786307310428896,"walk_back":48.786307310428896},"rail-007036":{"out":20.109539116582592,"back":20.109539116582592,"walk_out":67.0317970552753,"walk_back":67.0317970552753},"rail-007030":{"out":18.71053233184132,"back":18.71053233184132,"walk_out":62.368441106137745,"walk_back":62.368441106137745},"rail-007109":{"out":5.673304520185384,"back":5.673304520185384,"walk_out":18.911015067284612,"walk_back":18.911015067284612},"rail-007159":{"out":6.220276914167752,"back":6.220276914167752,"walk_out":20.734256380559174,"walk_back":20.734256380559174},"rail-007113":{"out":6.0870704096204475,"back":6.0870704096204475,"walk_out":20.290234698734825,"walk_back":20.290234698734825},"nagahoribashi":{"out":9.412941210744217,"back":9.412941210744217,"walk_out":31.37647070248072,"walk_back":31.37647070248072},"rail-007013":{"out":22.220326733118867,"back":22.220326733118867,"walk_out":74.0677557770629,"walk_back":74.0677557770629},"rail-007008":{"out":22.111139859962734,"back":22.111139859962734,"walk_out":73.70379953320911,"walk_back":73.70379953320911},"rail-007002":{"out":22.18835403456199,"back":22.18835403456199,"walk_out":73.96118011520663,"walk_back":73.96118011520663},"rail-007460":{"out":23.743230994519294,"back":23.743230994519294,"walk_out":79.14410331506431,"walk_back":79.14410331506431},"awaza":{"out":5.100677061275049,"back":5.100677061275049,"walk_out":17.00225687091683,"walk_back":17.00225687091683},"rail-007125":{"out":19.626538233670612,"back":19.626538233670612,"walk_out":65.42179411223537,"walk_back":65.42179411223537},"tsuruhashi":{"out":18.555110815026023,"back":18.555110815026023,"walk_out":61.85036938342007,"walk_back":61.85036938342007}}}},{"type":"Feature","geometry":{"type":"Point","coordinates":[135.4948124916,34.70288164593776]},"properties":{"id":"osaka-info-11322","name":"ONDO LAND RYUICHI SAKAMOTO","venue":"風の広場 (大阪ステーションシティ ノースゲートビルディング11F)","address":"大阪市梅田3-1-3","category":"アート","date":"2026-09-17","end_date":"2026-09-19","start":null,"end":null,"schedule":"【期間】2026年9月17日(木)・18日(金)・19日(土)【時間】開場・開演 18:00 ／ 終了 22:00","url":"https://osaka-info.jp/event/ondo-land-ryuichi-sakamoto/","source":"OSAKA-INFO（大阪観光局）","source_category":"展覧会 / 特別公開","source_updated":"2026-08-14","fetched_at":"2026-09-13T05:27:23.764Z","coordinate_source":"https://osaka-info.jp/event/ondo-land-ryuichi-sakamoto/","fictional":false,"access":{"rail-006872":{"out":19.183459024717845,"back":19.183459024717845,"walk_out":63.94486341572615,"walk_back":63.94486341572615},"rail-007041":{"out":17.12229146891022,"back":17.12229146891022,"walk_out":57.074304896367394,"walk_back":57.074304896367394},"rail-006860":{"out":25.77099088146654,"back":25.77099088146654,"walk_out":85.9033029382218,"walk_back":85.9033029382218},"naniwabashi":{"out":6.740545599020709,"back":6.740545599020709,"walk_out":22.46848533006903,"walk_back":22.46848533006903},"namba":{"out":16.450844099411434,"back":16.450844099411434,"walk_out":54.83614699803811,"walk_back":54.83614699803811},"rail-007283":{"out":15.632977694939768,"back":15.632977694939768,"walk_out":52.10992564979922,"walk_back":52.10992564979922},"rail-007280":{"out":15.326970374626386,"back":15.326970374626386,"walk_out":51.08990124875462,"walk_back":51.08990124875462},"rail-007300":{"out":25.809289110922446,"back":25.809289110922446,"walk_out":86.03096370307482,"walk_back":86.03096370307482},"rail-006889":{"out":15.982961955341441,"back":15.982961955341441,"walk_out":53.27653985113814,"walk_back":53.27653985113814},"rail-006833":{"out":25.208089697669383,"back":25.208089697669383,"walk_out":84.02696565889795,"walk_back":84.02696565889795},"rail-006849":{"out":21.424900039074775,"back":21.424900039074775,"walk_out":71.41633346358259,"walk_back":71.41633346358259},"nakanoshima":{"out":5.581720494911847,"back":5.581720494911847,"walk_out":18.605734983039493,"walk_back":18.605734983039493},"rail-007040":{"out":4.3718512314249365,"back":4.3718512314249365,"walk_out":14.572837438083122,"walk_back":14.572837438083122},"rail-007016":{"out":3.2209985769137477,"back":3.2209985769137477,"walk_out":10.736661923045824,"walk_back":10.736661923045824},"kujo":{"out":15.06027106752158,"back":15.06027106752158,"walk_out":50.200903558405265,"walk_back":50.200903558405265},"kyobashi":{"out":14.5684196294355,"back":14.5684196294355,"walk_out":48.561398764785,"walk_back":48.561398764785},"rail-007407":{"out":21.740736856548704,"back":21.740736856548704,"walk_out":72.46912285516234,"walk_back":72.46912285516234},"rail-007402":{"out":21.499315179033623,"back":21.499315179033623,"walk_out":71.66438393011207,"walk_back":71.66438393011207},"rail-007450":{"out":25.597612161816183,"back":25.597612161816183,"walk_out":85.3253738727206,"walk_back":85.3253738727206},"rail-007070":{"out":23.941354440941936,"back":23.941354440941936,"walk_out":79.80451480313978,"walk_back":79.80451480313978},"rail-007459":{"out":26.76652742798572,"back":26.76652742798572,"walk_out":89.22175809328573,"walk_back":89.22175809328573},"rail-007284":{"out":23.596311633342467,"back":23.596311633342467,"walk_out":78.65437211114156,"walk_back":78.65437211114156},"rail-007342":{"out":26.34605232995474,"back":26.34605232995474,"walk_out":87.82017443318247,"walk_back":87.82017443318247},"rail-007156":{"out":16.919039541871797,"back":16.919039541871797,"walk_out":56.39679847290599,"walk_back":56.39679847290599},"rail-007037":{"out":21.2855542533153,"back":21.2855542533153,"walk_out":70.951847511051,"walk_back":70.951847511051},"rail-006935":{"out":18.70083755893033,"back":18.70083755893033,"walk_out":62.336125196434445,"walk_back":62.336125196434445},"dobutsuen":{"out":24.661545624816846,"back":24.661545624816846,"walk_out":82.20515208272282,"walk_back":82.20515208272282},"rail-007485":{"out":29.67305343707498,"back":29.67305343707498,"walk_out":98.91017812358326,"walk_back":98.91017812358326},"rail-007085":{"out":2.166134318350266,"back":2.166134318350266,"walk_out":7.2204477278342205,"walk_back":7.2204477278342205},"kitahama":{"out":6.887485851962982,"back":6.887485851962982,"walk_out":22.958286173209938,"walk_back":22.958286173209938},"juso":{"out":9.013683254158959,"back":9.013683254158959,"walk_out":30.045610847196535,"walk_back":30.045610847196535},"rail-006953":{"out":23.875393330876598,"back":23.875393330876598,"walk_out":79.58464443625532,"walk_back":79.58464443625532},"rail-006952":{"out":22.052774576503328,"back":22.052774576503328,"walk_out":73.50924858834443,"walk_back":73.50924858834443},"rail-007014":{"out":18.559778588647113,"back":18.559778588647113,"walk_out":61.8659286288237,"walk_back":61.8659286288237},"rail-007177":{"out":15.626461737983709,"back":15.626461737983709,"walk_out":52.08820579327903,"walk_back":52.08820579327903},"rail-006836":{"out":21.57302316567017,"back":21.57302316567017,"walk_out":71.91007721890057,"walk_back":71.91007721890057},"rail-006948":{"out":10.2850123982617,"back":10.2850123982617,"walk_out":34.283374660872326,"walk_back":34.283374660872326},"minamimorimachi":{"out":6.313634250773618,"back":6.313634250773618,"walk_out":21.045447502578728,"walk_back":21.045447502578728},"rail-006798":{"out":26.534170928427244,"back":26.534170928427244,"walk_out":88.44723642809082,"walk_back":88.44723642809082},"suita":{"out":28.848566906238812,"back":28.848566906238812,"walk_out":96.1618896874627,"walk_back":96.1618896874627},"rail-007268":{"out":12.892062238991556,"back":12.892062238991556,"walk_out":42.973540796638524,"walk_back":42.973540796638524},"rail-007382":{"out":21.010939333748933,"back":21.010939333748933,"walk_out":70.03646444582978,"walk_back":70.03646444582978},"rail-006826":{"out":27.671988389351323,"back":27.671988389351323,"walk_out":92.23996129783774,"walk_back":92.23996129783774},"rail-006927":{"out":26.769874480864203,"back":26.769874480864203,"walk_out":89.23291493621402,"walk_back":89.23291493621402},"rail-006956":{"out":16.03017135428262,"back":16.03017135428262,"walk_out":53.4339045142754,"walk_back":53.4339045142754},"rail-007190":{"out":10.369186556786373,"back":10.369186556786373,"walk_out":34.56395518928791,"walk_back":34.56395518928791},"rail-007009":{"out":10.442444885865667,"back":10.442444885865667,"walk_out":34.808149619552225,"walk_back":34.808149619552225},"rail-007395":{"out":20.750783209484442,"back":20.750783209484442,"walk_out":69.16927736494814,"walk_back":69.16927736494814},"taisho":{"out":17.48120629625868,"back":17.48120629625868,"walk_out":58.270687654195605,"walk_back":58.270687654195605},"oe_bridge":{"out":4.408640927330638,"back":4.408640927330638,"walk_out":14.695469757768794,"walk_back":14.695469757768794},"rail-006996":{"out":25.904586345295055,"back":25.904586345295055,"walk_out":86.34862115098352,"walk_back":86.34862115098352},"osaka_business":{"out":13.687865619201084,"back":13.687865619201084,"walk_out":45.62621873067028,"walk_back":45.62621873067028},"osaka":{"out":0.503050653818715,"back":0.503050653818715,"walk_out":1.6768355127290502,"walk_back":1.6768355127290502},"uehommachi":{"out":19.25449194802261,"back":19.25449194802261,"walk_out":64.18163982674204,"walk_back":64.18163982674204},"rail-007164":{"out":15.94097401976592,"back":15.94097401976592,"walk_out":53.13658006588639,"walk_back":53.13658006588639},"rail-007107":{"out":11.755894728277324,"back":11.755894728277324,"walk_out":39.186315760924415,"walk_back":39.186315760924415},"rail-007090":{"out":7.1998244233891375,"back":7.1998244233891375,"walk_out":23.999414744630457,"walk_back":23.999414744630457},"rail-007451":{"out":26.466254450186604,"back":26.466254450186604,"walk_out":88.22084816728868,"walk_back":88.22084816728868},"rail-007483":{"out":29.297973738032432,"back":29.297973738032432,"walk_out":97.65991246010812,"walk_back":97.65991246010812},"temma":{"out":6.484961168047837,"back":6.484961168047837,"walk_out":21.61653722682612,"walk_back":21.61653722682612},"temmabashi":{"out":9.620814142983082,"back":9.620814142983082,"walk_out":32.06938047661028,"walk_back":32.06938047661028},"tennoji":{"out":26.195598097612102,"back":26.195598097612102,"walk_out":87.31866032537367,"walk_back":87.31866032537367},"rail-007447":{"out":26.063140646587662,"back":26.063140646587662,"walk_out":86.87713548862554,"walk_back":86.87713548862554},"tenroku":{"out":6.604952372120027,"back":6.604952372120027,"walk_out":22.016507907066757,"walk_back":22.016507907066757},"taishibashi":{"out":25.17023288166864,"back":25.17023288166864,"walk_out":83.9007762722288,"walk_back":83.9007762722288},"rail-007057":{"out":13.407205338116517,"back":13.407205338116517,"walk_out":44.69068446038839,"walk_back":44.69068446038839},"rail-006883":{"out":29.938326727923233,"back":29.938326727923233,"walk_out":99.79442242641078,"walk_back":99.79442242641078},"moriguchi_shi":{"out":29.474187052218994,"back":29.474187052218994,"walk_out":98.24729017406331,"walk_back":98.24729017406331},"rail-007275":{"out":22.78674530637546,"back":22.78674530637546,"walk_out":75.95581768791821,"walk_back":75.95581768791821},"rail-007434":{"out":26.609116984297472,"back":26.609116984297472,"walk_out":88.69705661432491,"walk_back":88.69705661432491},"rail-007368":{"out":29.097547033118484,"back":29.097547033118484,"walk_out":96.99182344372828,"walk_back":96.99182344372828},"amagasaki":{"out":26.40296743347787,"back":26.40296743347787,"walk_out":88.00989144492624,"walk_back":88.00989144492624},"hanshin_amagasaki":{"out":29.175291494716706,"back":29.175291494716706,"walk_out":97.25097164905569,"walk_back":97.25097164905569},"rail-006924":{"out":13.712320086285665,"back":13.712320086285665,"walk_out":45.70773362095222,"walk_back":45.70773362095222},"rail-006832":{"out":22.302030802876033,"back":22.302030802876033,"walk_out":74.34010267625344,"walk_back":74.34010267625344},"bentencho":{"out":18.91395211441275,"back":18.91395211441275,"walk_out":63.046507048042514,"walk_back":63.046507048042514},"rail-007011":{"out":14.98378593693748,"back":14.98378593693748,"walk_out":49.94595312312493,"walk_back":49.94595312312493},"shinsaibashi":{"out":12.828646196475336,"back":12.828646196475336,"walk_out":42.76215398825112,"walk_back":42.76215398825112},"rail-007399":{"out":22.20022545323823,"back":22.20022545323823,"walk_out":74.00075151079409,"walk_back":74.00075151079409},"rail-007061":{"out":5.879245424799287,"back":5.879245424799287,"walk_out":19.59748474933096,"walk_back":19.59748474933096},"rail-007162":{"out":25.847977101997003,"back":25.847977101997003,"walk_out":86.15992367332333,"walk_back":86.15992367332333},"shinimamiya":{"out":23.70078793722724,"back":23.70078793722724,"walk_out":79.00262645742413,"walk_back":79.00262645742413},"rail-007427":{"out":23.93555778355933,"back":23.93555778355933,"walk_out":79.78519261186443,"walk_back":79.78519261186443},"shinosaka":{"out":14.068296276621505,"back":14.068296276621505,"walk_out":46.894320922071685,"walk_back":46.894320922071685},"rail-007001":{"out":23.840607830681446,"back":23.840607830681446,"walk_out":79.46869276893815,"walk_back":79.46869276893815},"rail-007297":{"out":26.647437107038236,"back":26.647437107038236,"walk_out":88.82479035679411,"walk_back":88.82479035679411},"rail-007104":{"out":4.911855043273628,"back":4.911855043273628,"walk_out":16.372850144245426,"walk_back":16.372850144245426},"nipponbashi":{"out":16.681431307545918,"back":16.681431307545918,"walk_out":55.60477102515306,"walk_back":55.60477102515306},"rail-006781":{"out":27.65561227378132,"back":27.65561227378132,"walk_out":92.18537424593772,"walk_back":92.18537424593772},"rail-007370":{"out":25.207734516442382,"back":25.207734516442382,"walk_out":84.0257817214746,"walk_back":84.0257817214746},"rail-007406":{"out":21.876782235664287,"back":21.876782235664287,"walk_out":72.9226074522143,"walk_back":72.9226074522143},"hommachi":{"out":9.412286001582931,"back":9.412286001582931,"walk_out":31.374286671943107,"walk_back":31.374286671943107},"rail-006986":{"out":21.640371130053797,"back":21.640371130053797,"walk_out":72.13457043351266,"walk_back":72.13457043351266},"rail-006869":{"out":17.05199689352588,"back":17.05199689352588,"walk_out":56.83998964508628,"walk_back":56.83998964508628},"rail-006878":{"out":16.503165565999037,"back":16.503165565999037,"walk_out":55.01055188666346,"walk_back":55.01055188666346},"rail-007250":{"out":13.79148021717003,"back":13.79148021717003,"walk_out":45.971600723900096,"walk_back":45.971600723900096},"rail-007472":{"out":28.297033432076475,"back":28.297033432076475,"walk_out":94.32344477358825,"walk_back":94.32344477358825},"rail-006931":{"out":13.021099784357968,"back":13.021099784357968,"walk_out":43.40366594785989,"walk_back":43.40366594785989},"rail-007380":{"out":23.16226126818598,"back":23.16226126818598,"walk_out":77.20753756061993,"walk_back":77.20753756061993},"sakuranomiya":{"out":9.60525179790323,"back":9.60525179790323,"walk_out":32.01750599301077,"walk_back":32.01750599301077},"rail-007364":{"out":29.118900104176497,"back":29.118900104176497,"walk_out":97.06300034725498,"walk_back":97.06300034725498},"sakuragawa":{"out":15.621433904777636,"back":15.621433904777636,"walk_out":52.071446349258785,"walk_back":52.071446349258785},"morinomiya":{"out":16.690173002899407,"back":16.690173002899407,"walk_out":55.63391000966469,"walk_back":55.63391000966469},"rail-006977":{"out":22.060186320544492,"back":22.060186320544492,"walk_out":73.53395440181498,"walk_back":73.53395440181498},"rail-007063":{"out":28.47265542769293,"back":28.47265542769293,"walk_out":94.9088514256431,"walk_back":94.9088514256431},"rail-007303":{"out":15.99507725073767,"back":15.99507725073767,"walk_out":53.31692416912556,"walk_back":53.31692416912556},"rail-006800":{"out":24.86314754985138,"back":24.86314754985138,"walk_out":82.8771584995046,"walk_back":82.8771584995046},"rail-007470":{"out":29.542101469082436,"back":29.542101469082436,"walk_out":98.47367156360812,"walk_back":98.47367156360812},"rail-007442":{"out":25.175979598155184,"back":25.175979598155184,"walk_out":83.91993199385061,"walk_back":83.91993199385061},"rail-007102":{"out":8.611443823961428,"back":8.611443823961428,"walk_out":28.704812746538092,"walk_back":28.704812746538092},"yodoyabashi":{"out":5.616957156566934,"back":5.616957156566934,"walk_out":18.72319052188978,"walk_back":18.72319052188978},"rail-007097":{"out":11.22779571174515,"back":11.22779571174515,"walk_out":37.42598570581717,"walk_back":37.42598570581717},"awaji":{"out":18.143313014875492,"back":18.143313014875492,"walk_out":60.47771004958498,"walk_back":60.47771004958498},"fukaebashi":{"out":25.017208703084755,"back":25.017208703084755,"walk_out":83.39069567694919,"walk_back":83.39069567694919},"rail-006964":{"out":25.607374529006883,"back":25.607374529006883,"walk_out":85.35791509668961,"walk_back":85.35791509668961},"watanabebashi":{"out":3.9506184144993632,"back":3.9506184144993632,"walk_out":13.16872804833121,"walk_back":13.16872804833121},"rail-006933":{"out":25.45936937201581,"back":25.45936937201581,"walk_out":84.86456457338603,"walk_back":84.86456457338603},"rail-007154":{"out":9.04929371132842,"back":9.04929371132842,"walk_out":30.16431237109473,"walk_back":30.16431237109473},"rail-007260":{"out":19.08739291090201,"back":19.08739291090201,"walk_out":63.624643036340046,"walk_back":63.624643036340046},"rail-006824":{"out":28.454007758248476,"back":28.454007758248476,"walk_out":94.84669252749492,"walk_back":94.84669252749492},"rail-006807":{"out":28.1650150682684,"back":28.1650150682684,"walk_out":93.88338356089466,"walk_back":93.88338356089466},"rail-006916":{"out":15.177801156212208,"back":15.177801156212208,"walk_out":50.592670520707365,"walk_back":50.592670520707365},"rail-007077":{"out":19.091515285781966,"back":19.091515285781966,"walk_out":63.63838428593988,"walk_back":63.63838428593988},"fukushima":{"out":3.936206193870863,"back":3.936206193870863,"walk_out":13.120687312902877,"walk_back":13.120687312902877},"rail-007201":{"out":20.843129712881037,"back":20.843129712881037,"walk_out":69.47709904293679,"walk_back":69.47709904293679},"rail-007143":{"out":5.220059476805708,"back":5.220059476805708,"walk_out":17.400198256019028,"walk_back":17.400198256019028},"rail-007379":{"out":19.813734302613206,"back":19.813734302613206,"walk_out":66.04578100871069,"walk_back":66.04578100871069},"rail-007371":{"out":19.095241320550276,"back":19.095241320550276,"walk_out":63.65080440183425,"walk_back":63.65080440183425},"rail-007454":{"out":26.10595513229332,"back":26.10595513229332,"walk_out":87.01985044097773,"walk_back":87.01985044097773},"rail-007452":{"out":25.529295516913738,"back":25.529295516913738,"walk_out":85.0976517230458,"walk_back":85.0976517230458},"gamo4":{"out":19.386655331713406,"back":19.386655331713406,"walk_out":64.62218443904469,"walk_back":64.62218443904469},"rail-006942":{"out":10.618140428233776,"back":10.618140428233776,"walk_out":35.39380142744592,"walk_back":35.39380142744592},"nishikujo":{"out":13.554794528706676,"back":13.554794528706676,"walk_out":45.18264842902226,"walk_back":45.18264842902226},"rail-007249":{"out":12.169810497918519,"back":12.169810497918519,"walk_out":40.56603499306173,"walk_back":40.56603499306173},"rail-007476":{"out":28.671483680437184,"back":28.671483680437184,"walk_out":95.57161226812396,"walk_back":95.57161226812396},"rail-007246":{"out":13.187336256463933,"back":13.187336256463933,"walk_out":43.95778752154644,"walk_back":43.95778752154644},"tanimachi9":{"out":17.68903048949339,"back":17.68903048949339,"walk_out":58.96343496497797,"walk_back":58.96343496497797},"tanimachi6":{"out":14.75795794393778,"back":14.75795794393778,"walk_out":49.19319314645927,"walk_back":49.19319314645927},"tanimachi4":{"out":12.355183194065148,"back":12.355183194065148,"walk_out":41.18394398021716,"walk_back":41.18394398021716},"rail-006772":{"out":27.906756854716523,"back":27.906756854716523,"walk_out":93.02252284905508,"walk_back":93.02252284905508},"rail-007317":{"out":16.572031673225727,"back":16.572031673225727,"walk_out":55.240105577419094,"walk_back":55.240105577419094},"miyakojima":{"out":11.722792807294542,"back":11.722792807294542,"walk_out":39.07597602431514,"walk_back":39.07597602431514},"rail-007036":{"out":17.850807234229254,"back":17.850807234229254,"walk_out":59.502690780764176,"walk_back":59.502690780764176},"rail-007030":{"out":16.162607257231652,"back":16.162607257231652,"walk_out":53.87535752410551,"walk_back":53.87535752410551},"rail-007109":{"out":7.82658811478835,"back":7.82658811478835,"walk_out":26.0886270492945,"walk_back":26.0886270492945},"rail-007159":{"out":9.557458347656032,"back":9.557458347656032,"walk_out":31.858194492186776,"walk_back":31.858194492186776},"rail-007113":{"out":8.269560170037137,"back":8.269560170037137,"walk_out":27.565200566790455,"walk_back":27.565200566790455},"nagahoribashi":{"out":12.985203317763064,"back":12.985203317763064,"walk_out":43.284011059210215,"walk_back":43.284011059210215},"rail-007013":{"out":19.56237055080801,"back":19.56237055080801,"walk_out":65.20790183602669,"walk_back":65.20790183602669},"rail-007008":{"out":19.408637155912622,"back":19.408637155912622,"walk_out":64.6954571863754,"walk_back":64.6954571863754},"rail-007002":{"out":19.29329001036008,"back":19.29329001036008,"walk_out":64.31096670120027,"walk_back":64.31096670120027},"rail-007460":{"out":27.87857569915855,"back":27.87857569915855,"walk_out":92.92858566386184,"walk_back":92.92858566386184},"awaza":{"out":9.904702012776243,"back":9.904702012776243,"walk_out":33.01567337592081,"walk_back":33.01567337592081},"rail-007125":{"out":18.921006770759682,"back":18.921006770759682,"walk_out":63.07002256919895,"walk_back":63.07002256919895},"tsuruhashi":{"out":21.02038454947148,"back":21.02038454947148,"walk_out":70.06794849823827,"walk_back":70.06794849823827}}}},{"type":"Feature","geometry":{"type":"Point","coordinates":[135.63921092683591,34.806200996649565]},"properties":{"id":"osaka-info-11312","name":"ひらかたパーク イベントホール 全スーパー戦隊展","venue":"ひらかたパーク イベントホール ※本イベントは、ひらかたパークに入園せずにご利用いただけます。","address":"大阪府枚方市枚方公園町1-1","category":"アート","date":"2026-07-18","end_date":"2026-09-27","start":null,"end":null,"schedule":"【期間】2026年7月18日(土)～9月27日(日) 【時間】10:00～17:00 ※詳細は公式HPよりご確認ください。","url":"https://osaka-info.jp/event/hirakatapark-supersentai/","source":"OSAKA-INFO（大阪観光局）","source_category":"展覧会 / 特別公開","source_updated":"2026-08-06","fetched_at":"2026-09-13T05:27:23.764Z","coordinate_source":"https://osaka-info.jp/event/hirakatapark-supersentai/","fictional":false,"access":{"rail-006498":{"out":24.56533487033626,"back":24.56533487033626,"walk_out":81.88444956778754,"walk_back":81.88444956778754},"rail-006692":{"out":15.831018681266771,"back":15.831018681266771,"walk_out":52.770062270889234,"walk_back":52.770062270889234},"rail-006642":{"out":4.999829545208551,"back":4.999829545208551,"walk_out":16.666098484028506,"walk_back":16.666098484028506},"rail-006612":{"out":27.157759303378505,"back":27.157759303378505,"walk_out":90.52586434459502,"walk_back":90.52586434459502},"rail-006572":{"out":7.1968915311555826,"back":7.1968915311555826,"walk_out":23.989638437185274,"walk_back":23.989638437185274},"rail-006475":{"out":21.31201108142058,"back":21.31201108142058,"walk_out":71.0400369380686,"walk_back":71.0400369380686},"rail-006813":{"out":23.132619851246922,"back":23.132619851246922,"walk_out":77.10873283748974,"walk_back":77.10873283748974},"neyagawa":{"out":19.956893534582434,"back":19.956893534582434,"walk_out":66.52297844860811,"walk_back":66.52297844860811},"rail-006495":{"out":11.552821972426274,"back":11.552821972426274,"walk_out":38.509406574754244,"walk_back":38.509406574754244},"rail-006855":{"out":27.021517399929664,"back":27.021517399929664,"walk_out":90.0717246664322,"walk_back":90.0717246664322},"rail-006467":{"out":21.833160339611048,"back":21.833160339611048,"walk_out":72.77720113203682,"walk_back":72.77720113203682},"rail-006597":{"out":7.553758053924174,"back":7.553758053924174,"walk_out":25.179193513080577,"walk_back":25.179193513080577},"rail-006756":{"out":19.415710950970702,"back":19.415710950970702,"walk_out":64.71903650323567,"walk_back":64.71903650323567},"rail-006620":{"out":9.326557239288501,"back":9.326557239288501,"walk_out":31.088524130961673,"walk_back":31.088524130961673},"rail-006580":{"out":2.4147194415169277,"back":2.4147194415169277,"walk_out":8.049064805056426,"walk_back":8.049064805056426},"hirakata":{"out":5.656507590283118,"back":5.656507590283118,"walk_out":18.855025300943726,"walk_back":18.855025300943726},"kuzuha":{"out":28.11329384372143,"back":28.11329384372143,"walk_out":93.71097947907143,"walk_back":93.71097947907143},"rail-006662":{"out":27.296991963088615,"back":27.296991963088615,"walk_out":90.98997321029539,"walk_back":90.98997321029539},"rail-006733":{"out":22.25103773818548,"back":22.25103773818548,"walk_out":74.1701257939516,"walk_back":74.1701257939516},"rail-006723":{"out":21.208862787965703,"back":21.208862787965703,"walk_out":70.69620929321901,"walk_back":70.69620929321901},"rail-006623":{"out":21.56700326951676,"back":21.56700326951676,"walk_out":71.8900108983892,"walk_back":71.8900108983892},"rail-006455":{"out":19.302955597370804,"back":19.302955597370804,"walk_out":64.34318532456935,"walk_back":64.34318532456935},"rail-006753":{"out":24.360973107493326,"back":24.360973107493326,"walk_out":81.20324369164442,"walk_back":81.20324369164442},"rail-006508":{"out":21.95103136950939,"back":21.95103136950939,"walk_out":73.1701045650313,"walk_back":73.1701045650313},"ibaraki":{"out":28.44681713241419,"back":28.44681713241419,"walk_out":94.82272377471396,"walk_back":94.82272377471396},"ibaraki_shi":{"out":23.64817426325723,"back":23.64817426325723,"walk_out":78.82724754419075,"walk_back":78.82724754419075},"rail-006845":{"out":28.039871152323872,"back":28.039871152323872,"walk_out":93.46623717441291,"walk_back":93.46623717441291},"rail-006569":{"out":23.49112340974264,"back":23.49112340974264,"walk_out":78.30374469914214,"walk_back":78.30374469914214},"rail-006658":{"out":12.363954004823299,"back":12.363954004823299,"walk_out":41.213180016077665,"walk_back":41.213180016077665},"rail-006516":{"out":28.348521393011772,"back":28.348521393011772,"walk_out":94.49507131003924,"walk_back":94.49507131003924},"rail-006699":{"out":10.088423839090138,"back":10.088423839090138,"walk_out":33.628079463633796,"walk_back":33.628079463633796},"takatsuki":{"out":21.598599725189178,"back":21.598599725189178,"walk_out":71.99533241729726,"walk_back":71.99533241729726},"takatsuki_shi":{"out":20.270362394678617,"back":20.270362394678617,"walk_out":67.56787464892872,"walk_back":67.56787464892872}}}},{"type":"Feature","geometry":{"type":"Point","coordinates":[135.5009568381967,34.673852805551164]},"properties":{"id":"osaka-info-11259","name":"映画ちいかわ人魚の島のひみつ Collaboration CAFE","venue":"THE GUEST CAFE BY PARCO 心斎橋PARCO店(心斎橋PARCO 6F)","address":"大阪府大阪市中央区心斎橋筋1-8-3 心斎橋PARCO 6F","category":"グルメ","date":"2026-07-24","end_date":"2026-09-28","start":null,"end":null,"schedule":"【期間】2026年7月24日(金)～9月28日(月)【時間】10:00～20:00 (FOOD＆TAKE OUT L.O.19:00、DRINK L.O.19:30) ※営業時間は心斎橋PARCOに準じて変更になる場合がございます。 ※カフェは事前予約優先でご案内いたします。詳細は公式ホームページでご確認ください。","url":"https://osaka-info.jp/event/chiikawa-cafe-parco/","source":"OSAKA-INFO（大阪観光局）","source_category":"グルメ","source_updated":"2026-07-24","fetched_at":"2026-09-13T05:27:23.764Z","coordinate_source":"https://osaka-info.jp/event/chiikawa-cafe-parco/","fictional":false,"access":{"rail-007376":{"out":27.024199055494552,"back":27.024199055494552,"walk_out":90.08066351831518,"walk_back":90.08066351831518},"rail-007344":{"out":26.444928691336987,"back":26.444928691336987,"walk_out":88.14976230445663,"walk_back":88.14976230445663},"rail-007041":{"out":20.831445207609846,"back":20.831445207609846,"walk_out":69.43815069203282,"walk_back":69.43815069203282},"rail-007422":{"out":27.515518291962046,"back":27.515518291962046,"walk_out":91.71839430654015,"walk_back":91.71839430654015},"naniwabashi":{"out":8.59237006381614,"back":8.59237006381614,"walk_out":28.6412335460538,"walk_back":28.6412335460538},"namba":{"out":3.427324532618636,"back":3.427324532618636,"walk_out":11.424415108728786,"walk_back":11.424415108728786},"rail-007283":{"out":8.27259582142284,"back":8.27259582142284,"walk_out":27.5753194047428,"walk_back":27.5753194047428},"rail-007280":{"out":8.017171696263174,"back":8.017171696263174,"walk_out":26.72390565421058,"walk_back":26.72390565421058},"rail-007300":{"out":22.97923206699466,"back":22.97923206699466,"walk_out":76.59744022331553,"walk_back":76.59744022331553},"rail-006889":{"out":29.051222426729115,"back":29.051222426729115,"walk_out":96.83740808909705,"walk_back":96.83740808909705},"nakanoshima":{"out":9.262883678902845,"back":9.262883678902845,"walk_out":30.876278929676154,"walk_back":30.876278929676154},"rail-007040":{"out":14.918773113279222,"back":14.918773113279222,"walk_out":49.72924371093074,"walk_back":49.72924371093074},"rail-007016":{"out":16.31600167798826,"back":16.31600167798826,"walk_out":54.38667225996087,"walk_back":54.38667225996087},"kujo":{"out":9.698665959463058,"back":9.698665959463058,"walk_out":32.328886531543525,"walk_back":32.328886531543525},"kyobashi":{"out":15.796918709944448,"back":15.796918709944448,"walk_out":52.65639569981483,"walk_back":52.65639569981483},"rail-007407":{"out":9.322627370928526,"back":9.322627370928526,"walk_out":31.075424569761758,"walk_back":31.075424569761758},"rail-007402":{"out":8.450093624691183,"back":8.450093624691183,"walk_out":28.16697874897061,"walk_back":28.16697874897061},"rail-007529":{"out":23.85067485823283,"back":23.85067485823283,"walk_out":79.50224952744276,"walk_back":79.50224952744276},"rail-007450":{"out":12.549087031394247,"back":12.549087031394247,"walk_out":41.830290104647496,"walk_back":41.830290104647496},"rail-007070":{"out":25.063604884998703,"back":25.063604884998703,"walk_out":83.54534961666234,"walk_back":83.54534961666234},"rail-007459":{"out":13.738791124600862,"back":13.738791124600862,"walk_out":45.79597041533621,"walk_back":45.79597041533621},"rail-007284":{"out":15.962208136786849,"back":15.962208136786849,"walk_out":53.20736045595617,"walk_back":53.20736045595617},"rail-007342":{"out":18.36196101225029,"back":18.36196101225029,"walk_out":61.20653670750096,"walk_back":61.20653670750096},"rail-007156":{"out":19.307591186006785,"back":19.307591186006785,"walk_out":64.35863728668929,"walk_back":64.35863728668929},"rail-007567":{"out":26.860518642572764,"back":26.860518642572764,"walk_out":89.53506214190921,"walk_back":89.53506214190921},"rail-007573":{"out":27.53818869399184,"back":27.53818869399184,"walk_out":91.79396231330614,"walk_back":91.79396231330614},"rail-007572":{"out":26.932146885703652,"back":26.932146885703652,"walk_out":89.7738229523455,"walk_back":89.7738229523455},"rail-007574":{"out":27.501829107695574,"back":27.501829107695574,"walk_out":91.67276369231858,"walk_back":91.67276369231858},"rail-007378":{"out":26.72607682651861,"back":26.72607682651861,"walk_out":89.08692275506203,"walk_back":89.08692275506203},"rail-007037":{"out":27.760843673213447,"back":27.760843673213447,"walk_out":92.53614557737815,"walk_back":92.53614557737815},"rail-006935":{"out":29.584936525940485,"back":29.584936525940485,"walk_out":98.61645508646828,"walk_back":98.61645508646828},"dobutsuen":{"out":11.585850271254596,"back":11.585850271254596,"walk_out":38.61950090418199,"walk_back":38.61950090418199},"rail-007544":{"out":24.676826301921214,"back":24.676826301921214,"walk_out":82.25608767307071,"walk_back":82.25608767307071},"rail-007485":{"out":16.698373294895315,"back":16.698373294895315,"walk_out":55.66124431631771,"walk_back":55.66124431631771},"rail-007412":{"out":21.787550455128486,"back":21.787550455128486,"walk_out":72.62516818376162,"walk_back":72.62516818376162},"rail-007085":{"out":11.000044885676077,"back":11.000044885676077,"walk_out":36.666816285586926,"walk_back":36.666816285586926},"kitahama":{"out":8.217635675724983,"back":8.217635675724983,"walk_out":27.392118919083277,"walk_back":27.392118919083277},"rail-007502":{"out":21.23346783017108,"back":21.23346783017108,"walk_out":70.77822610057027,"walk_back":70.77822610057027},"rail-007522":{"out":20.771952922452613,"back":20.771952922452613,"walk_out":69.23984307484204,"walk_back":69.23984307484204},"juso":{"out":21.756064552784025,"back":21.756064552784025,"walk_out":72.52021517594675,"walk_back":72.52021517594675},"rail-006953":{"out":29.774772805214432,"back":29.774772805214432,"walk_out":99.24924268404811,"walk_back":99.24924268404811},"rail-006952":{"out":28.528846484306943,"back":28.528846484306943,"walk_out":95.09615494768981,"walk_back":95.09615494768981},"rail-007014":{"out":26.557176251284325,"back":26.557176251284325,"walk_out":88.52392083761443,"walk_back":88.52392083761443},"rail-007177":{"out":16.608457236190286,"back":16.608457236190286,"walk_out":55.36152412063429,"walk_back":55.36152412063429},"rail-007462":{"out":23.573965103892018,"back":23.573965103892018,"walk_out":78.57988367964006,"walk_back":78.57988367964006},"rail-006948":{"out":23.07306358317733,"back":23.07306358317733,"walk_out":76.91021194392442,"walk_back":76.91021194392442},"minamimorimachi":{"out":11.154745268061868,"back":11.154745268061868,"walk_out":37.182484226872894,"walk_back":37.182484226872894},"rail-007531":{"out":22.682405787179654,"back":22.682405787179654,"walk_out":75.60801929059885,"walk_back":75.60801929059885},"rail-007268":{"out":1.5411313390671646,"back":1.5411313390671646,"walk_out":5.137104463557215,"walk_back":5.137104463557215},"rail-007382":{"out":8.40214102576126,"back":8.40214102576126,"walk_out":28.007136752537534,"walk_back":28.007136752537534},"rail-006956":{"out":24.680109083050894,"back":24.680109083050894,"walk_out":82.26703027683631,"walk_back":82.26703027683631},"rail-007190":{"out":4.21528889739453,"back":4.21528889739453,"walk_out":14.050962991315101,"walk_back":14.050962991315101},"rail-007009":{"out":20.89509080523284,"back":20.89509080523284,"walk_out":69.65030268410948,"walk_back":69.65030268410948},"rail-007534":{"out":22.491686647554637,"back":22.491686647554637,"walk_out":74.97228882518212,"walk_back":74.97228882518212},"rail-007395":{"out":7.891114438950576,"back":7.891114438950576,"walk_out":26.30371479650192,"walk_back":26.30371479650192},"taisho":{"out":8.517691647729842,"back":8.517691647729842,"walk_out":28.392305492432808,"walk_back":28.392305492432808},"oe_bridge":{"out":9.121197798703003,"back":9.121197798703003,"walk_out":30.40399266234334,"walk_back":30.40399266234334},"osaka_business":{"out":13.237765330795089,"back":13.237765330795089,"walk_out":44.12588443598363,"walk_back":44.12588443598363},"osaka":{"out":12.728638343392557,"back":12.728638343392557,"walk_out":42.42879447797519,"walk_back":42.42879447797519},"uehommachi":{"out":8.325758932956228,"back":8.325758932956228,"walk_out":27.75252977652076,"walk_back":27.75252977652076},"rail-007164":{"out":13.71543899685652,"back":13.71543899685652,"walk_out":45.718129989521735,"walk_back":45.718129989521735},"rail-007107":{"out":12.800734371357064,"back":12.800734371357064,"walk_out":42.669114571190214,"walk_back":42.669114571190214},"rail-007090":{"out":11.41747062438924,"back":11.41747062438924,"walk_out":38.0582354146308,"walk_back":38.0582354146308},"osakako":{"out":25.94576741068527,"back":25.94576741068527,"walk_out":86.4858913689509,"walk_back":86.4858913689509},"rail-007451":{"out":13.498833357063205,"back":13.498833357063205,"walk_out":44.996111190210684,"walk_back":44.996111190210684},"rail-007483":{"out":16.44050959630108,"back":16.44050959630108,"walk_out":54.80169865433694,"walk_back":54.80169865433694},"temma":{"out":14.443256251366728,"back":14.443256251366728,"walk_out":48.14418750455576,"walk_back":48.14418750455576},"temmabashi":{"out":9.252387442848507,"back":9.252387442848507,"walk_out":30.841291476161686,"walk_back":30.841291476161686},"tennoji":{"out":13.237912401196363,"back":13.237912401196363,"walk_out":44.12637467065454,"walk_back":44.12637467065454},"rail-007447":{"out":13.054403335203382,"back":13.054403335203382,"walk_out":43.514677784011276,"walk_back":43.514677784011276},"rail-007515":{"out":19.90084584564693,"back":19.90084584564693,"walk_out":66.3361528188231,"walk_back":66.3361528188231},"tenroku":{"out":16.41337452545437,"back":16.41337452545437,"walk_out":54.71124841818123,"walk_back":54.71124841818123},"rail-007057":{"out":20.703390507949386,"back":20.703390507949386,"walk_out":69.01130169316463,"walk_back":69.01130169316463},"rail-007532":{"out":22.14388068915981,"back":22.14388068915981,"walk_out":73.8129356305327,"walk_back":73.8129356305327},"rail-007275":{"out":20.88283294145425,"back":20.88283294145425,"walk_out":69.60944313818084,"walk_back":69.60944313818084},"rail-007434":{"out":14.193679321152429,"back":14.193679321152429,"walk_out":47.312264403841425,"walk_back":47.312264403841425},"rail-007368":{"out":20.985904203270945,"back":20.985904203270945,"walk_out":69.95301401090315,"walk_back":69.95301401090315},"rail-007493":{"out":17.830112682656928,"back":17.830112682656928,"walk_out":59.43370894218976,"walk_back":59.43370894218976},"rail-007517":{"out":20.178146533659877,"back":20.178146533659877,"walk_out":67.26048844553293,"walk_back":67.26048844553293},"rail-006924":{"out":25.64440327516372,"back":25.64440327516372,"walk_out":85.48134425054573,"walk_back":85.48134425054573},"fuse":{"out":23.312949359066533,"back":23.312949359066533,"walk_out":77.70983119688844,"walk_back":77.70983119688844},"rail-007538":{"out":23.105043948948055,"back":23.105043948948055,"walk_out":77.01681316316018,"walk_back":77.01681316316018},"rail-007547":{"out":23.70371198151359,"back":23.70371198151359,"walk_out":79.01237327171197,"walk_back":79.01237327171197},"rail-007559":{"out":25.02322322681209,"back":25.02322322681209,"walk_out":83.41074408937362,"walk_back":83.41074408937362},"rail-007505":{"out":26.465162847835657,"back":26.465162847835657,"walk_out":88.21720949278553,"walk_back":88.21720949278553},"rail-007546":{"out":29.251114126668735,"back":29.251114126668735,"walk_out":97.50371375556244,"walk_back":97.50371375556244},"bentencho":{"out":14.358897370962163,"back":14.358897370962163,"walk_out":47.862991236540545,"walk_back":47.862991236540545},"rail-007011":{"out":23.947453331617442,"back":23.947453331617442,"walk_out":79.82484443872481,"walk_back":79.82484443872481},"shinsaibashi":{"out":0.33063911792586437,"back":0.33063911792586437,"walk_out":1.1021303930862145,"walk_back":1.1021303930862145},"rail-007399":{"out":9.095000272521423,"back":9.095000272521423,"walk_out":30.316667575071406,"walk_back":30.316667575071406},"rail-007061":{"out":13.813317200715352,"back":13.813317200715352,"walk_out":46.044390669051175,"walk_back":46.044390669051175},"rail-007162":{"out":23.59738300643902,"back":23.59738300643902,"walk_out":78.65794335479674,"walk_back":78.65794335479674},"rail-007486":{"out":18.061097178044427,"back":18.061097178044427,"walk_out":60.20365726014809,"walk_back":60.20365726014809},"shinimamiya":{"out":10.65587292850415,"back":10.65587292850415,"walk_out":35.519576428347165,"walk_back":35.519576428347165},"rail-007427":{"out":10.854416800999834,"back":10.854416800999834,"walk_out":36.181389336666115,"walk_back":36.181389336666115},"shinosaka":{"out":26.770556433907416,"back":26.770556433907416,"walk_out":89.23518811302472,"walk_back":89.23518811302472},"rail-007001":{"out":27.895688496190985,"back":27.895688496190985,"walk_out":92.98562832063661,"walk_back":92.98562832063661},"rail-007297":{"out":19.642527257785325,"back":19.642527257785325,"walk_out":65.47509085928442,"walk_back":65.47509085928442},"rail-007104":{"out":10.91791316266447,"back":10.91791316266447,"walk_out":36.39304387554824,"walk_back":36.39304387554824},"nipponbashi":{"out":3.7618277418396646,"back":3.7618277418396646,"walk_out":12.539425806132213,"walk_back":12.539425806132213},"rail-007499":{"out":19.092805450812037,"back":19.092805450812037,"walk_out":63.64268483604013,"walk_back":63.64268483604013},"rail-007370":{"out":19.984902877478348,"back":19.984902877478348,"walk_out":66.61634292492784,"walk_back":66.61634292492784},"rail-007406":{"out":10.755080781842826,"back":10.755080781842826,"walk_out":35.85026927280942,"walk_back":35.85026927280942},"hommachi":{"out":3.6937046174530965,"back":3.6937046174530965,"walk_out":12.312348724843655,"walk_back":12.312348724843655},"rail-006869":{"out":29.923770620079306,"back":29.923770620079306,"walk_out":99.74590206693102,"walk_back":99.74590206693102},"rail-007500":{"out":18.59608344450698,"back":18.59608344450698,"walk_out":61.986944815023264,"walk_back":61.986944815023264},"rail-006878":{"out":29.090812322573733,"back":29.090812322573733,"walk_out":96.96937440857911,"walk_back":96.96937440857911},"rail-007525":{"out":20.98112680216399,"back":20.98112680216399,"walk_out":69.93708934054663,"walk_back":69.93708934054663},"rail-007553":{"out":24.928638824780137,"back":24.928638824780137,"walk_out":83.09546274926713,"walk_back":83.09546274926713},"rail-007479":{"out":20.82165062434907,"back":20.82165062434907,"walk_out":69.40550208116356,"walk_back":69.40550208116356},"rail-007250":{"out":4.290502112117188,"back":4.290502112117188,"walk_out":14.301673707057292,"walk_back":14.301673707057292},"rail-007472":{"out":15.297249028256243,"back":15.297249028256243,"walk_out":50.99083009418747,"walk_back":50.99083009418747},"rail-007487":{"out":17.372326432395397,"back":17.372326432395397,"walk_out":57.90775477465132,"walk_back":57.90775477465132},"rail-006931":{"out":24.694318383828797,"back":24.694318383828797,"walk_out":82.31439461276265,"walk_back":82.31439461276265},"rail-007380":{"out":12.013311035600257,"back":12.013311035600257,"walk_out":40.04437011866752,"walk_back":40.04437011866752},"sakuranomiya":{"out":15.682076238093707,"back":15.682076238093707,"walk_out":52.273587460312356,"walk_back":52.273587460312356},"rail-007364":{"out":25.604453887446454,"back":25.604453887446454,"walk_out":85.34817962482151,"walk_back":85.34817962482151},"sakuragawa":{"out":5.804670128391458,"back":5.804670128391458,"walk_out":19.34890042797153,"walk_back":19.34890042797153},"morinomiya":{"out":11.955848113093579,"back":11.955848113093579,"walk_out":39.85282704364526,"walk_back":39.85282704364526},"rail-006977":{"out":27.48561038231197,"back":27.48561038231197,"walk_out":91.61870127437324,"walk_back":91.61870127437324},"rail-007063":{"out":29.365184196523455,"back":29.365184196523455,"walk_out":97.88394732174486,"walk_back":97.88394732174486},"rail-007303":{"out":6.060198543627246,"back":6.060198543627246,"walk_out":20.20066181209082,"walk_back":20.20066181209082},"rail-007350":{"out":29.72386853059908,"back":29.72386853059908,"walk_out":99.07956176866361,"walk_back":99.07956176866361},"rail-007345":{"out":26.74889676165148,"back":26.74889676165148,"walk_out":89.16298920550493,"walk_back":89.16298920550493},"rail-007470":{"out":16.90335743051786,"back":16.90335743051786,"walk_out":56.34452476839287,"walk_back":56.34452476839287},"rail-007442":{"out":13.556684392724247,"back":13.556684392724247,"walk_out":45.18894797574749,"walk_back":45.18894797574749},"rail-007102":{"out":14.096931149606462,"back":14.096931149606462,"walk_out":46.98977049868821,"walk_back":46.98977049868821},"yodoyabashi":{"out":7.762393050884972,"back":7.762393050884972,"walk_out":25.87464350294991,"walk_back":25.87464350294991},"rail-007097":{"out":16.423444653405177,"back":16.423444653405177,"walk_out":54.74481551135059,"walk_back":54.74481551135059},"awaji":{"out":29.727880948539333,"back":29.727880948539333,"walk_out":99.09293649513111,"walk_back":99.09293649513111},"fukaebashi":{"out":20.583692207477874,"back":20.583692207477874,"walk_out":68.61230735825957,"walk_back":68.61230735825957},"watanabebashi":{"out":9.169183049030876,"back":9.169183049030876,"walk_out":30.563943496769582,"walk_back":30.563943496769582},"rail-007533":{"out":22.464603415997548,"back":22.464603415997548,"walk_out":74.88201138665849,"walk_back":74.88201138665849},"rail-007154":{"out":11.329480474157982,"back":11.329480474157982,"walk_out":37.76493491385994,"walk_back":37.76493491385994},"rail-007260":{"out":11.676274330555673,"back":11.676274330555673,"walk_out":38.92091443518558,"walk_back":38.92091443518558},"rail-007519":{"out":22.00605006556203,"back":22.00605006556203,"walk_out":73.35350021854009,"walk_back":73.35350021854009},"rail-007564":{"out":25.853488949008817,"back":25.853488949008817,"walk_out":86.17829649669605,"walk_back":86.17829649669605},"rail-006916":{"out":27.78464197434766,"back":27.78464197434766,"walk_out":92.61547324782553,"walk_back":92.61547324782553},"rail-007077":{"out":24.2252535166774,"back":24.2252535166774,"walk_out":80.75084505559134,"walk_back":80.75084505559134},"fukushima":{"out":11.63179478476238,"back":11.63179478476238,"walk_out":38.77264928254127,"walk_back":38.77264928254127},"rail-007554":{"out":25.033412279915023,"back":25.033412279915023,"walk_out":83.44470759971674,"walk_back":83.44470759971674},"rail-007579":{"out":28.75381553135456,"back":28.75381553135456,"walk_out":95.84605177118188,"walk_back":95.84605177118188},"rail-007201":{"out":16.407614477468414,"back":16.407614477468414,"walk_out":54.69204825822805,"walk_back":54.69204825822805},"rail-007475":{"out":17.752827028143578,"back":17.752827028143578,"walk_out":59.17609009381193,"walk_back":59.17609009381193},"rail-007498":{"out":18.15432358640345,"back":18.15432358640345,"walk_out":60.51441195467817,"walk_back":60.51441195467817},"rail-007143":{"out":7.902878813975262,"back":7.902878813975262,"walk_out":26.34292937991754,"walk_back":26.34292937991754},"rail-007379":{"out":8.043944272375224,"back":8.043944272375224,"walk_out":26.813147574584082,"walk_back":26.813147574584082},"rail-007371":{"out":7.994274768272983,"back":7.994274768272983,"walk_out":26.647582560909946,"walk_back":26.647582560909946},"rail-007454":{"out":13.284955337801495,"back":13.284955337801495,"walk_out":44.283184459338315,"walk_back":44.283184459338315},"rail-007452":{"out":12.590082209296423,"back":12.590082209296423,"walk_out":41.96694069765474,"walk_back":41.96694069765474},"gamo4":{"out":20.814555411052723,"back":20.814555411052723,"walk_out":69.38185137017574,"walk_back":69.38185137017574},"rail-007477":{"out":28.88341923788408,"back":28.88341923788408,"walk_out":96.27806412628027,"walk_back":96.27806412628027},"rail-006942":{"out":23.454447194607972,"back":23.454447194607972,"walk_out":78.18149064869324,"walk_back":78.18149064869324},"nishikujo":{"out":13.060362355480647,"back":13.060362355480647,"walk_out":43.53454118493549,"walk_back":43.53454118493549},"rail-007249":{"out":2.7508372114564748,"back":2.7508372114564748,"walk_out":9.169457371521583,"walk_back":9.169457371521583},"rail-007476":{"out":16.26549476220524,"back":16.26549476220524,"walk_out":54.21831587401746,"walk_back":54.21831587401746},"rail-007540":{"out":23.794487287975592,"back":23.794487287975592,"walk_out":79.3149576265853,"walk_back":79.3149576265853},"rail-007246":{"out":5.101728496741152,"back":5.101728496741152,"walk_out":17.005761655803838,"walk_back":17.005761655803838},"tanimachi9":{"out":6.2238758755494334,"back":6.2238758755494334,"walk_out":20.74625291849811,"walk_back":20.74625291849811},"tanimachi6":{"out":5.9245751968174245,"back":5.9245751968174245,"walk_out":19.748583989391413,"walk_back":19.748583989391413},"tanimachi4":{"out":7.031260969972509,"back":7.031260969972509,"walk_out":23.43753656657503,"walk_back":23.43753656657503},"rail-007317":{"out":3.6730974740499764,"back":3.6730974740499764,"walk_out":12.243658246833254,"walk_back":12.243658246833254},"miyakojima":{"out":18.110164360487115,"back":18.110164360487115,"walk_out":60.36721453495704,"walk_back":60.36721453495704},"rail-007036":{"out":21.482858230942785,"back":21.482858230942785,"walk_out":71.60952743647596,"walk_back":71.60952743647596},"rail-007030":{"out":20.824143624528805,"back":20.824143624528805,"walk_out":69.41381208176269,"walk_back":69.41381208176269},"rail-007109":{"out":12.90107663573034,"back":12.90107663573034,"walk_out":43.003588785767796,"walk_back":43.003588785767796},"rail-007159":{"out":11.645642770578892,"back":11.645642770578892,"walk_out":38.818809235262975,"walk_back":38.818809235262975},"rail-007113":{"out":13.124519268326361,"back":13.124519268326361,"walk_out":43.74839756108787,"walk_back":43.74839756108787},"rail-007562":{"out":27.86264930538481,"back":27.86264930538481,"walk_out":92.87549768461604,"walk_back":92.87549768461604},"nagahoribashi":{"out":2.1214813247542574,"back":2.1214813247542574,"walk_out":7.071604415847525,"walk_back":7.071604415847525},"nagai":{"out":28.789189818732645,"back":28.789189818732645,"walk_out":95.96396606244215,"walk_back":95.96396606244215},"rail-007013":{"out":24.098381444023456,"back":24.098381444023456,"walk_out":80.32793814674486,"walk_back":80.32793814674486},"rail-007008":{"out":24.08793224243783,"back":24.08793224243783,"walk_out":80.29310747479276,"walk_back":80.29310747479276},"rail-007002":{"out":24.535485826282997,"back":24.535485826282997,"walk_out":81.78495275427666,"walk_back":81.78495275427666},"rail-007460":{"out":14.807177523015243,"back":14.807177523015243,"walk_out":49.35725841005081,"walk_back":49.35725841005081},"awaza":{"out":5.816018430203779,"back":5.816018430203779,"walk_out":19.386728100679264,"walk_back":19.386728100679264},"rail-007543":{"out":26.018355124344417,"back":26.018355124344417,"walk_out":86.7278504144814,"walk_back":86.7278504144814},"rail-007235":{"out":26.248990805469116,"back":26.248990805469116,"walk_out":87.49663601823039,"walk_back":87.49663601823039},"rail-007229":{"out":26.223998749104943,"back":26.223998749104943,"walk_out":87.41332916368314,"walk_back":87.41332916368314},"rail-007125":{"out":18.18362919660375,"back":18.18362919660375,"walk_out":60.6120973220125,"walk_back":60.6120973220125},"rail-007556":{"out":25.524035707880163,"back":25.524035707880163,"walk_out":85.08011902626721,"walk_back":85.08011902626721},"tsuruhashi":{"out":11.34617718916063,"back":11.34617718916063,"walk_out":37.820590630535435,"walk_back":37.820590630535435}}}},{"type":"Feature","geometry":{"type":"Point","coordinates":[135.5103519884678,34.65012810697906]},"properties":{"id":"osaka-info-11266","name":"大阪市立美術館 ENLIGHTENMENT JAPAN (エンライトメント ジャパン)","venue":"大阪市立美術館 1階 中央ホール ※大阪市立美術館は国の登録有形文化財(建造物)です。","address":"大阪市天王寺区茶臼山町1番82号 (天王寺公園内)","category":"アート","date":"2026-10-10","end_date":"2026-11-29","start":null,"end":null,"schedule":"【期間】第1期：2026年10月10日(土)〜 11月29日(日)【時間】第1公演：17:45～18:15 (入場開始：17:30) 第2公演：18:30～19:00 (入場開始：18:15) 第3公演：19:15～19:45 (入場開始：19:00) 第4公演：20:00～20:30 (入場開始：19:45) 第5公演：20:45～21:15 (入場開始：20:30)【公演除外日】10月13日(火)、19日(月)、26日(月)、11月2日(月)、9日(月)、16日(月)、24日(火)","url":"https://osaka-info.jp/event/enlightenment-osaka/","source":"OSAKA-INFO（大阪観光局）","source_category":"展覧会 / 特別公開","source_updated":"2026-07-07","fetched_at":"2026-09-13T05:27:23.764Z","coordinate_source":"https://osaka-info.jp/event/enlightenment-osaka/","fictional":false,"access":{"rail-007376":{"out":23.045377775409204,"back":23.045377775409204,"walk_out":76.81792591803068,"walk_back":76.81792591803068},"rail-007344":{"out":23.533528750625607,"back":23.533528750625607,"walk_out":78.4450958354187,"walk_back":78.4450958354187},"rail-007041":{"out":27.661911590420964,"back":27.661911590420964,"walk_out":92.20637196806987,"walk_back":92.20637196806987},"rail-007422":{"out":21.947550085105664,"back":21.947550085105664,"walk_out":73.15850028368556,"walk_back":73.15850028368556},"naniwabashi":{"out":18.770452602452224,"back":18.770452602452224,"walk_out":62.56817534150742,"walk_back":62.56817534150742},"namba":{"out":8.032010477889322,"back":8.032010477889322,"walk_out":26.773368259631074,"walk_back":26.773368259631074},"rail-007283":{"out":14.634885226565196,"back":14.634885226565196,"walk_out":48.78295075521732,"walk_back":48.78295075521732},"rail-007280":{"out":14.617495923377485,"back":14.617495923377485,"walk_out":48.724986411258286,"walk_back":48.724986411258286},"rail-007300":{"out":27.419667831009534,"back":27.419667831009534,"walk_out":91.39889277003178,"walk_back":91.39889277003178},"rail-007626":{"out":27.98904704332339,"back":27.98904704332339,"walk_out":93.29682347774462,"walk_back":93.29682347774462},"nakanoshima":{"out":20.231022904131176,"back":20.231022904131176,"walk_out":67.43674301377058,"walk_back":67.43674301377058},"rail-007040":{"out":25.43589493641824,"back":25.43589493641824,"walk_out":84.78631645472747,"walk_back":84.78631645472747},"rail-007016":{"out":27.362499485273062,"back":27.362499485273062,"walk_out":91.20833161757687,"walk_back":91.20833161757687},"kyuhoji":{"out":29.796374629514613,"back":29.796374629514613,"walk_out":99.32124876504871,"walk_back":99.32124876504871},"kujo":{"out":16.738182042388335,"back":16.738182042388335,"walk_out":55.79394014129445,"walk_back":55.79394014129445},"kyobashi":{"out":22.47035110726678,"back":22.47035110726678,"walk_out":74.90117035755593,"walk_back":74.90117035755593},"rail-007407":{"out":6.701231281154272,"back":6.701231281154272,"walk_out":22.337437603847572,"walk_back":22.337437603847572},"rail-007402":{"out":3.8579573659878474,"back":3.8579573659878474,"walk_out":12.859857886626159,"walk_back":12.859857886626159},"rail-007529":{"out":13.034451842023252,"back":13.034451842023252,"walk_out":43.448172806744175,"walk_back":43.448172806744175},"rail-007450":{"out":3.5568859699874253,"back":3.5568859699874253,"walk_out":11.856286566624751,"walk_back":11.856286566624751},"rail-007070":{"out":29.448044105343122,"back":29.448044105343122,"walk_out":98.16014701781042,"walk_back":98.16014701781042},"rail-007459":{"out":4.488594705391452,"back":4.488594705391452,"walk_out":14.961982351304838,"walk_back":14.961982351304838},"rail-007284":{"out":14.863489981587671,"back":14.863489981587671,"walk_out":49.54496660529224,"walk_back":49.54496660529224},"rail-007342":{"out":15.862282965411513,"back":15.862282965411513,"walk_out":52.874276551371715,"walk_back":52.874276551371715},"rail-007156":{"out":27.655688112310344,"back":27.655688112310344,"walk_out":92.18562704103448,"walk_back":92.18562704103448},"rail-007593":{"out":21.698507761740196,"back":21.698507761740196,"walk_out":72.32835920580065,"walk_back":72.32835920580065},"rail-007580":{"out":22.860668816586074,"back":22.860668816586074,"walk_out":76.20222938862025,"walk_back":76.20222938862025},"rail-007567":{"out":17.477499302828218,"back":17.477499302828218,"walk_out":58.258331009427394,"walk_back":58.258331009427394},"rail-007573":{"out":18.25941454353609,"back":18.25941454353609,"walk_out":60.86471514512029,"walk_back":60.86471514512029},"rail-007572":{"out":17.006474025894985,"back":17.006474025894985,"walk_out":56.68824675298328,"walk_back":56.68824675298328},"rail-007574":{"out":18.12637711093362,"back":18.12637711093362,"walk_out":60.42125703644541,"walk_back":60.42125703644541},"rail-007378":{"out":22.727661220933587,"back":22.727661220933587,"walk_out":75.75887073644529,"walk_back":75.75887073644529},"rail-007351":{"out":29.551717029203296,"back":29.551717029203296,"walk_out":98.50572343067766,"walk_back":98.50572343067766},"rail-007582":{"out":27.215920386516917,"back":27.215920386516917,"walk_out":90.71973462172306,"walk_back":90.71973462172306},"rail-007524":{"out":23.082394976413813,"back":23.082394976413813,"walk_out":76.94131658804604,"walk_back":76.94131658804604},"dobutsuen":{"out":2.7715829601601705,"back":2.7715829601601705,"walk_out":9.23860986720057,"walk_back":9.23860986720057},"rail-007544":{"out":17.121387619731262,"back":17.121387619731262,"walk_out":57.07129206577087,"walk_back":57.07129206577087},"rail-007485":{"out":7.179584226224776,"back":7.179584226224776,"walk_out":23.931947420749253,"walk_back":23.931947420749253},"rail-007412":{"out":16.395781241760357,"back":16.395781241760357,"walk_out":54.65260413920119,"walk_back":54.65260413920119},"rail-007085":{"out":22.003487983791786,"back":22.003487983791786,"walk_out":73.34495994597262,"walk_back":73.34495994597262},"kitahama":{"out":18.431340308247204,"back":18.431340308247204,"walk_out":61.43780102749068,"walk_back":61.43780102749068},"rail-007502":{"out":10.538704948117987,"back":10.538704948117987,"walk_out":35.129016493726624,"walk_back":35.129016493726624},"rail-007522":{"out":10.30851779152374,"back":10.30851779152374,"walk_out":34.3617259717458,"walk_back":34.3617259717458},"rail-007177":{"out":24.81613340133034,"back":24.81613340133034,"walk_out":82.72044467110113,"walk_back":82.72044467110113},"rail-007462":{"out":16.00779149231743,"back":16.00779149231743,"walk_out":53.359304974391435,"walk_back":53.359304974391435},"minamimorimachi":{"out":21.107147670125418,"back":21.107147670125418,"walk_out":70.35715890041806,"walk_back":70.35715890041806},"rail-007570":{"out":28.59384025026146,"back":28.59384025026146,"walk_out":95.31280083420486,"walk_back":95.31280083420486},"rail-007531":{"out":11.586092302984177,"back":11.586092302984177,"walk_out":38.620307676613926,"walk_back":38.620307676613926},"rail-007581":{"out":23.767360745920392,"back":23.767360745920392,"walk_out":79.22453581973464,"walk_back":79.22453581973464},"rail-007268":{"out":11.702607996379253,"back":11.702607996379253,"walk_out":39.00869332126418,"walk_back":39.00869332126418},"rail-007382":{"out":3.9415502225977854,"back":3.9415502225977854,"walk_out":13.138500741992615,"walk_back":13.138500741992615},"rail-007190":{"out":14.168829899965154,"back":14.168829899965154,"walk_out":47.22943299988384,"walk_back":47.22943299988384},"rail-007534":{"out":13.148398991319036,"back":13.148398991319036,"walk_out":43.82799663773012,"walk_back":43.82799663773012},"rail-007622":{"out":26.139845928722607,"back":26.139845928722607,"walk_out":87.1328197624087,"walk_back":87.1328197624087},"rail-007395":{"out":5.330448777648891,"back":5.330448777648891,"walk_out":17.76816259216297,"walk_back":17.76816259216297},"taisho":{"out":13.045672549470606,"back":13.045672549470606,"walk_out":43.485575164902016,"walk_back":43.485575164902016},"oe_bridge":{"out":19.970566894242033,"back":19.970566894242033,"walk_out":66.56855631414011,"walk_back":66.56855631414011},"osaka_business":{"out":19.877724896332413,"back":19.877724896332413,"walk_out":66.25908298777472,"walk_back":66.25908298777472},"osaka":{"out":23.74252927572779,"back":23.74252927572779,"walk_out":79.14176425242596,"walk_back":79.14176425242596},"uehommachi":{"out":7.916254033288178,"back":7.916254033288178,"walk_out":26.387513444293923,"walk_back":26.387513444293923},"rail-007164":{"out":18.935636612873715,"back":18.935636612873715,"walk_out":63.11878870957905,"walk_back":63.11878870957905},"rail-007107":{"out":20.489915724478024,"back":20.489915724478024,"walk_out":68.29971908159341,"walk_back":68.29971908159341},"rail-007090":{"out":21.060754774941817,"back":21.060754774941817,"walk_out":70.20251591647272,"walk_back":70.20251591647272},"osakako":{"out":27.865246256984037,"back":27.865246256984037,"walk_out":92.88415418994678,"walk_back":92.88415418994678},"rail-007451":{"out":2.515220942643882,"back":2.515220942643882,"walk_out":8.384069808812939,"walk_back":8.384069808812939},"rail-007483":{"out":7.607514334477163,"back":7.607514334477163,"walk_out":25.35838111492388,"walk_back":25.35838111492388},"temma":{"out":24.390423088623603,"back":24.390423088623603,"walk_out":81.30141029541201,"walk_back":81.30141029541201},"temmabashi":{"out":18.041382742540883,"back":18.041382742540883,"walk_out":60.13794247513627,"walk_back":60.13794247513627},"tennoji":{"out":2.2990996789961438,"back":2.2990996789961438,"walk_out":7.663665596653813,"walk_back":7.663665596653813},"rail-007447":{"out":1.9883429057621074,"back":1.9883429057621074,"walk_out":6.627809685873691,"walk_back":6.627809685873691},"rail-007515":{"out":10.400240396362154,"back":10.400240396362154,"walk_out":34.66746798787385,"walk_back":34.66746798787385},"tenroku":{"out":26.57020192374309,"back":26.57020192374309,"walk_out":88.5673397458103,"walk_back":88.5673397458103},"rail-007532":{"out":11.871385632591597,"back":11.871385632591597,"walk_out":39.57128544197199,"walk_back":39.57128544197199},"rail-007275":{"out":26.430265740832517,"back":26.430265740832517,"walk_out":88.10088580277505,"walk_back":88.10088580277505},"rail-007592":{"out":21.206376996323534,"back":21.206376996323534,"walk_out":70.68792332107844,"walk_back":70.68792332107844},"rail-007434":{"out":4.944161639487574,"back":4.944161639487574,"walk_out":16.480538798291914,"walk_back":16.480538798291914},"rail-007368":{"out":17.52448833722536,"back":17.52448833722536,"walk_out":58.414961124084535,"walk_back":58.414961124084535},"rail-007493":{"out":9.320713644359833,"back":9.320713644359833,"walk_out":31.069045481199442,"walk_back":31.069045481199442},"rail-007517":{"out":10.873934182284732,"back":10.873934182284732,"walk_out":36.24644727428244,"walk_back":36.24644727428244},"fuse":{"out":20.436155998983107,"back":20.436155998983107,"walk_out":68.12051999661035,"walk_back":68.12051999661035},"rail-007538":{"out":13.28040620693794,"back":13.28040620693794,"walk_out":44.26802068979313,"walk_back":44.26802068979313},"rail-007547":{"out":13.612668424369412,"back":13.612668424369412,"walk_out":45.37556141456471,"walk_back":45.37556141456471},"rail-007559":{"out":15.047527409585715,"back":15.047527409585715,"walk_out":50.15842469861906,"walk_back":50.15842469861906},"rail-007575":{"out":25.85744442390676,"back":25.85744442390676,"walk_out":86.19148141302253,"walk_back":86.19148141302253},"rail-007505":{"out":17.163646795336135,"back":17.163646795336135,"walk_out":57.21215598445378,"walk_back":57.21215598445378},"rail-007546":{"out":19.0638319111126,"back":19.0638319111126,"walk_out":63.54610637037533,"walk_back":63.54610637037533},"bentencho":{"out":19.786724162121114,"back":19.786724162121114,"walk_out":65.95574720707037,"walk_back":65.95574720707037},"rail-007468":{"out":27.00603765343129,"back":27.00603765343129,"walk_out":90.02012551143763,"walk_back":90.02012551143763},"shinsaibashi":{"out":11.399513095587391,"back":11.399513095587391,"walk_out":37.9983769852913,"walk_back":37.9983769852913},"rail-007399":{"out":2.527522652249531,"back":2.527522652249531,"walk_out":8.425075507498438,"walk_back":8.425075507498438},"rail-007611":{"out":22.74709350949225,"back":22.74709350949225,"walk_out":75.82364503164084,"walk_back":75.82364503164084},"rail-007609":{"out":22.8240555423051,"back":22.8240555423051,"walk_out":76.080185141017,"walk_back":76.080185141017},"rail-007595":{"out":21.312054126380325,"back":21.312054126380325,"walk_out":71.04018042126775,"walk_back":71.04018042126775},"rail-007607":{"out":23.536910871230493,"back":23.536910871230493,"walk_out":78.45636957076832,"walk_back":78.45636957076832},"rail-007061":{"out":23.884015977300674,"back":23.884015977300674,"walk_out":79.61338659100224,"walk_back":79.61338659100224},"rail-007162":{"out":25.623950415282874,"back":25.623950415282874,"walk_out":85.41316805094291,"walk_back":85.41316805094291},"rail-007486":{"out":6.990723821220915,"back":6.990723821220915,"walk_out":23.30241273740305,"walk_back":23.30241273740305},"shinimamiya":{"out":3.134353528143687,"back":3.134353528143687,"walk_out":10.44784509381229,"walk_back":10.44784509381229},"rail-007427":{"out":2.566669235061686,"back":2.566669235061686,"walk_out":8.555564116872286,"walk_back":8.555564116872286},"rail-007523":{"out":23.462414603877694,"back":23.462414603877694,"walk_out":78.20804867959231,"walk_back":78.20804867959231},"rail-007297":{"out":17.943373285038216,"back":17.943373285038216,"walk_out":59.811244283460724,"walk_back":59.811244283460724},"rail-007104":{"out":21.87408377135223,"back":21.87408377135223,"walk_out":72.9136125711741,"walk_back":72.9136125711741},"nipponbashi":{"out":7.4659593670388045,"back":7.4659593670388045,"walk_out":24.886531223462683,"walk_back":24.886531223462683},"rail-007499":{"out":7.995144704343869,"back":7.995144704343869,"walk_out":26.6504823478129,"walk_back":26.6504823478129},"rail-007370":{"out":23.049233949692255,"back":23.049233949692255,"walk_out":76.83077983230751,"walk_back":76.83077983230751},"rail-007406":{"out":10.175467692148139,"back":10.175467692148139,"walk_out":33.918225640493795,"walk_back":33.918225640493795},"hommachi":{"out":14.768426130822062,"back":14.768426130822062,"walk_out":49.228087102740204,"walk_back":49.228087102740204},"rail-007623":{"out":25.54636022252438,"back":25.54636022252438,"walk_out":85.15453407508127,"walk_back":85.15453407508127},"rail-007500":{"out":7.867969524245221,"back":7.867969524245221,"walk_out":26.226565080817405,"walk_back":26.226565080817405},"rail-007525":{"out":11.61139444445572,"back":11.61139444445572,"walk_out":38.70464814818574,"walk_back":38.70464814818574},"rail-007553":{"out":15.605853879560502,"back":15.605853879560502,"walk_out":52.01951293186834,"walk_back":52.01951293186834},"rail-007479":{"out":11.343110573543463,"back":11.343110573543463,"walk_out":37.81036857847821,"walk_back":37.81036857847821},"rail-007250":{"out":11.313701935159292,"back":11.313701935159292,"walk_out":37.71233978386431,"walk_back":37.71233978386431},"rail-007472":{"out":5.867396891597769,"back":5.867396891597769,"walk_out":19.557989638659233,"walk_back":19.557989638659233},"rail-007487":{"out":6.515607536683069,"back":6.515607536683069,"walk_out":21.718691788943563,"walk_back":21.718691788943563},"rail-007380":{"out":7.460402365399063,"back":7.460402365399063,"walk_out":24.868007884663545,"walk_back":24.868007884663545},"sakuranomiya":{"out":24.731233817351093,"back":24.731233817351093,"walk_out":82.43744605783698,"walk_back":82.43744605783698},"rail-007364":{"out":29.02187301958124,"back":29.02187301958124,"walk_out":96.73957673193746,"walk_back":96.73957673193746},"sakuragawa":{"out":11.926381694450777,"back":11.926381694450777,"walk_out":39.75460564816925,"walk_back":39.75460564816925},"morinomiya":{"out":16.091040491230864,"back":16.091040491230864,"walk_out":53.636801637436214,"walk_back":53.636801637436214},"rail-007303":{"out":11.766256759473917,"back":11.766256759473917,"walk_out":39.220855864913055,"walk_back":39.220855864913055},"rail-007587":{"out":20.097437129452015,"back":20.097437129452015,"walk_out":66.99145709817338,"walk_back":66.99145709817338},"rail-007350":{"out":26.685539517922493,"back":26.685539517922493,"walk_out":88.95179839307498,"walk_back":88.95179839307498},"rail-007345":{"out":23.81444212770521,"back":23.81444212770521,"walk_out":79.38147375901737,"walk_back":79.38147375901737},"rail-007470":{"out":6.497606854295605,"back":6.497606854295605,"walk_out":21.658689514318684,"walk_back":21.658689514318684},"rail-007442":{"out":10.014012101958034,"back":10.014012101958034,"walk_out":33.380040339860116,"walk_back":33.380040339860116},"rail-007641":{"out":28.98012722073079,"back":28.98012722073079,"walk_out":96.60042406910263,"walk_back":96.60042406910263},"rail-007630":{"out":27.808659648511934,"back":27.808659648511934,"walk_out":92.69553216170645,"walk_back":92.69553216170645},"rail-007102":{"out":24.43033356827627,"back":24.43033356827627,"walk_out":81.43444522758757,"walk_back":81.43444522758757},"yodoyabashi":{"out":18.634800912910357,"back":18.634800912910357,"walk_out":62.116003043034524,"walk_back":62.116003043034524},"rail-007097":{"out":26.316370223972026,"back":26.316370223972026,"walk_out":87.72123407990675,"walk_back":87.72123407990675},"fukaebashi":{"out":21.366072182659508,"back":21.366072182659508,"walk_out":71.22024060886503,"walk_back":71.22024060886503},"watanabebashi":{"out":20.235616765228656,"back":20.235616765228656,"walk_out":67.45205588409551,"walk_back":67.45205588409551},"rail-007533":{"out":13.67508472740813,"back":13.67508472740813,"walk_out":45.5836157580271,"walk_back":45.5836157580271},"rail-007154":{"out":21.416927024621405,"back":21.416927024621405,"walk_out":71.38975674873801,"walk_back":71.38975674873801},"rail-007260":{"out":13.27192103504387,"back":13.27192103504387,"walk_out":44.23973678347957,"walk_back":44.23973678347957},"rail-007519":{"out":11.020075531971104,"back":11.020075531971104,"walk_out":36.733585106570345,"walk_back":36.733585106570345},"rail-007590":{"out":21.338374808383602,"back":21.338374808383602,"walk_out":71.12791602794535,"walk_back":71.12791602794535},"rail-007564":{"out":16.047891824013956,"back":16.047891824013956,"walk_out":53.492972746713185,"walk_back":53.492972746713185},"fukushima":{"out":22.662382991890365,"back":22.662382991890365,"walk_out":75.54127663963455,"walk_back":75.54127663963455},"rail-007554":{"out":15.803606220555702,"back":15.803606220555702,"walk_out":52.67868740185234,"walk_back":52.67868740185234},"rail-007579":{"out":19.30063932732576,"back":19.30063932732576,"walk_out":64.33546442441921,"walk_back":64.33546442441921},"rail-007635":{"out":29.401812125720948,"back":29.401812125720948,"walk_out":98.00604041906982,"walk_back":98.00604041906982},"rail-007201":{"out":18.603206841109575,"back":18.603206841109575,"walk_out":62.01068947036524,"walk_back":62.01068947036524},"rail-007475":{"out":7.092071312218415,"back":7.092071312218415,"walk_out":23.640237707394718,"walk_back":23.640237707394718},"rail-007498":{"out":8.576216840440743,"back":8.576216840440743,"walk_out":28.58738946813581,"walk_back":28.58738946813581},"rail-007143":{"out":18.97737908408723,"back":18.97737908408723,"walk_out":63.257930280290765,"walk_back":63.257930280290765},"rail-007379":{"out":8.606026101389316,"back":8.606026101389316,"walk_out":28.686753671297723,"walk_back":28.686753671297723},"rail-007371":{"out":9.942598048049417,"back":9.942598048049417,"walk_out":33.141993493498056,"walk_back":33.141993493498056},"rail-007454":{"out":5.696089314207353,"back":5.696089314207353,"walk_out":18.986964380691177,"walk_back":18.986964380691177},"rail-007452":{"out":4.60174405578815,"back":4.60174405578815,"walk_out":15.339146852627168,"walk_back":15.339146852627168},"gamo4":{"out":26.246692414729328,"back":26.246692414729328,"walk_out":87.48897471576443,"walk_back":87.48897471576443},"rail-007477":{"out":21.415421954556777,"back":21.415421954556777,"walk_out":71.38473984852259,"walk_back":71.38473984852259},"nishikujo":{"out":21.5220025451527,"back":21.5220025451527,"walk_out":71.74000848384233,"walk_back":71.74000848384233},"rail-007249":{"out":12.834462840887594,"back":12.834462840887594,"walk_out":42.78154280295865,"walk_back":42.78154280295865},"rail-007476":{"out":9.28793900709724,"back":9.28793900709724,"walk_out":30.959796690324133,"walk_back":30.959796690324133},"rail-007540":{"out":12.788883138259715,"back":12.788883138259715,"walk_out":42.62961046086572,"walk_back":42.62961046086572},"rail-007246":{"out":13.603156742315218,"back":13.603156742315218,"walk_out":45.3438558077174,"walk_back":45.3438558077174},"tanimachi9":{"out":7.795684110983107,"back":7.795684110983107,"walk_out":25.985613703277018,"walk_back":25.985613703277018},"tanimachi6":{"out":11.421275553978406,"back":11.421275553978406,"walk_out":38.070918513261354,"walk_back":38.070918513261354},"tanimachi4":{"out":14.472791730300775,"back":14.472791730300775,"walk_out":48.24263910100258,"walk_back":48.24263910100258},"rail-007317":{"out":7.578020180202081,"back":7.578020180202081,"walk_out":25.26006726734027,"walk_back":25.26006726734027},"miyakojima":{"out":26.793901563705315,"back":26.793901563705315,"walk_out":89.31300521235104,"walk_back":89.31300521235104},"rail-007036":{"out":28.145576278321823,"back":28.145576278321823,"walk_out":93.81858759440607,"walk_back":93.81858759440607},"rail-007030":{"out":28.18326999777368,"back":28.18326999777368,"walk_out":93.94423332591228,"walk_back":93.94423332591228},"rail-007109":{"out":23.347263524038024,"back":23.347263524038024,"walk_out":77.82421174679341,"walk_back":77.82421174679341},"rail-007159":{"out":21.583025576192068,"back":21.583025576192068,"walk_out":71.9434185873069,"walk_back":71.9434185873069},"rail-007113":{"out":23.478271821580623,"back":23.478271821580623,"walk_out":78.26090607193541,"walk_back":78.26090607193541},"rail-007562":{"out":16.897466783845037,"back":16.897466783845037,"walk_out":56.32488927948346,"walk_back":56.32488927948346},"nagahoribashi":{"out":11.288879011962733,"back":11.288879011962733,"walk_out":37.62959670654244,"walk_back":37.62959670654244},"nagai":{"out":17.895094298440057,"back":17.895094298440057,"walk_out":59.65031432813352,"walk_back":59.65031432813352},"rail-007425":{"out":24.609625810497146,"back":24.609625810497146,"walk_out":82.03208603499048,"walk_back":82.03208603499048},"rail-007460":{"out":3.7509457732608227,"back":3.7509457732608227,"walk_out":12.503152577536076,"walk_back":12.503152577536076},"awaza":{"out":16.127464838616174,"back":16.127464838616174,"walk_out":53.75821612872058,"walk_back":53.75821612872058},"rail-007543":{"out":15.133956619554716,"back":15.133956619554716,"walk_out":50.44652206518239,"walk_back":50.44652206518239},"rail-007235":{"out":25.999270021517823,"back":25.999270021517823,"walk_out":86.6642334050594,"walk_back":86.6642334050594},"rail-007229":{"out":26.040358143888625,"back":26.040358143888625,"walk_out":86.80119381296208,"walk_back":86.80119381296208},"rail-007628":{"out":28.078948377788915,"back":28.078948377788915,"walk_out":93.59649459262972,"walk_back":93.59649459262972},"rail-007125":{"out":22.80704665632571,"back":22.80704665632571,"walk_out":76.02348885441904,"walk_back":76.02348885441904},"rail-007556":{"out":14.490810414864674,"back":14.490810414864674,"walk_out":48.30270138288225,"walk_back":48.30270138288225},"tsuruhashi":{"out":10.094896235984981,"back":10.094896235984981,"walk_out":33.649654119949936,"walk_back":33.649654119949936}}}},{"type":"Feature","geometry":{"type":"Point","coordinates":[135.50224634505236,34.66035536688496]},"properties":{"id":"osaka-info-11265","name":"センタラグランドホテル大阪 こころ咲く ohana Afternoon Tea","venue":"センタラグランドホテル大阪 33階「スモーク＆スピン」","address":"大阪市浪速区難波中2-11-50","category":"グルメ","date":"2026-07-01","end_date":"2026-09-30","start":null,"end":null,"schedule":"【期間】2026年7月1日(水) 〜 2026年9月30日(水)【時間】■平日：12:00〜 / 14:30〜 (2部制) ■土日祝：11:00〜 / 13:30〜 / 16:00〜 (3部制)","url":"https://osaka-info.jp/event/centarahotel-fternoon-tea/","source":"OSAKA-INFO（大阪観光局）","source_category":"グルメ","source_updated":"2026-07-03","fetched_at":"2026-09-13T05:27:23.764Z","coordinate_source":"https://osaka-info.jp/event/centarahotel-fternoon-tea/","fictional":false,"access":{"rail-007376":{"out":25.706476579001677,"back":25.706476579001677,"walk_out":85.68825526333893,"walk_back":85.68825526333893},"rail-007344":{"out":25.6947912386457,"back":25.6947912386457,"walk_out":85.649304128819,"walk_back":85.649304128819},"rail-007041":{"out":25.14891687779931,"back":25.14891687779931,"walk_out":83.8297229259977,"walk_back":83.8297229259977},"rail-007422":{"out":25.336740751416045,"back":25.336740751416045,"walk_out":84.45580250472015,"walk_back":84.45580250472015},"naniwabashi":{"out":14.356228435104416,"back":14.356228435104416,"walk_out":47.85409478368139,"walk_back":47.85409478368139},"namba":{"out":2.684939222123895,"back":2.684939222123895,"walk_out":8.949797407079648,"walk_back":8.949797407079648},"rail-007283":{"out":9.66652850637215,"back":9.66652850637215,"walk_out":32.22176168790717,"walk_back":32.22176168790717},"rail-007280":{"out":9.591574082590613,"back":9.591574082590613,"walk_out":31.971913608635376,"walk_back":31.971913608635376},"rail-007507":{"out":29.82820680647377,"back":29.82820680647377,"walk_out":99.42735602157923,"walk_back":99.42735602157923},"rail-007300":{"out":23.533329258953945,"back":23.533329258953945,"walk_out":78.44443086317982,"walk_back":78.44443086317982},"nakanoshima":{"out":14.894939590406779,"back":14.894939590406779,"walk_out":49.64979863468926,"walk_back":49.64979863468926},"rail-007040":{"out":20.862015070921185,"back":20.862015070921185,"walk_out":69.54005023640394,"walk_back":69.54005023640394},"rail-007016":{"out":22.310486932328924,"back":22.310486932328924,"walk_out":74.36828977442974,"walk_back":74.36828977442974},"kujo":{"out":11.719805904314983,"back":11.719805904314983,"walk_out":39.066019681049944,"walk_back":39.066019681049944},"kyobashi":{"out":19.92074694994688,"back":19.92074694994688,"walk_out":66.40248983315628,"walk_back":66.40248983315628},"rail-007407":{"out":4.494307832097272,"back":4.494307832097272,"walk_out":14.981026106990907,"walk_back":14.981026106990907},"rail-007402":{"out":2.458832924022284,"back":2.458832924022284,"walk_out":8.196109746740946,"walk_back":8.196109746740946},"rail-007529":{"out":18.46095175806147,"back":18.46095175806147,"walk_out":61.536505860204905,"walk_back":61.536505860204905},"rail-007450":{"out":6.536229515303152,"back":6.536229515303152,"walk_out":21.787431717677173,"walk_back":21.787431717677173},"rail-007070":{"out":28.19100779271144,"back":28.19100779271144,"walk_out":93.97002597570479,"walk_back":93.97002597570479},"rail-007459":{"out":7.735205426737196,"back":7.735205426737196,"walk_out":25.78401808912399,"walk_back":25.78401808912399},"rail-007284":{"out":15.767004207096603,"back":15.767004207096603,"walk_out":52.55668069032201,"walk_back":52.55668069032201},"rail-007342":{"out":17.545198608885915,"back":17.545198608885915,"walk_out":58.483995362953046,"walk_back":58.483995362953046},"rail-007156":{"out":22.5490833568325,"back":22.5490833568325,"walk_out":75.16361118944167,"walk_back":75.16361118944167},"rail-007593":{"out":25.122241904948954,"back":25.122241904948954,"walk_out":83.74080634982985,"walk_back":83.74080634982985},"rail-007580":{"out":25.26247081392787,"back":25.26247081392787,"walk_out":84.20823604642624,"walk_back":84.20823604642624},"rail-007567":{"out":20.999496362423866,"back":20.999496362423866,"walk_out":69.99832120807955,"walk_back":69.99832120807955},"rail-007573":{"out":21.70455706437109,"back":21.70455706437109,"walk_out":72.34852354790364,"walk_back":72.34852354790364},"rail-007572":{"out":20.970036308856383,"back":20.970036308856383,"walk_out":69.90012102952127,"walk_back":69.90012102952127},"rail-007574":{"out":21.646424440943804,"back":21.646424440943804,"walk_out":72.15474813647934,"walk_back":72.15474813647934},"rail-007378":{"out":25.39097863606466,"back":25.39097863606466,"walk_out":84.63659545354886,"walk_back":84.63659545354886},"rail-007524":{"out":27.90553577960906,"back":27.90553577960906,"walk_out":93.01845259869687,"walk_back":93.01845259869687},"dobutsuen":{"out":5.564087643731137,"back":5.564087643731137,"walk_out":18.546958812437122,"walk_back":18.546958812437122},"rail-007544":{"out":19.287319906831474,"back":19.287319906831474,"walk_out":64.29106635610492,"walk_back":64.29106635610492},"rail-007485":{"out":10.718866243942454,"back":10.718866243942454,"walk_out":35.72955414647485,"walk_back":35.72955414647485},"rail-007412":{"out":19.556267686561497,"back":19.556267686561497,"walk_out":65.18755895520499,"walk_back":65.18755895520499},"rail-007085":{"out":17.01678954912558,"back":17.01678954912558,"walk_out":56.7226318304186,"walk_back":56.7226318304186},"kitahama":{"out":13.991940241980304,"back":13.991940241980304,"walk_out":46.63980080660101,"walk_back":46.63980080660101},"rail-007502":{"out":15.941392980666274,"back":15.941392980666274,"walk_out":53.137976602220924,"walk_back":53.137976602220924},"rail-007522":{"out":14.750061940636845,"back":14.750061940636845,"walk_out":49.16687313545615,"walk_back":49.16687313545615},"juso":{"out":27.637905875603813,"back":27.637905875603813,"walk_out":92.12635291867937,"walk_back":92.12635291867937},"rail-007177":{"out":19.712497046023564,"back":19.712497046023564,"walk_out":65.70832348674521,"walk_back":65.70832348674521},"rail-007462":{"out":20.20557096327023,"back":20.20557096327023,"walk_out":67.35190321090076,"walk_back":67.35190321090076},"rail-006948":{"out":29.088485495955926,"back":29.088485495955926,"walk_out":96.96161831985309,"walk_back":96.96161831985309},"minamimorimachi":{"out":16.85255533993678,"back":16.85255533993678,"walk_out":56.17518446645594,"walk_back":56.17518446645594},"rail-007570":{"out":29.22277013311238,"back":29.22277013311238,"walk_out":97.40923377704127,"walk_back":97.40923377704127},"rail-007531":{"out":16.911033570433155,"back":16.911033570433155,"walk_out":56.37011190144385,"walk_back":56.37011190144385},"rail-007581":{"out":29.165489626689602,"back":29.165489626689602,"walk_out":97.218298755632,"walk_back":97.218298755632},"rail-007268":{"out":6.368519638584522,"back":6.368519638584522,"walk_out":21.22839879528174,"walk_back":21.22839879528174},"rail-007382":{"out":4.452670989852603,"back":4.452670989852603,"walk_out":14.84223663284201,"walk_back":14.84223663284201},"rail-007190":{"out":9.733200060294164,"back":9.733200060294164,"walk_out":32.44400020098055,"walk_back":32.44400020098055},"rail-007009":{"out":26.298257832563916,"back":26.298257832563916,"walk_out":87.66085944187972,"walk_back":87.66085944187972},"rail-007534":{"out":16.604893633453344,"back":16.604893633453344,"walk_out":55.34964544484448,"walk_back":55.34964544484448},"rail-007622":{"out":29.76533864139172,"back":29.76533864139172,"walk_out":99.21779547130572,"walk_back":99.21779547130572},"rail-007395":{"out":2.4159559544147413,"back":2.4159559544147413,"walk_out":8.053186514715804,"walk_back":8.053186514715804},"taisho":{"out":8.457671381566643,"back":8.457671381566643,"walk_out":28.192237938555476,"walk_back":28.192237938555476},"oe_bridge":{"out":15.131795131428504,"back":15.131795131428504,"walk_out":50.439317104761685,"walk_back":50.439317104761685},"osaka_business":{"out":17.25682542338606,"back":17.25682542338606,"walk_out":57.52275141128687,"walk_back":57.52275141128687},"osaka":{"out":18.741069339427707,"back":18.741069339427707,"walk_out":62.470231131425685,"walk_back":62.470231131425685},"uehommachi":{"out":7.336528466594239,"back":7.336528466594239,"walk_out":24.455094888647466,"walk_back":24.455094888647466},"rail-007164":{"out":16.957387588748826,"back":16.957387588748826,"walk_out":56.524625295829416,"walk_back":56.524625295829416},"rail-007107":{"out":17.381497429438465,"back":17.381497429438465,"walk_out":57.938324764794885,"walk_back":57.938324764794885},"rail-007090":{"out":16.975924796551897,"back":16.975924796551897,"walk_out":56.586415988506324,"walk_back":56.586415988506324},"osakako":{"out":25.015712996824217,"back":25.015712996824217,"walk_out":83.38570998941405,"walk_back":83.38570998941405},"rail-007451":{"out":7.940989318858455,"back":7.940989318858455,"walk_out":26.469964396194847,"walk_back":26.469964396194847},"rail-007483":{"out":10.550247893925574,"back":10.550247893925574,"walk_out":35.16749297975191,"walk_back":35.16749297975191},"temma":{"out":20.173092675834454,"back":20.173092675834454,"walk_out":67.24364225278151,"walk_back":67.24364225278151},"temmabashi":{"out":14.315169137093834,"back":14.315169137093834,"walk_out":47.71723045697945,"walk_back":47.71723045697945},"tennoji":{"out":7.711735570423615,"back":7.711735570423615,"walk_out":25.70578523474538,"walk_back":25.70578523474538},"rail-007447":{"out":7.415176481150022,"back":7.415176481150022,"walk_out":24.71725493716674,"walk_back":24.71725493716674},"rail-007515":{"out":13.961210856857186,"back":13.961210856857186,"walk_out":46.53736952285728,"walk_back":46.53736952285728},"tenroku":{"out":22.239674758006228,"back":22.239674758006228,"walk_out":74.13224919335408,"walk_back":74.13224919335408},"rail-007057":{"out":25.348667807421595,"back":25.348667807421595,"walk_out":84.49555935807199,"walk_back":84.49555935807199},"rail-007532":{"out":16.129215458671354,"back":16.129215458671354,"walk_out":53.76405152890451,"walk_back":53.76405152890451},"rail-007275":{"out":22.127616376051837,"back":22.127616376051837,"walk_out":73.75872125350612,"walk_back":73.75872125350612},"rail-007592":{"out":24.81837747413351,"back":24.81837747413351,"walk_out":82.72792491377837,"walk_back":82.72792491377837},"rail-007434":{"out":9.56730866158864,"back":9.56730866158864,"walk_out":31.89102887196213,"walk_back":31.89102887196213},"rail-007368":{"out":19.76921247670287,"back":19.76921247670287,"walk_out":65.8973749223429,"walk_back":65.8973749223429},"rail-007493":{"out":12.036920282906804,"back":12.036920282906804,"walk_out":40.12306760968934,"walk_back":40.12306760968934},"rail-007517":{"out":14.27373981359825,"back":14.27373981359825,"walk_out":47.57913271199416,"walk_back":47.57913271199416},"fuse":{"out":22.49591472274011,"back":22.49591472274011,"walk_out":74.98638240913371,"walk_back":74.98638240913371},"rail-007538":{"out":17.141352831243033,"back":17.141352831243033,"walk_out":57.13784277081011,"walk_back":57.13784277081011},"rail-007547":{"out":17.70866370290373,"back":17.70866370290373,"walk_out":59.0288790096791,"walk_back":59.0288790096791},"rail-007559":{"out":19.046923445625215,"back":19.046923445625215,"walk_out":63.48974481875071,"walk_back":63.48974481875071},"rail-007575":{"out":27.304908341429464,"back":27.304908341429464,"walk_out":91.0163611380982,"walk_back":91.0163611380982},"rail-007505":{"out":22.13826394362835,"back":22.13826394362835,"walk_out":73.79421314542783,"walk_back":73.79421314542783},"rail-007546":{"out":24.36399414700233,"back":24.36399414700233,"walk_out":81.2133138233411,"walk_back":81.2133138233411},"bentencho":{"out":15.345841914993736,"back":15.345841914993736,"walk_out":51.15280638331245,"walk_back":51.15280638331245},"rail-007011":{"out":28.85938451382791,"back":28.85938451382791,"walk_out":96.19794837942636,"walk_back":96.19794837942636},"shinsaibashi":{"out":6.285379797777491,"back":6.285379797777491,"walk_out":20.951265992591637,"walk_back":20.951265992591637},"rail-007399":{"out":3.1337314606778084,"back":3.1337314606778084,"walk_out":10.445771535592694,"walk_back":10.445771535592694},"rail-007611":{"out":27.54986456850301,"back":27.54986456850301,"walk_out":91.83288189501005,"walk_back":91.83288189501005},"rail-007609":{"out":26.907088415966935,"back":26.907088415966935,"walk_out":89.69029471988978,"walk_back":89.69029471988978},"rail-007595":{"out":25.885726455120686,"back":25.885726455120686,"walk_out":86.28575485040228,"walk_back":86.28575485040228},"rail-007607":{"out":27.17085799916743,"back":27.17085799916743,"walk_out":90.56952666389144,"walk_back":90.56952666389144},"rail-007061":{"out":19.588845708899704,"back":19.588845708899704,"walk_out":65.29615236299902,"walk_back":65.29615236299902},"rail-007162":{"out":25.44158607287117,"back":25.44158607287117,"walk_out":84.80528690957057,"walk_back":84.80528690957057},"rail-007486":{"out":12.386828585143308,"back":12.386828585143308,"walk_out":41.28942861714436,"walk_back":41.28942861714436},"shinimamiya":{"out":4.651115298843872,"back":4.651115298843872,"walk_out":15.503717662812909,"walk_back":15.503717662812909},"rail-007427":{"out":4.8325854784899045,"back":4.8325854784899045,"walk_out":16.108618261633016,"walk_back":16.108618261633016},"rail-007523":{"out":28.248298851480843,"back":28.248298851480843,"walk_out":94.16099617160282,"walk_back":94.16099617160282},"rail-007297":{"out":19.32627989777729,"back":19.32627989777729,"walk_out":64.42093299259096,"walk_back":64.42093299259096},"rail-007104":{"out":16.52503666991737,"back":16.52503666991737,"walk_out":55.08345556639123,"walk_back":55.08345556639123},"nipponbashi":{"out":3.1060549198980123,"back":3.1060549198980123,"walk_out":10.353516399660041,"walk_back":10.353516399660041},"rail-007499":{"out":13.304169458756952,"back":13.304169458756952,"walk_out":44.34723152918984,"walk_back":44.34723152918984},"rail-007370":{"out":19.592483260896277,"back":19.592483260896277,"walk_out":65.30827753632093,"walk_back":65.30827753632093},"rail-007406":{"out":7.453827903902804,"back":7.453827903902804,"walk_out":24.846093013009344,"walk_back":24.846093013009344},"hommachi":{"out":9.70250253462597,"back":9.70250253462597,"walk_out":32.341675115419896,"walk_back":32.341675115419896},"rail-007623":{"out":29.955232207466537,"back":29.955232207466537,"walk_out":99.85077402488845,"walk_back":99.85077402488845},"rail-007500":{"out":12.59621178791256,"back":12.59621178791256,"walk_out":41.987372626375205,"walk_back":41.987372626375205},"rail-007525":{"out":15.074343254160038,"back":15.074343254160038,"walk_out":50.24781084720012,"walk_back":50.24781084720012},"rail-007553":{"out":19.06684167902426,"back":19.06684167902426,"walk_out":63.55613893008088,"walk_back":63.55613893008088},"rail-007479":{"out":16.314624662327212,"back":16.314624662327212,"walk_out":54.38208220775737,"walk_back":54.38208220775737},"rail-007250":{"out":7.713369070722534,"back":7.713369070722534,"walk_out":25.711230235741777,"walk_back":25.711230235741777},"rail-007472":{"out":9.30651003887434,"back":9.30651003887434,"walk_out":31.02170012958113,"walk_back":31.02170012958113},"rail-007487":{"out":11.40591958835705,"back":11.40591958835705,"walk_out":38.01973196119016,"walk_back":38.01973196119016},"rail-007380":{"out":9.456957446313627,"back":9.456957446313627,"walk_out":31.523191487712094,"walk_back":31.523191487712094},"sakuranomiya":{"out":21.020849238738393,"back":21.020849238738393,"walk_out":70.06949746246131,"walk_back":70.06949746246131},"rail-007364":{"out":25.564688557214005,"back":25.564688557214005,"walk_out":85.21562852404669,"walk_back":85.21562852404669},"sakuragawa":{"out":6.78013075038926,"back":6.78013075038926,"walk_out":22.60043583463087,"walk_back":22.60043583463087},"morinomiya":{"out":14.461762779784637,"back":14.461762779784637,"walk_out":48.205875932615456,"walk_back":48.205875932615456},"rail-007303":{"out":6.692777799467726,"back":6.692777799467726,"walk_out":22.309259331559087,"walk_back":22.309259331559087},"rail-007587":{"out":24.1119066167728,"back":24.1119066167728,"walk_out":80.37302205590933,"walk_back":80.37302205590933},"rail-007350":{"out":28.973240546780204,"back":28.973240546780204,"walk_out":96.57746848926735,"walk_back":96.57746848926735},"rail-007345":{"out":25.993371816232866,"back":25.993371816232866,"walk_out":86.64457272077621,"walk_back":86.64457272077621},"rail-007470":{"out":11.775891304162638,"back":11.775891304162638,"walk_out":39.25297101387546,"walk_back":39.25297101387546},"rail-007442":{"out":9.12260297949264,"back":9.12260297949264,"walk_out":30.4086765983088,"walk_back":30.4086765983088},"rail-007102":{"out":19.001028166873642,"back":19.001028166873642,"walk_out":63.336760556245466,"walk_back":63.336760556245466},"yodoyabashi":{"out":13.773952105500918,"back":13.773952105500918,"walk_out":45.91317368500306,"walk_back":45.91317368500306},"rail-007097":{"out":20.920619080873355,"back":20.920619080873355,"walk_out":69.73539693624451,"walk_back":69.73539693624451},"fukaebashi":{"out":21.661835571272796,"back":21.661835571272796,"walk_out":72.20611857090933,"walk_back":72.20611857090933},"watanabebashi":{"out":15.162944896187796,"back":15.162944896187796,"walk_out":50.54314965395932,"walk_back":50.54314965395932},"rail-007533":{"out":16.696096218316534,"back":16.696096218316534,"walk_out":55.65365406105511,"walk_back":55.65365406105511},"rail-007154":{"out":15.99303050840536,"back":15.99303050840536,"walk_out":53.310101694684526,"walk_back":53.310101694684526},"rail-007260":{"out":12.642291239800763,"back":12.642291239800763,"walk_out":42.140970799335875,"walk_back":42.140970799335875},"rail-007519":{"out":16.44340793382551,"back":16.44340793382551,"walk_out":54.81135977941837,"walk_back":54.81135977941837},"rail-007590":{"out":26.698973695680696,"back":26.698973695680696,"walk_out":88.99657898560233,"walk_back":88.99657898560233},"rail-007564":{"out":19.906256210482603,"back":19.906256210482603,"walk_out":66.35418736827535,"walk_back":66.35418736827535},"rail-007077":{"out":27.964074150364464,"back":27.964074150364464,"walk_out":93.21358050121488,"walk_back":93.21358050121488},"fukushima":{"out":17.352321513578026,"back":17.352321513578026,"walk_out":57.84107171192675,"walk_back":57.84107171192675},"rail-007554":{"out":19.19234565464813,"back":19.19234565464813,"walk_out":63.974485515493754,"walk_back":63.974485515493754},"rail-007579":{"out":22.888513738975078,"back":22.888513738975078,"walk_out":76.2950457965836,"walk_back":76.2950457965836},"rail-007201":{"out":18.08256238084656,"back":18.08256238084656,"walk_out":60.275207936155205,"walk_back":60.275207936155205},"rail-007475":{"out":12.468116558799505,"back":12.468116558799505,"walk_out":41.56038852933168,"walk_back":41.56038852933168},"rail-007498":{"out":12.185393509898192,"back":12.185393509898192,"walk_out":40.61797836632731,"walk_back":40.61797836632731},"rail-007143":{"out":13.893323210864287,"back":13.893323210864287,"walk_out":46.311077369547625,"walk_back":46.311077369547625},"rail-007379":{"out":4.84188958503743,"back":4.84188958503743,"walk_out":16.139631950124766,"walk_back":16.139631950124766},"rail-007371":{"out":5.836259029370399,"back":5.836259029370399,"walk_out":19.454196764567996,"walk_back":19.454196764567996},"rail-007454":{"out":7.479614948794337,"back":7.479614948794337,"walk_out":24.932049829314458,"walk_back":24.932049829314458},"rail-007452":{"out":6.670659995390891,"back":6.670659995390891,"walk_out":22.235533317969637,"walk_back":22.235533317969637},"gamo4":{"out":24.406246396580737,"back":24.406246396580737,"walk_out":81.35415465526913,"walk_back":81.35415465526913},"rail-007477":{"out":25.663237949951604,"back":25.663237949951604,"walk_out":85.54412649983868,"walk_back":85.54412649983868},"rail-006942":{"out":29.472169637844907,"back":29.472169637844907,"walk_out":98.24056545948302,"walk_back":98.24056545948302},"nishikujo":{"out":16.31943676545038,"back":16.31943676545038,"walk_out":54.39812255150127,"walk_back":54.39812255150127},"rail-007249":{"out":7.437250932041069,"back":7.437250932041069,"walk_out":24.790836440136896,"walk_back":24.790836440136896},"rail-007476":{"out":10.795761880719606,"back":10.795761880719606,"walk_out":35.98587293573202,"walk_back":35.98587293573202},"rail-007540":{"out":17.853632267821222,"back":17.853632267821222,"walk_out":59.51210755940408,"walk_back":59.51210755940408},"rail-007246":{"out":8.218734864330456,"back":8.218734864330456,"walk_out":27.39578288110152,"walk_back":27.39578288110152},"tanimachi9":{"out":5.798215777323261,"back":5.798215777323261,"walk_out":19.32738592441087,"walk_back":19.32738592441087},"tanimachi6":{"out":8.545740503019005,"back":8.545740503019005,"walk_out":28.485801676730013,"walk_back":28.485801676730013},"tanimachi4":{"out":11.154646059632341,"back":11.154646059632341,"walk_out":37.182153532107804,"walk_back":37.182153532107804},"rail-007317":{"out":3.225565784777361,"back":3.225565784777361,"walk_out":10.75188594925787,"walk_back":10.75188594925787},"miyakojima":{"out":23.3065467907128,"back":23.3065467907128,"walk_out":77.688489302376,"walk_back":77.688489302376},"rail-007036":{"out":25.725789192373608,"back":25.725789192373608,"walk_out":85.75263064124536,"walk_back":85.75263064124536},"rail-007030":{"out":25.408668831597353,"back":25.408668831597353,"walk_out":84.69556277199118,"walk_back":84.69556277199118},"rail-007109":{"out":17.91744947454554,"back":17.91744947454554,"walk_out":59.724831581818464,"walk_back":59.724831581818464},"rail-007159":{"out":16.168635667881393,"back":16.168635667881393,"walk_out":53.89545222627131,"walk_back":53.89545222627131},"rail-007113":{"out":18.04827343324627,"back":18.04827343324627,"walk_out":60.16091144415422,"walk_back":60.16091144415422},"rail-007562":{"out":22.319355716857096,"back":22.319355716857096,"walk_out":74.39785238952365,"walk_back":74.39785238952365},"nagahoribashi":{"out":6.82871386213161,"back":6.82871386213161,"walk_out":22.7623795404387,"walk_back":22.7623795404387},"nagai":{"out":22.79520922243289,"back":22.79520922243289,"walk_out":75.98403074144298,"walk_back":75.98403074144298},"rail-007425":{"out":27.96616674591872,"back":27.96616674591872,"walk_out":93.22055581972906,"walk_back":93.22055581972906},"rail-007013":{"out":28.429234625950492,"back":28.429234625950492,"walk_out":94.76411541983498,"walk_back":94.76411541983498},"rail-007008":{"out":28.46121963462593,"back":28.46121963462593,"walk_out":94.87073211541977,"walk_back":94.87073211541977},"rail-007002":{"out":29.044258246750346,"back":29.044258246750346,"walk_out":96.81419415583449,"walk_back":96.81419415583449},"rail-007460":{"out":8.971724342065986,"back":8.971724342065986,"walk_out":29.90574780688662,"walk_back":29.90574780688662},"awaza":{"out":10.705210346694441,"back":10.705210346694441,"walk_out":35.68403448898147,"walk_back":35.68403448898147},"rail-007543":{"out":20.564134890736096,"back":20.564134890736096,"walk_out":68.54711630245365,"walk_back":68.54711630245365},"rail-007235":{"out":26.934033542949752,"back":26.934033542949752,"walk_out":89.7801118098325,"walk_back":89.7801118098325},"rail-007229":{"out":26.944054478438172,"back":26.944054478438172,"walk_out":89.81351492812725,"walk_back":89.81351492812725},"rail-007125":{"out":21.272646045505038,"back":21.272646045505038,"walk_out":70.90882015168346,"walk_back":70.90882015168346},"rail-007556":{"out":19.596640248487805,"back":19.596640248487805,"walk_out":65.32213416162602,"walk_back":65.32213416162602},"tsuruhashi":{"out":10.563942162491001,"back":10.563942162491001,"walk_out":35.21314054163667,"walk_back":35.21314054163667}}}},{"type":"Feature","geometry":{"type":"Point","coordinates":[135.5335444749271,34.690820625038754]},"properties":{"id":"osaka-info-11242","name":"ホテルニューオータニ大阪 THE BOTANICAL POOL-NIGHT POOL-","venue":"ホテルニューオータニ大阪 4階 フィットネスクラブ アウトドアプール","address":"大阪市中央区城見1-4-1","category":"季節","date":"2026-07-04","end_date":"2026-09-23","start":null,"end":null,"schedule":"【期間】2026年7月4日 (土)～9月23日 (水・祝) ※7月10日(金)を除く【時間】18:30～22:00 (最終入場21:00)","url":"https://osaka-info.jp/event/newotani-pools/","source":"OSAKA-INFO（大阪観光局）","source_category":"季節","source_updated":"2026-06-22","fetched_at":"2026-09-13T05:27:23.764Z","coordinate_source":"https://osaka-info.jp/event/newotani-pools/","fictional":false,"access":{"rail-007376":{"out":20.187581118320026,"back":20.187581118320026,"walk_out":67.29193706106676,"walk_back":67.29193706106676},"rail-007344":{"out":18.437292977839704,"back":18.437292977839704,"walk_out":61.45764325946567,"walk_back":61.45764325946567},"rail-006872":{"out":22.79013266877946,"back":22.79013266877946,"walk_out":75.96710889593153,"walk_back":75.96710889593153},"rail-007041":{"out":7.681545331087369,"back":7.681545331087369,"walk_out":25.605151103624564,"walk_back":25.605151103624564},"rail-007422":{"out":22.61271330707198,"back":22.61271330707198,"walk_out":75.37571102357327,"walk_back":75.37571102357327},"rail-006860":{"out":23.988037457775622,"back":23.988037457775622,"walk_out":79.96012485925208,"walk_back":79.96012485925208},"naniwabashi":{"out":9.368216983718625,"back":9.368216983718625,"walk_out":31.227389945728753,"walk_back":31.227389945728753},"namba":{"out":16.382601306567285,"back":16.382601306567285,"walk_out":54.60867102189095,"walk_back":54.60867102189095},"rail-007283":{"out":22.018543617129787,"back":22.018543617129787,"walk_out":73.39514539043262,"walk_back":73.39514539043262},"rail-007280":{"out":21.722039882289177,"back":21.722039882289177,"walk_out":72.40679960763059,"walk_back":72.40679960763059},"rail-006889":{"out":27.792315630994842,"back":27.792315630994842,"walk_out":92.64105210331614,"walk_back":92.64105210331614},"rail-006833":{"out":26.351443051253494,"back":26.351443051253494,"walk_out":87.8381435041783,"walk_back":87.8381435041783},"rail-006849":{"out":25.225417773781462,"back":25.225417773781462,"walk_out":84.08472591260488,"walk_back":84.08472591260488},"nakanoshima":{"out":16.699095322924958,"back":16.699095322924958,"walk_out":55.66365107641653,"walk_back":55.66365107641653},"rail-007040":{"out":12.55500082804271,"back":12.55500082804271,"walk_out":41.85000276014237,"walk_back":41.85000276014237},"rail-007016":{"out":17.228347257363183,"back":17.228347257363183,"walk_out":57.42782419121061,"walk_back":57.42782419121061},"kujo":{"out":22.95400684977933,"back":22.95400684977933,"walk_out":76.5133561659311,"walk_back":76.5133561659311},"kyobashi":{"out":2.6507765330101307,"back":2.6507765330101307,"walk_out":8.835921776700435,"walk_back":8.835921776700435},"rail-007407":{"out":22.1663038727047,"back":22.1663038727047,"walk_out":73.88767957568233,"walk_back":73.88767957568233},"rail-007402":{"out":19.826629376050334,"back":19.826629376050334,"walk_out":66.08876458683446,"walk_back":66.08876458683446},"rail-007529":{"out":28.709270520668188,"back":28.709270520668188,"walk_out":95.69756840222729,"walk_back":95.69756840222729},"rail-007450":{"out":23.112562041573508,"back":23.112562041573508,"walk_out":77.04187347191169,"walk_back":77.04187347191169},"rail-007070":{"out":10.981909005701931,"back":10.981909005701931,"walk_out":36.60636335233977,"walk_back":36.60636335233977},"rail-007459":{"out":24.261723114994524,"back":24.261723114994524,"walk_out":80.87241038331508,"walk_back":80.87241038331508},"rail-007284":{"out":10.580214840358229,"back":10.580214840358229,"walk_out":35.267382801194096,"walk_back":35.267382801194096},"rail-007342":{"out":13.059518521779673,"back":13.059518521779673,"walk_out":43.53172840593224,"walk_back":43.53172840593224},"rail-007156":{"out":29.97280469062107,"back":29.97280469062107,"walk_out":99.90934896873691,"walk_back":99.90934896873691},"rail-007378":{"out":19.98896749414834,"back":19.98896749414834,"walk_out":66.62989164716114,"walk_back":66.62989164716114},"rail-007351":{"out":23.72488823620564,"back":23.72488823620564,"walk_out":79.08296078735214,"walk_back":79.08296078735214},"dobutsuen":{"out":22.07599102850862,"back":22.07599102850862,"walk_out":73.5866367616954,"walk_back":73.5866367616954},"rail-007485":{"out":27.139072007493617,"back":27.139072007493617,"walk_out":90.46357335831205,"walk_back":90.46357335831205},"rail-007412":{"out":18.453895879464334,"back":18.453895879464334,"walk_out":61.51298626488112,"walk_back":61.51298626488112},"rail-007085":{"out":13.758803361589607,"back":13.758803361589607,"walk_out":45.86267787196536,"walk_back":45.86267787196536},"kitahama":{"out":9.496756534480769,"back":9.496756534480769,"walk_out":31.655855114935896,"walk_back":31.655855114935896},"rail-007502":{"out":26.203115433547538,"back":26.203115433547538,"walk_out":87.34371811182513,"walk_back":87.34371811182513},"juso":{"out":22.915477173772913,"back":22.915477173772913,"walk_out":76.38492391257637,"walk_back":76.38492391257637},"rail-006953":{"out":16.703990322361587,"back":16.703990322361587,"walk_out":55.679967741205296,"walk_back":55.679967741205296},"rail-006952":{"out":15.929427641616726,"back":15.929427641616726,"walk_out":53.09809213872242,"walk_back":53.09809213872242},"rail-007177":{"out":27.82016821531913,"back":27.82016821531913,"walk_out":92.73389405106377,"walk_back":92.73389405106377},"rail-006836":{"out":27.3190575421664,"back":27.3190575421664,"walk_out":91.06352514055467,"walk_back":91.06352514055467},"rail-007462":{"out":22.528856459969685,"back":22.528856459969685,"walk_out":75.09618819989895,"walk_back":75.09618819989895},"rail-006948":{"out":19.940762633257478,"back":19.940762633257478,"walk_out":66.46920877752493,"walk_back":66.46920877752493},"minamimorimachi":{"out":8.834347115752022,"back":8.834347115752022,"walk_out":29.447823719173407,"walk_back":29.447823719173407},"rail-007531":{"out":29.394409162882976,"back":29.394409162882976,"walk_out":97.98136387627659,"walk_back":97.98136387627659},"rail-007268":{"out":15.411995253557158,"back":15.411995253557158,"walk_out":51.373317511857195,"walk_back":51.373317511857195},"rail-007382":{"out":16.0610160090233,"back":16.0610160090233,"walk_out":53.536720030077674,"walk_back":53.536720030077674},"rail-006927":{"out":20.140639342147185,"back":20.140639342147185,"walk_out":67.13546447382396,"walk_back":67.13546447382396},"rail-006956":{"out":14.664682502281927,"back":14.664682502281927,"walk_out":48.882275007606424,"walk_back":48.882275007606424},"rail-007190":{"out":10.458771817658349,"back":10.458771817658349,"walk_out":34.862572725527826,"walk_back":34.862572725527826},"rail-007009":{"out":25.572366834780546,"back":25.572366834780546,"walk_out":85.24122278260182,"walk_back":85.24122278260182},"rail-007395":{"out":20.154360050101726,"back":20.154360050101726,"walk_out":67.18120016700576,"walk_back":67.18120016700576},"taisho":{"out":22.59042454826915,"back":22.59042454826915,"walk_out":75.30141516089716,"walk_back":75.30141516089716},"oe_bridge":{"out":12.016255293901668,"back":12.016255293901668,"walk_out":40.054184313005564,"walk_back":40.054184313005564},"osaka_business":{"out":1.4588761724115369,"back":1.4588761724115369,"walk_out":4.862920574705123,"walk_back":4.862920574705123},"osaka":{"out":14.669911975656369,"back":14.669911975656369,"walk_out":48.89970658552123,"walk_back":48.89970658552123},"uehommachi":{"out":12.12895277914455,"back":12.12895277914455,"walk_out":40.4298425971485,"walk_back":40.4298425971485},"rail-007164":{"out":1.3612670396391657,"back":1.3612670396391657,"walk_out":4.537556798797219,"walk_back":4.537556798797219},"rail-007107":{"out":3.431993878892995,"back":3.431993878892995,"walk_out":11.439979596309984,"walk_back":11.439979596309984},"rail-007090":{"out":7.9479316662968715,"back":7.9479316662968715,"walk_out":26.493105554322902,"walk_back":26.493105554322902},"rail-007451":{"out":21.273923449313987,"back":21.273923449313987,"walk_out":70.91307816437995,"walk_back":70.91307816437995},"rail-007483":{"out":27.409469711881044,"back":27.409469711881044,"walk_out":91.36489903960349,"walk_back":91.36489903960349},"temma":{"out":9.96969947382812,"back":9.96969947382812,"walk_out":33.23233157942707,"walk_back":33.23233157942707},"temmabashi":{"out":6.311231450046366,"back":6.311231450046366,"walk_out":21.03743816682122,"walk_back":21.03743816682122},"tennoji":{"out":21.006027227588003,"back":21.006027227588003,"walk_out":70.02009075862668,"walk_back":70.02009075862668},"rail-007447":{"out":21.21077576036404,"back":21.21077576036404,"walk_out":70.70258586788013,"walk_back":70.70258586788013},"tenroku":{"out":11.882822322239798,"back":11.882822322239798,"walk_out":39.60940774079933,"walk_back":39.60940774079933},"taishibashi":{"out":19.479038057748127,"back":19.479038057748127,"walk_out":64.93012685916042,"walk_back":64.93012685916042},"rail-007057":{"out":28.20533955132201,"back":28.20533955132201,"walk_out":94.0177985044067,"walk_back":94.0177985044067},"rail-006883":{"out":23.987664534580478,"back":23.987664534580478,"walk_out":79.95888178193492,"walk_back":79.95888178193492},"moriguchi_shi":{"out":22.89567482484943,"back":22.89567482484943,"walk_out":76.31891608283144,"walk_back":76.31891608283144},"rail-007434":{"out":19.41628371021156,"back":19.41628371021156,"walk_out":64.7209457007052,"walk_back":64.7209457007052},"rail-007368":{"out":15.525241617450789,"back":15.525241617450789,"walk_out":51.75080539150263,"walk_back":51.75080539150263},"rail-007493":{"out":29.079798880230307,"back":29.079798880230307,"walk_out":96.93266293410102,"walk_back":96.93266293410102},"rail-006924":{"out":19.81418484377892,"back":19.81418484377892,"walk_out":66.0472828125964,"walk_back":66.0472828125964},"fuse":{"out":16.18713198185895,"back":16.18713198185895,"walk_out":53.957106606196504,"walk_back":53.957106606196504},"rail-007505":{"out":27.40373296121323,"back":27.40373296121323,"walk_out":91.34577653737743,"walk_back":91.34577653737743},"bentencho":{"out":27.761386987875138,"back":27.761386987875138,"walk_out":92.53795662625046,"walk_back":92.53795662625046},"rail-007468":{"out":28.560127212288297,"back":28.560127212288297,"walk_out":95.20042404096098,"walk_back":95.20042404096098},"rail-007131":{"out":17.524312562352154,"back":17.524312562352154,"walk_out":58.414375207840514,"walk_back":58.414375207840514},"shinsaibashi":{"out":14.169959794377899,"back":14.169959794377899,"walk_out":47.233199314592994,"walk_back":47.233199314592994},"rail-007399":{"out":19.556187907785436,"back":19.556187907785436,"walk_out":65.18729302595146,"walk_back":65.18729302595146},"rail-007061":{"out":10.115814415885064,"back":10.115814415885064,"walk_out":33.719381386283544,"walk_back":33.719381386283544},"rail-007162":{"out":10.895281076574662,"back":10.895281076574662,"walk_out":36.31760358858221,"walk_back":36.31760358858221},"rail-007486":{"out":25.08772951600475,"back":25.08772951600475,"walk_out":83.62576505334917,"walk_back":83.62576505334917},"shinimamiya":{"out":21.58967046335524,"back":21.58967046335524,"walk_out":71.96556821118413,"walk_back":71.96556821118413},"rail-007427":{"out":21.426136409010372,"back":21.426136409010372,"walk_out":71.42045469670124,"walk_back":71.42045469670124},"shinosaka":{"out":22.524818415113383,"back":22.524818415113383,"walk_out":75.08272805037795,"walk_back":75.08272805037795},"rail-007001":{"out":14.133467058198553,"back":14.133467058198553,"walk_out":47.11155686066184,"walk_back":47.11155686066184},"rail-007297":{"out":12.589529598018594,"back":12.589529598018594,"walk_out":41.96509866006198,"walk_back":41.96509866006198},"rail-007104":{"out":17.642626096180877,"back":17.642626096180877,"walk_out":58.80875365393626,"walk_back":58.80875365393626},"nipponbashi":{"out":14.725988069270448,"back":14.725988069270448,"walk_out":49.08662689756816,"walk_back":49.08662689756816},"rail-007499":{"out":26.440620030430193,"back":26.440620030430193,"walk_out":88.13540010143397,"walk_back":88.13540010143397},"rail-007406":{"out":24.48356384975644,"back":24.48356384975644,"walk_out":81.61187949918813,"walk_back":81.61187949918813},"hommachi":{"out":13.194034747748193,"back":13.194034747748193,"walk_out":43.98011582582731,"walk_back":43.98011582582731},"rail-006869":{"out":25.77439826901364,"back":25.77439826901364,"walk_out":85.91466089671214,"walk_back":85.91466089671214},"rail-007500":{"out":27.509577105170912,"back":27.509577105170912,"walk_out":91.6985903505697,"walk_back":91.6985903505697},"rail-006878":{"out":24.081936554665386,"back":24.081936554665386,"walk_out":80.27312184888461,"walk_back":80.27312184888461},"rail-007479":{"out":23.50228948868176,"back":23.50228948868176,"walk_out":78.34096496227254,"walk_back":78.34096496227254},"rail-007250":{"out":10.275530910039572,"back":10.275530910039572,"walk_out":34.25176970013191,"walk_back":34.25176970013191},"rail-007472":{"out":25.77401350246919,"back":25.77401350246919,"walk_out":85.91337834156397,"walk_back":85.91337834156397},"rail-007487":{"out":26.094661009995114,"back":26.094661009995114,"walk_out":86.98220336665038,"walk_back":86.98220336665038},"rail-006931":{"out":18.637951977638462,"back":18.637951977638462,"walk_out":62.12650659212821,"walk_back":62.12650659212821},"rail-007380":{"out":14.504720669878786,"back":14.504720669878786,"walk_out":48.349068899595956,"walk_back":48.349068899595956},"sakuranomiya":{"out":7.825448956504174,"back":7.825448956504174,"walk_out":26.08482985501391,"walk_back":26.08482985501391},"sakuragawa":{"out":19.87406688220307,"back":19.87406688220307,"walk_out":66.24688960734358,"walk_back":66.24688960734358},"morinomiya":{"out":4.179383608255459,"back":4.179383608255459,"walk_out":13.931278694184863,"walk_back":13.931278694184863},"rail-006977":{"out":14.35895493387807,"back":14.35895493387807,"walk_out":47.8631831129269,"walk_back":47.8631831129269},"rail-007063":{"out":15.387224027381206,"back":15.387224027381206,"walk_out":51.29074675793736,"walk_back":51.29074675793736},"rail-007303":{"out":20.150587728218838,"back":20.150587728218838,"walk_out":67.16862576072946,"walk_back":67.16862576072946},"rail-007350":{"out":21.16355950688974,"back":21.16355950688974,"walk_out":70.54519835629914,"walk_back":70.54519835629914},"rail-007345":{"out":18.694279473661304,"back":18.694279473661304,"walk_out":62.314264912204344,"walk_back":62.314264912204344},"rail-007470":{"out":22.405665765475188,"back":22.405665765475188,"walk_out":74.68555255158395,"walk_back":74.68555255158395},"rail-007442":{"out":26.778852642215607,"back":26.778852642215607,"walk_out":89.26284214071869,"walk_back":89.26284214071869},"rail-007102":{"out":22.255974154319517,"back":22.255974154319517,"walk_out":74.18658051439839,"walk_back":74.18658051439839},"yodoyabashi":{"out":11.922169283549703,"back":11.922169283549703,"walk_out":39.740564278499015,"walk_back":39.740564278499015},"rail-007097":{"out":25.105952955328558,"back":25.105952955328558,"walk_out":83.6865098510952,"walk_back":83.6865098510952},"awaji":{"out":22.4317382797263,"back":22.4317382797263,"walk_out":74.772460932421,"walk_back":74.772460932421},"fukaebashi":{"out":9.972145904956804,"back":9.972145904956804,"walk_out":33.24048634985601,"walk_back":33.24048634985601},"rail-006964":{"out":17.135589745026845,"back":17.135589745026845,"walk_out":57.11863248342282,"walk_back":57.11863248342282},"watanabebashi":{"out":13.839524471003722,"back":13.839524471003722,"walk_out":46.13174823667907,"walk_back":46.13174823667907},"rail-006933":{"out":18.66436421204351,"back":18.66436421204351,"walk_out":62.21454737347837,"walk_back":62.21454737347837},"rail-007154":{"out":20.92568838120797,"back":20.92568838120797,"walk_out":69.75229460402656,"walk_back":69.75229460402656},"rail-007260":{"out":7.698872449159067,"back":7.698872449159067,"walk_out":25.662908163863555,"walk_back":25.662908163863555},"rail-006824":{"out":27.555951438456773,"back":27.555951438456773,"walk_out":91.85317146152258,"walk_back":91.85317146152258},"rail-007519":{"out":27.851226777568574,"back":27.851226777568574,"walk_out":92.83742259189525,"walk_back":92.83742259189525},"rail-006807":{"out":29.691143611488727,"back":29.691143611488727,"walk_out":98.97047870496243,"walk_back":98.97047870496243},"rail-006916":{"out":28.69008029110846,"back":28.69008029110846,"walk_out":95.63360097036153,"walk_back":95.63360097036153},"fukushima":{"out":17.406264161841452,"back":17.406264161841452,"walk_out":58.020880539471506,"walk_back":58.020880539471506},"rail-007201":{"out":6.150508269827344,"back":6.150508269827344,"walk_out":20.501694232757814,"walk_back":20.501694232757814},"rail-007475":{"out":23.486599119209167,"back":23.486599119209167,"walk_out":78.28866373069722,"walk_back":78.28866373069722},"rail-007498":{"out":28.55905827883022,"back":28.55905827883022,"walk_out":95.19686092943408,"walk_back":95.19686092943408},"rail-007143":{"out":13.598155350320415,"back":13.598155350320415,"walk_out":45.32718450106805,"walk_back":45.32718450106805},"rail-007379":{"out":21.65466107458616,"back":21.65466107458616,"walk_out":72.18220358195386,"walk_back":72.18220358195386},"rail-007371":{"out":21.91514328806743,"back":21.91514328806743,"walk_out":73.05047762689144,"walk_back":73.05047762689144},"rail-007454":{"out":24.759534105693913,"back":24.759534105693913,"walk_out":82.53178035231304,"walk_back":82.53178035231304},"rail-007234":{"out":26.68763413283137,"back":26.68763413283137,"walk_out":88.95878044277123,"walk_back":88.95878044277123},"rail-007452":{"out":23.74762219439195,"back":23.74762219439195,"walk_out":79.15874064797318,"walk_back":79.15874064797318},"gamo4":{"out":6.744106049183087,"back":6.744106049183087,"walk_out":22.48035349727696,"walk_back":22.48035349727696},"rail-007477":{"out":26.3413989437878,"back":26.3413989437878,"walk_out":87.80466314595934,"walk_back":87.80466314595934},"rail-006892":{"out":25.841937874418402,"back":25.841937874418402,"walk_out":86.139792914728,"walk_back":86.139792914728},"rail-006942":{"out":20.389948102188157,"back":20.389948102188157,"walk_out":67.96649367396053,"walk_back":67.96649367396053},"nishikujo":{"out":24.618410705372813,"back":24.618410705372813,"walk_out":82.06136901790939,"walk_back":82.06136901790939},"rail-007249":{"out":16.074295513543653,"back":16.074295513543653,"walk_out":53.58098504514551,"walk_back":53.58098504514551},"rail-007476":{"out":28.33654418553657,"back":28.33654418553657,"walk_out":94.45514728512191,"walk_back":94.45514728512191},"rail-007246":{"out":18.603440658659444,"back":18.603440658659444,"walk_out":62.01146886219814,"walk_back":62.01146886219814},"tanimachi9":{"out":12.393526977131412,"back":12.393526977131412,"walk_out":41.31175659043804,"walk_back":41.31175659043804},"tanimachi6":{"out":9.19495073427007,"back":9.19495073427007,"walk_out":30.64983578090023,"walk_back":30.64983578090023},"tanimachi4":{"out":7.077021133201556,"back":7.077021133201556,"walk_out":23.590070444005185,"walk_back":23.590070444005185},"rail-007317":{"out":14.619269918757047,"back":14.619269918757047,"walk_out":48.730899729190156,"walk_back":48.730899729190156},"miyakojima":{"out":8.533759446558902,"back":8.533759446558902,"walk_out":28.445864821863008,"walk_back":28.445864821863008},"rail-007036":{"out":8.157339498682697,"back":8.157339498682697,"walk_out":27.19113166227566,"walk_back":27.19113166227566},"rail-007030":{"out":8.344795801565674,"back":8.344795801565674,"walk_out":27.815986005218914,"walk_back":27.815986005218914},"rail-007109":{"out":21.082621902519723,"back":21.082621902519723,"walk_out":70.2754063417324,"walk_back":70.2754063417324},"rail-007159":{"out":21.452781358806764,"back":21.452781358806764,"walk_out":71.50927119602255,"walk_back":71.50927119602255},"rail-007113":{"out":21.507623800096763,"back":21.507623800096763,"walk_out":71.69207933365587,"walk_back":71.69207933365587},"nagahoribashi":{"out":12.06607337616825,"back":12.06607337616825,"walk_out":40.2202445872275,"walk_back":40.2202445872275},"rail-007425":{"out":24.327516499120378,"back":24.327516499120378,"walk_out":81.0917216637346,"walk_back":81.0917216637346},"nagata":{"out":22.030398817781865,"back":22.030398817781865,"walk_out":73.43466272593955,"walk_back":73.43466272593955},"kadoma_minami":{"out":24.439457780927665,"back":24.439457780927665,"walk_out":81.46485926975889,"walk_back":81.46485926975889},"rail-006885":{"out":27.733618474392028,"back":27.733618474392028,"walk_out":92.44539491464009,"walk_back":92.44539491464009},"rail-007013":{"out":10.872392986378872,"back":10.872392986378872,"walk_out":36.24130995459624,"walk_back":36.24130995459624},"rail-007008":{"out":10.944045533877201,"back":10.944045533877201,"walk_out":36.48015177959067,"walk_back":36.48015177959067},"rail-007002":{"out":11.665263865314747,"back":11.665263865314747,"walk_out":38.88421288438249,"walk_back":38.88421288438249},"rail-007460":{"out":23.216878363014263,"back":23.216878363014263,"walk_out":77.38959454338088,"walk_back":77.38959454338088},"awaza":{"out":17.2087114177921,"back":17.2087114177921,"walk_out":57.362371392640334,"walk_back":57.362371392640334},"rail-007235":{"out":15.266324095173342,"back":15.266324095173342,"walk_out":50.887746983911136,"walk_back":50.887746983911136},"rail-007229":{"out":15.177594517806373,"back":15.177594517806373,"walk_out":50.59198172602124,"walk_back":50.59198172602124},"rail-007125":{"out":4.295128363923124,"back":4.295128363923124,"walk_out":14.317094546410413,"walk_back":14.317094546410413},"rail-007084":{"out":23.712479663683013,"back":23.712479663683013,"walk_out":79.04159887894338,"walk_back":79.04159887894338},"tsuruhashi":{"out":11.211080424551207,"back":11.211080424551207,"walk_out":37.37026808183736,"walk_back":37.37026808183736},"tsurumi":{"out":19.43648892948504,"back":19.43648892948504,"walk_out":64.7882964316168,"walk_back":64.7882964316168}}}},{"type":"Feature","geometry":{"type":"Point","coordinates":[135.5224719508704,34.61032016101561]},"properties":{"id":"osaka-info-11246","name":"大阪市立自然史博物館 特別展「大絶滅展―生命史のビッグファイブ」","venue":"大阪市立自然史博物館 ネイチャーホール(花と緑と自然の情報センター 2階)","address":"大阪市東住吉区長居公園1-23","category":"アート","date":"2026-07-17","end_date":"2026-10-12","start":null,"end":null,"schedule":"【期間】2026年7月17日 (金)～10月12日 (月・祝)【時間】9:30～17:00 (入場は16:30まで)【休館日】月曜日 (祝休日の場合は開館し、翌平日休館。ただし、8月3日、10日は開館)","url":"https://osaka-info.jp/event/daizetsumetsu-osaka/","source":"OSAKA-INFO（大阪観光局）","source_category":"展覧会 / 特別公開","source_updated":"2026-06-22","fetched_at":"2026-09-13T05:27:23.764Z","coordinate_source":"https://osaka-info.jp/event/daizetsumetsu-osaka/","fictional":false,"access":{"rail-007376":{"out":28.23278444444921,"back":28.23278444444921,"walk_out":94.10928148149736,"walk_back":94.10928148149736},"rail-007422":{"out":24.855119258779997,"back":24.855119258779997,"walk_out":82.85039752926666,"walk_back":82.85039752926666},"namba":{"out":26.135440530103143,"back":26.135440530103143,"walk_out":87.1181351003438,"walk_back":87.1181351003438},"rail-007626":{"out":17.350460244805525,"back":17.350460244805525,"walk_out":57.834867482685084,"walk_back":57.834867482685084},"rail-007693":{"out":22.436066610188263,"back":22.436066610188263,"walk_out":74.78688870062754,"walk_back":74.78688870062754},"nakamozu":{"out":24.70812052616088,"back":24.70812052616088,"walk_out":82.3604017538696,"walk_back":82.3604017538696},"kyuhoji":{"out":23.302182149333174,"back":23.302182149333174,"walk_out":77.67394049777725,"walk_back":77.67394049777725},"rail-007491":{"out":27.15955076423132,"back":27.15955076423132,"walk_out":90.53183588077107,"walk_back":90.53183588077107},"rail-007407":{"out":22.294457344514843,"back":22.294457344514843,"walk_out":74.31485781504948,"walk_back":74.31485781504948},"rail-007402":{"out":21.243282331490498,"back":21.243282331490498,"walk_out":70.81094110496832,"walk_back":70.81094110496832},"rail-007529":{"out":7.7788719355770715,"back":7.7788719355770715,"walk_out":25.929573118590234,"walk_back":25.929573118590234},"rail-007450":{"out":17.367479715741144,"back":17.367479715741144,"walk_out":57.89159905247048,"walk_back":57.89159905247048},"rail-007459":{"out":16.39080595269893,"back":16.39080595269893,"walk_out":54.636019842329766,"walk_back":54.636019842329766},"rail-007284":{"out":27.14373708776993,"back":27.14373708776993,"walk_out":90.47912362589977,"walk_back":90.47912362589977},"rail-007342":{"out":26.198728284405355,"back":26.198728284405355,"walk_out":87.32909428135119,"walk_back":87.32909428135119},"rail-007593":{"out":13.170456218081624,"back":13.170456218081624,"walk_out":43.90152072693874,"walk_back":43.90152072693874},"rail-007580":{"out":18.08164329315175,"back":18.08164329315175,"walk_out":60.27214431050584,"walk_back":60.27214431050584},"rail-007567":{"out":11.364015416759766,"back":11.364015416759766,"walk_out":37.880051389199224,"walk_back":37.880051389199224},"rail-007573":{"out":11.857929826260397,"back":11.857929826260397,"walk_out":39.52643275420132,"walk_back":39.52643275420132},"rail-007572":{"out":9.212104786375596,"back":9.212104786375596,"walk_out":30.707015954585323,"walk_back":30.707015954585323},"rail-007574":{"out":11.488603603818783,"back":11.488603603818783,"walk_out":38.29534534606261,"walk_back":38.29534534606261},"rail-007378":{"out":28.003406822069174,"back":28.003406822069174,"walk_out":93.34468940689725,"walk_back":93.34468940689725},"rail-007560":{"out":27.458747603969268,"back":27.458747603969268,"walk_out":91.52915867989756,"walk_back":91.52915867989756},"rail-007618":{"out":22.85146562573267,"back":22.85146562573267,"walk_out":76.17155208577556,"walk_back":76.17155208577556},"rail-007582":{"out":15.739953908806273,"back":15.739953908806273,"walk_out":52.466513029354246,"walk_back":52.466513029354246},"rail-007524":{"out":17.80070546054434,"back":17.80070546054434,"walk_out":59.33568486848113,"walk_back":59.33568486848113},"dobutsuen":{"out":18.119055563568303,"back":18.119055563568303,"walk_out":60.39685187856101,"walk_back":60.39685187856101},"rail-007544":{"out":16.520388154591537,"back":16.520388154591537,"walk_out":55.067960515305124,"walk_back":55.067960515305124},"rail-007485":{"out":14.146786005933793,"back":14.146786005933793,"walk_out":47.15595335311264,"walk_back":47.15595335311264},"rail-007412":{"out":22.50887833367581,"back":22.50887833367581,"walk_out":75.02959444558604,"walk_back":75.02959444558604},"rail-007502":{"out":9.942094323594173,"back":9.942094323594173,"walk_out":33.140314411980576,"walk_back":33.140314411980576},"rail-007522":{"out":9.782526524929573,"back":9.782526524929573,"walk_out":32.60842174976524,"walk_back":32.60842174976524},"rail-007647":{"out":12.57449383619115,"back":12.57449383619115,"walk_out":41.9149794539705,"walk_back":41.9149794539705},"rail-007462":{"out":18.31010337698983,"back":18.31010337698983,"walk_out":61.03367792329943,"walk_back":61.03367792329943},"rail-007570":{"out":28.08238254937694,"back":28.08238254937694,"walk_out":93.60794183125647,"walk_back":93.60794183125647},"rail-007531":{"out":6.803538063118934,"back":6.803538063118934,"walk_out":22.678460210396445,"walk_back":22.678460210396445},"rail-007581":{"out":10.853980284060006,"back":10.853980284060006,"walk_out":36.179934280200015,"walk_back":36.179934280200015},"rail-007268":{"out":29.821799428069,"back":29.821799428069,"walk_out":99.40599809356333,"walk_back":99.40599809356333},"rail-007382":{"out":21.603342819380785,"back":21.603342819380785,"walk_out":72.01114273126929,"walk_back":72.01114273126929},"rail-007649":{"out":23.429621683382525,"back":23.429621683382525,"walk_out":78.09873894460841,"walk_back":78.09873894460841},"rail-007660":{"out":16.955481770507365,"back":16.955481770507365,"walk_out":56.51827256835788,"walk_back":56.51827256835788},"rail-007667":{"out":20.565342269119665,"back":20.565342269119665,"walk_out":68.55114089706555,"walk_back":68.55114089706555},"rail-007534":{"out":11.775539021254955,"back":11.775539021254955,"walk_out":39.251796737516514,"walk_back":39.251796737516514},"rail-007622":{"out":14.817168404138117,"back":14.817168404138117,"walk_out":49.39056134712706,"walk_back":49.39056134712706},"rail-007395":{"out":22.3445488889858,"back":22.3445488889858,"walk_out":74.48182962995267,"walk_back":74.48182962995267},"rail-007654":{"out":22.37783589691732,"back":22.37783589691732,"walk_out":74.59278632305772,"walk_back":74.59278632305772},"taisho":{"out":29.056982562640677,"back":29.056982562640677,"walk_out":96.85660854213559,"walk_back":96.85660854213559},"uehommachi":{"out":24.535471850963457,"back":24.535471850963457,"walk_out":81.78490616987818,"walk_back":81.78490616987818},"rail-007451":{"out":15.970987013164903,"back":15.970987013164903,"walk_out":53.23662337721635,"walk_back":53.23662337721635},"rail-007483":{"out":15.108822923841226,"back":15.108822923841226,"walk_out":50.362743079470754,"walk_back":50.362743079470754},"tennoji":{"out":16.24810530800915,"back":16.24810530800915,"walk_out":54.16035102669717,"walk_back":54.16035102669717},"rail-007447":{"out":16.341726741536547,"back":16.341726741536547,"walk_out":54.47242247178849,"walk_back":54.47242247178849},"rail-007515":{"out":12.35539676477389,"back":12.35539676477389,"walk_out":41.18465588257963,"walk_back":41.18465588257963},"rail-007646":{"out":19.922108599244638,"back":19.922108599244638,"walk_out":66.4070286641488,"walk_back":66.4070286641488},"rail-007532":{"out":9.35321569729724,"back":9.35321569729724,"walk_out":31.177385657657467,"walk_back":31.177385657657467},"rail-007592":{"out":12.049873585980817,"back":12.049873585980817,"walk_out":40.166245286602724,"walk_back":40.166245286602724},"rail-007666":{"out":23.850771641635937,"back":23.850771641635937,"walk_out":79.50257213878645,"walk_back":79.50257213878645},"rail-007673":{"out":25.378535263624265,"back":25.378535263624265,"walk_out":84.59511754541421,"walk_back":84.59511754541421},"rail-007434":{"out":16.737656513347673,"back":16.737656513347673,"walk_out":55.792188377825575,"walk_back":55.792188377825575},"rail-007368":{"out":25.844495277870426,"back":25.844495277870426,"walk_out":86.14831759290142,"walk_back":86.14831759290142},"rail-007493":{"out":14.931320790934167,"back":14.931320790934167,"walk_out":49.77106930311389,"walk_back":49.77106930311389},"rail-007517":{"out":12.628188867600208,"back":12.628188867600208,"walk_out":42.0939628920007,"walk_back":42.0939628920007},"rail-007657":{"out":15.720118309113696,"back":15.720118309113696,"walk_out":52.400394363712316,"walk_back":52.400394363712316},"fuse":{"out":28.24986649392741,"back":28.24986649392741,"walk_out":94.1662216464247,"walk_back":94.1662216464247},"rail-007538":{"out":10.233301922604413,"back":10.233301922604413,"walk_out":34.11100640868138,"walk_back":34.11100640868138},"rail-007547":{"out":9.163277666138978,"back":9.163277666138978,"walk_out":30.544258887129928,"walk_back":30.544258887129928},"rail-007559":{"out":9.19158007670416,"back":9.19158007670416,"walk_out":30.63860025568053,"walk_back":30.63860025568053},"rail-007575":{"out":23.40014781757447,"back":23.40014781757447,"walk_out":78.00049272524824,"walk_back":78.00049272524824},"rail-007505":{"out":13.895813538631344,"back":13.895813538631344,"walk_out":46.31937846210448,"walk_back":46.31937846210448},"rail-007546":{"out":10.709075487214555,"back":10.709075487214555,"walk_out":35.69691829071519,"walk_back":35.69691829071519},"rail-007468":{"out":26.233733761421494,"back":26.233733761421494,"walk_out":87.44577920473832,"walk_back":87.44577920473832},"rail-007682":{"out":26.953479414740766,"back":26.953479414740766,"walk_out":89.84493138246921,"walk_back":89.84493138246921},"shinsaibashi":{"out":29.629243005142573,"back":29.629243005142573,"walk_out":98.76414335047525,"walk_back":98.76414335047525},"rail-007674":{"out":24.64095247422855,"back":24.64095247422855,"walk_out":82.1365082474285,"walk_back":82.1365082474285},"rail-007399":{"out":20.31954856459467,"back":20.31954856459467,"walk_out":67.73182854864889,"walk_back":67.73182854864889},"rail-007611":{"out":6.1494495480977545,"back":6.1494495480977545,"walk_out":20.49816516032585,"walk_back":20.49816516032585},"rail-007609":{"out":10.420908303305058,"back":10.420908303305058,"walk_out":34.73636101101686,"walk_back":34.73636101101686},"rail-007595":{"out":6.685324806205982,"back":6.685324806205982,"walk_out":22.284416020686603,"walk_back":22.284416020686603},"rail-007607":{"out":13.127422216524977,"back":13.127422216524977,"walk_out":43.758074055083256,"walk_back":43.758074055083256},"rail-007486":{"out":11.44929838975784,"back":11.44929838975784,"walk_out":38.16432796585947,"walk_back":38.16432796585947},"shinimamiya":{"out":19.164654874784752,"back":19.164654874784752,"walk_out":63.88218291594917,"walk_back":63.88218291594917},"rail-007427":{"out":18.788126866094046,"back":18.788126866094046,"walk_out":62.62708955364681,"walk_back":62.62708955364681},"rail-007523":{"out":18.318649479832768,"back":18.318649479832768,"walk_out":61.06216493277589,"walk_back":61.06216493277589},"rail-007297":{"out":28.236357096116773,"back":28.236357096116773,"walk_out":94.12119032038925,"walk_back":94.12119032038925},"rail-007690":{"out":18.91890993180961,"back":18.91890993180961,"walk_out":63.06303310603202,"walk_back":63.06303310603202},"nipponbashi":{"out":25.715010543404755,"back":25.715010543404755,"walk_out":85.71670181134918,"walk_back":85.71670181134918},"rail-007499":{"out":10.281834499604445,"back":10.281834499604445,"walk_out":34.27278166534815,"walk_back":34.27278166534815},"rail-007406":{"out":24.42308043695909,"back":24.42308043695909,"walk_out":81.41026812319697,"walk_back":81.41026812319697},"rail-007623":{"out":10.487793459724228,"back":10.487793459724228,"walk_out":34.95931153241409,"walk_back":34.95931153241409},"rail-007500":{"out":11.1155670352426,"back":11.1155670352426,"walk_out":37.05189011747534,"walk_back":37.05189011747534},"rail-007699":{"out":29.810668472103615,"back":29.810668472103615,"walk_out":99.36889490701205,"walk_back":99.36889490701205},"rail-007525":{"out":12.176056842371004,"back":12.176056842371004,"walk_out":40.58685614123668,"walk_back":40.58685614123668},"rail-007553":{"out":11.490200840565395,"back":11.490200840565395,"walk_out":38.30066946855131,"walk_back":38.30066946855131},"rail-007479":{"out":13.547780692201924,"back":13.547780692201924,"walk_out":45.15926897400641,"walk_back":45.15926897400641},"rail-007250":{"out":29.219934431615584,"back":29.219934431615584,"walk_out":97.39978143871862,"walk_back":97.39978143871862},"rail-007472":{"out":15.172525578850728,"back":15.172525578850728,"walk_out":50.575085262835756,"walk_back":50.575085262835756},"rail-007487":{"out":12.1094542774744,"back":12.1094542774744,"walk_out":40.36484759158133,"walk_back":40.36484759158133},"rail-007380":{"out":21.538011059963893,"back":21.538011059963893,"walk_out":71.79337019987965,"walk_back":71.79337019987965},"sakuragawa":{"out":29.000137602887815,"back":29.000137602887815,"walk_out":96.66712534295938,"walk_back":96.66712534295938},"rail-007303":{"out":28.730996547019497,"back":28.730996547019497,"walk_out":95.76998849006499,"walk_back":95.76998849006499},"rail-007587":{"out":9.537484203703618,"back":9.537484203703618,"walk_out":31.7916140123454,"walk_back":31.7916140123454},"rail-007639":{"out":11.919180904053988,"back":11.919180904053988,"walk_out":39.73060301351329,"walk_back":39.73060301351329},"rail-007668":{"out":20.090275423059644,"back":20.090275423059644,"walk_out":66.96758474353216,"walk_back":66.96758474353216},"rail-007470":{"out":13.67453873926957,"back":13.67453873926957,"walk_out":45.581795797565235,"walk_back":45.581795797565235},"rail-007442":{"out":21.762677582827834,"back":21.762677582827834,"walk_out":72.54225860942611,"walk_back":72.54225860942611},"rail-007641":{"out":13.32044980981728,"back":13.32044980981728,"walk_out":44.4014993660576,"walk_back":44.4014993660576},"rail-007630":{"out":14.713364130289149,"back":14.713364130289149,"walk_out":49.044547100963825,"walk_back":49.044547100963825},"rail-007683":{"out":28.869598675254323,"back":28.869598675254323,"walk_out":96.23199558418108,"walk_back":96.23199558418108},"rail-007533":{"out":13.21091877246358,"back":13.21091877246358,"walk_out":44.03639590821194,"walk_back":44.03639590821194},"rail-007260":{"out":28.36663953428925,"back":28.36663953428925,"walk_out":94.5554651142975,"walk_back":94.5554651142975},"rail-007519":{"out":8.182833212299968,"back":8.182833212299968,"walk_out":27.27611070766656,"walk_back":27.27611070766656},"rail-007733":{"out":26.990490352936458,"back":26.990490352936458,"walk_out":89.96830117645486,"walk_back":89.96830117645486},"rail-007709":{"out":26.065196645226,"back":26.065196645226,"walk_out":86.88398881742,"walk_back":86.88398881742},"rail-007704":{"out":23.73964933684418,"back":23.73964933684418,"walk_out":79.13216445614727,"walk_back":79.13216445614727},"rail-007590":{"out":4.310891508855714,"back":4.310891508855714,"walk_out":14.36963836285238,"walk_back":14.36963836285238},"rail-007564":{"out":9.732945722475593,"back":9.732945722475593,"walk_out":32.443152408251976,"walk_back":32.443152408251976},"rail-007640":{"out":18.926666845702577,"back":18.926666845702577,"walk_out":63.08888948567525,"walk_back":63.08888948567525},"rail-007554":{"out":11.789355699330056,"back":11.789355699330056,"walk_out":39.29785233110019,"walk_back":39.29785233110019},"rail-007579":{"out":11.465600171127848,"back":11.465600171127848,"walk_out":38.21866723709282,"walk_back":38.21866723709282},"rail-007635":{"out":17.494034607672944,"back":17.494034607672944,"walk_out":58.31344869224315,"walk_back":58.31344869224315},"rail-007475":{"out":12.600757498615405,"back":12.600757498615405,"walk_out":42.00252499538468,"walk_back":42.00252499538468},"rail-007498":{"out":13.160416475399215,"back":13.160416475399215,"walk_out":43.868054917997384,"walk_back":43.868054917997384},"rail-007379":{"out":24.677992683507533,"back":24.677992683507533,"walk_out":82.25997561169177,"walk_back":82.25997561169177},"rail-007371":{"out":25.959827395635173,"back":25.959827395635173,"walk_out":86.53275798545057,"walk_back":86.53275798545057},"rail-007454":{"out":17.808793699418555,"back":17.808793699418555,"walk_out":59.36264566472851,"walk_back":59.36264566472851},"rail-007650":{"out":20.959091389015597,"back":20.959091389015597,"walk_out":69.86363796338532,"walk_back":69.86363796338532},"rail-007452":{"out":17.876676766223728,"back":17.876676766223728,"walk_out":59.5889225540791,"walk_back":59.5889225540791},"rail-007477":{"out":20.57731622560453,"back":20.57731622560453,"walk_out":68.59105408534843,"walk_back":68.59105408534843},"rail-007476":{"out":17.50269304806321,"back":17.50269304806321,"walk_out":58.3423101602107,"walk_back":58.3423101602107},"rail-007540":{"out":5.703395547369881,"back":5.703395547369881,"walk_out":19.011318491232938,"walk_back":19.011318491232938},"tanimachi9":{"out":25.355526870694167,"back":25.355526870694167,"walk_out":84.51842290231389,"walk_back":84.51842290231389},"tanimachi6":{"out":28.927117304443616,"back":28.927117304443616,"walk_out":96.42372434814538,"walk_back":96.42372434814538},"rail-007317":{"out":25.825502017705617,"back":25.825502017705617,"walk_out":86.08500672568539,"walk_back":86.08500672568539},"rail-007562":{"out":4.89285458613364,"back":4.89285458613364,"walk_out":16.309515287112134,"walk_back":16.309515287112134},"rail-007594":{"out":19.09654315788083,"back":19.09654315788083,"walk_out":63.65514385960277,"walk_back":63.65514385960277},"nagahoribashi":{"out":29.491848949336443,"back":29.491848949336443,"walk_out":98.3061631644548,"walk_back":98.3061631644548},"nagai":{"out":3.176005964671774,"back":3.176005964671774,"walk_out":10.586686548905913,"walk_back":10.586686548905913},"rail-007425":{"out":26.766063823223227,"back":26.766063823223227,"walk_out":89.22021274407743,"walk_back":89.22021274407743},"rail-007460":{"out":14.5271526182947,"back":14.5271526182947,"walk_out":48.42384206098233,"walk_back":48.42384206098233},"rail-007543":{"out":6.256377693065026,"back":6.256377693065026,"walk_out":20.854592310216756,"walk_back":20.854592310216756},"rail-007669":{"out":17.847435920658043,"back":17.847435920658043,"walk_out":59.491453068860146,"walk_back":59.491453068860146},"rail-007628":{"out":16.23786953193827,"back":16.23786953193827,"walk_out":54.126231773127564,"walk_back":54.126231773127564},"rail-007679":{"out":28.537037219395284,"back":28.537037219395284,"walk_out":95.12345739798428,"walk_back":95.12345739798428},"rail-007556":{"out":3.9510567431426855,"back":3.9510567431426855,"walk_out":13.170189143808953,"walk_back":13.170189143808953},"tsuruhashi":{"out":24.823059100725356,"back":24.823059100725356,"walk_out":82.74353033575119,"walk_back":82.74353033575119}}}},{"type":"Feature","geometry":{"type":"Point","coordinates":[135.49674681533952,34.6617665812304]},"properties":{"id":"osaka-info-11226","name":"難波八阪神社 綱引神事","venue":"難波八阪神社および周辺","address":"大阪市浪速区元町2-9-19","category":"伝統行事","date":"2027-01-17","end_date":"2027-01-17","start":null,"end":null,"schedule":"1月第3日曜日8:00～ 斎行（正午頃、終了）","url":"https://osaka-info.jp/event/nambayasaka-tsunahikishinji/","source":"OSAKA-INFO（大阪観光局）","source_category":"伝統行事","source_updated":"2026-06-11","fetched_at":"2026-09-13T05:27:23.764Z","coordinate_source":"https://osaka-info.jp/event/nambayasaka-tsunahikishinji/","fictional":false,"access":{"rail-007376":{"out":27.741684789471012,"back":27.741684789471012,"walk_out":92.47228263157004,"walk_back":92.47228263157004},"rail-007344":{"out":27.66911681035447,"back":27.66911681035447,"walk_out":92.23038936784823,"walk_back":92.23038936784823},"rail-007041":{"out":25.856193777697527,"back":25.856193777697527,"walk_out":86.18731259232509,"walk_back":86.18731259232509},"rail-007422":{"out":27.430512002429495,"back":27.430512002429495,"walk_out":91.43504000809833,"walk_back":91.43504000809833},"naniwabashi":{"out":14.183290070583142,"back":14.183290070583142,"walk_out":47.277633568610476,"walk_back":47.277633568610476},"namba":{"out":2.3431781714528706,"back":2.3431781714528706,"walk_out":7.810593904842903,"walk_back":7.810593904842903},"rail-007283":{"out":7.599210245296387,"back":7.599210245296387,"walk_out":25.330700817654623,"walk_back":25.330700817654623},"rail-007280":{"out":7.540967741826706,"back":7.540967741826706,"walk_out":25.136559139422353,"walk_back":25.136559139422353},"rail-007552":{"out":29.469965643771253,"back":29.469965643771253,"walk_out":98.23321881257084,"walk_back":98.23321881257084},"rail-007507":{"out":28.333375820742937,"back":28.333375820742937,"walk_out":94.44458606914313,"walk_back":94.44458606914313},"rail-007300":{"out":21.455328448120913,"back":21.455328448120913,"walk_out":71.51776149373637,"walk_back":71.51776149373637},"nakanoshima":{"out":13.699678361073753,"back":13.699678361073753,"walk_out":45.66559453691251,"walk_back":45.66559453691251},"rail-007040":{"out":20.454857398688702,"back":20.454857398688702,"walk_out":68.182857995629,"walk_back":68.182857995629},"rail-007016":{"out":21.45331616400139,"back":21.45331616400139,"walk_out":71.51105388000464,"walk_back":71.51105388000464},"kujo":{"out":9.672765872412917,"back":9.672765872412917,"walk_out":32.24255290804306,"walk_back":32.24255290804306},"kyobashi":{"out":20.678426570672844,"back":20.678426570672844,"walk_out":68.92808856890947,"walk_back":68.92808856890947},"rail-007407":{"out":3.7498576156499355,"back":3.7498576156499355,"walk_out":12.499525385499785,"walk_back":12.499525385499785},"rail-007402":{"out":3.5326815065652792,"back":3.5326815065652792,"walk_out":11.775605021884264,"walk_back":11.775605021884264},"rail-007529":{"out":20.167989051913153,"back":20.167989051913153,"walk_out":67.22663017304384,"walk_back":67.22663017304384},"rail-007450":{"out":7.445443704601826,"back":7.445443704601826,"walk_out":24.818145682006087,"walk_back":24.818145682006087},"rail-007070":{"out":29.347306866881887,"back":29.347306866881887,"walk_out":97.82435622293961,"walk_back":97.82435622293961},"rail-007459":{"out":8.55490929241461,"back":8.55490929241461,"walk_out":28.5163643080487,"walk_back":28.5163643080487},"rail-007284":{"out":17.608235060120386,"back":17.608235060120386,"walk_out":58.694116867067955,"walk_back":58.694116867067955},"rail-007342":{"out":19.49345995194938,"back":19.49345995194938,"walk_out":64.97819983983126,"walk_back":64.97819983983126},"rail-007156":{"out":20.548311113313126,"back":20.548311113313126,"walk_out":68.49437037771042,"walk_back":68.49437037771042},"rail-007593":{"out":25.375043022615667,"back":25.375043022615667,"walk_out":84.58347674205223,"walk_back":84.58347674205223},"rail-007580":{"out":25.06921612001595,"back":25.06921612001595,"walk_out":83.56405373338649,"walk_back":83.56405373338649},"rail-007567":{"out":21.351004707301662,"back":21.351004707301662,"walk_out":71.17001569100555,"walk_back":71.17001569100555},"rail-007573":{"out":22.010427170485848,"back":22.010427170485848,"walk_out":73.36809056828616,"walk_back":73.36809056828616},"rail-007572":{"out":21.530229905508158,"back":21.530229905508158,"walk_out":71.76743301836053,"walk_back":71.76743301836053},"rail-007574":{"out":21.987343991625984,"back":21.987343991625984,"walk_out":73.29114663875328,"walk_back":73.29114663875328},"rail-007378":{"out":27.42712579770014,"back":27.42712579770014,"walk_out":91.42375265900047,"walk_back":91.42375265900047},"rail-007037":{"out":29.82624632668837,"back":29.82624632668837,"walk_out":99.42082108896123,"walk_back":99.42082108896123},"rail-007524":{"out":29.94719027979304,"back":29.94719027979304,"walk_out":99.82396759931014,"walk_back":99.82396759931014},"dobutsuen":{"out":6.626190318689217,"back":6.626190318689217,"walk_out":22.08730106229739,"walk_back":22.08730106229739},"rail-007544":{"out":19.09287591830778,"back":19.09287591830778,"walk_out":63.6429197276926,"walk_back":63.6429197276926},"rail-007485":{"out":11.390657449406858,"back":11.390657449406858,"walk_out":37.96885816468952,"walk_back":37.96885816468952},"rail-007412":{"out":21.64503548221612,"back":21.64503548221612,"walk_out":72.15011827405374,"walk_back":72.15011827405374},"rail-007085":{"out":16.283464029662166,"back":16.283464029662166,"walk_out":54.27821343220722,"walk_back":54.27821343220722},"kitahama":{"out":13.808903847364874,"back":13.808903847364874,"walk_out":46.02967949121625,"walk_back":46.02967949121625},"rail-007502":{"out":17.711463656996692,"back":17.711463656996692,"walk_out":59.038212189988975,"walk_back":59.038212189988975},"rail-007522":{"out":15.659962252474658,"back":15.659962252474658,"walk_out":52.199874174915536,"walk_back":52.199874174915536},"juso":{"out":26.555887231384876,"back":26.555887231384876,"walk_out":88.51962410461626,"walk_back":88.51962410461626},"rail-007014":{"out":29.285246758099362,"back":29.285246758099362,"walk_out":97.61748919366454,"walk_back":97.61748919366454},"rail-007177":{"out":17.70834894816112,"back":17.70834894816112,"walk_out":59.02782982720373,"walk_back":59.02782982720373},"rail-007462":{"out":22.304804431306078,"back":22.304804431306078,"walk_out":74.3493481043536,"walk_back":74.3493481043536},"rail-006948":{"out":28.456036848572207,"back":28.456036848572207,"walk_out":94.85345616190736,"walk_back":94.85345616190736},"minamimorimachi":{"out":16.741961128192823,"back":16.741961128192823,"walk_out":55.806537093976075,"walk_back":55.806537093976075},"rail-007570":{"out":28.308256616040445,"back":28.308256616040445,"walk_out":94.36085538680149,"walk_back":94.36085538680149},"rail-007531":{"out":18.365455385298578,"back":18.365455385298578,"walk_out":61.21818461766193,"walk_back":61.21818461766193},"rail-007268":{"out":5.41449714793234,"back":5.41449714793234,"walk_out":18.048323826441134,"walk_back":18.048323826441134},"rail-007382":{"out":6.552111167506816,"back":6.552111167506816,"walk_out":21.840370558356057,"walk_back":21.840370558356057},"rail-007190":{"out":9.711105503953108,"back":9.711105503953108,"walk_out":32.370351679843694,"walk_back":32.370351679843694},"rail-007009":{"out":24.853858148688012,"back":24.853858148688012,"walk_out":82.84619382896004,"walk_back":82.84619382896004},"rail-007534":{"out":17.013736559239103,"back":17.013736559239103,"walk_out":56.712455197463676,"walk_back":56.712455197463676},"rail-007395":{"out":2.4674934629335357,"back":2.4674934629335357,"walk_out":8.224978209778453,"walk_back":8.224978209778453},"taisho":{"out":6.351120983977491,"back":6.351120983977491,"walk_out":21.170403279924972,"walk_back":21.170403279924972},"oe_bridge":{"out":14.578977446406855,"back":14.578977446406855,"walk_out":48.59659148802285,"walk_back":48.59659148802285},"osaka_business":{"out":18.03153811154683,"back":18.03153811154683,"walk_out":60.10512703848943,"walk_back":60.10512703848943},"osaka":{"out":17.970800883762365,"back":17.970800883762365,"walk_out":59.90266961254122,"walk_back":59.90266961254122},"uehommachi":{"out":9.136179000195392,"back":9.136179000195392,"walk_out":30.453930000651305,"walk_back":30.453930000651305},"rail-007164":{"out":17.998117335368498,"back":17.998117335368498,"walk_out":59.993724451228324,"walk_back":59.993724451228324},"rail-007107":{"out":17.928128921246635,"back":17.928128921246635,"walk_out":59.760429737488785,"walk_back":59.760429737488785},"rail-007090":{"out":16.978247725889304,"back":16.978247725889304,"walk_out":56.59415908629768,"walk_back":56.59415908629768},"osakako":{"out":23.10522074587606,"back":23.10522074587606,"walk_out":77.01740248625353,"walk_back":77.01740248625353},"rail-007451":{"out":9.684197070137035,"back":9.684197070137035,"walk_out":32.28065690045678,"walk_back":32.28065690045678},"rail-007483":{"out":11.000437489103627,"back":11.000437489103627,"walk_out":36.66812496367876,"walk_back":36.66812496367876},"temma":{"out":20.034832384765483,"back":20.034832384765483,"walk_out":66.78277461588495,"walk_back":66.78277461588495},"temmabashi":{"out":14.603610568353512,"back":14.603610568353512,"walk_out":48.678701894511704,"walk_back":48.678701894511704},"tennoji":{"out":9.479199474664933,"back":9.479199474664933,"walk_out":31.59733158221644,"walk_back":31.59733158221644},"rail-007447":{"out":9.118883796637395,"back":9.118883796637395,"walk_out":30.396279322124645,"walk_back":30.396279322124645},"rail-007515":{"out":14.493619542795223,"back":14.493619542795223,"walk_out":48.312065142650745,"walk_back":48.312065142650745},"tenroku":{"out":21.998087838138154,"back":21.998087838138154,"walk_out":73.32695946046051,"walk_back":73.32695946046051},"rail-007057":{"out":23.61361169939435,"back":23.61361169939435,"walk_out":78.71203899798117,"walk_back":78.71203899798117},"rail-007532":{"out":16.917425515968006,"back":16.917425515968006,"walk_out":56.39141838656002,"walk_back":56.39141838656002},"rail-007275":{"out":20.021608830248738,"back":20.021608830248738,"walk_out":66.73869610082913,"walk_back":66.73869610082913},"rail-007592":{"out":25.16227014300041,"back":25.16227014300041,"walk_out":83.87423381000137,"walk_back":83.87423381000137},"rail-007434":{"out":11.590843523385722,"back":11.590843523385722,"walk_out":38.636145077952406,"walk_back":38.636145077952406},"rail-007368":{"out":21.776985361220614,"back":21.776985361220614,"walk_out":72.58995120406871,"walk_back":72.58995120406871},"rail-007493":{"out":12.308392610184372,"back":12.308392610184372,"walk_out":41.02797536728124,"walk_back":41.02797536728124},"rail-007517":{"out":14.726857541045396,"back":14.726857541045396,"walk_out":49.08952513681798,"walk_back":49.08952513681798},"fuse":{"out":24.468148789036704,"back":24.468148789036704,"walk_out":81.56049596345568,"walk_back":81.56049596345568},"rail-007538":{"out":17.719345933551093,"back":17.719345933551093,"walk_out":59.06448644517031,"walk_back":59.06448644517031},"rail-007547":{"out":18.3863259506743,"back":18.3863259506743,"walk_out":61.28775316891434,"walk_back":61.28775316891434},"rail-007559":{"out":19.654027738764213,"back":19.654027738764213,"walk_out":65.5134257958807,"walk_back":65.5134257958807},"rail-007575":{"out":26.70985401441244,"back":26.70985401441244,"walk_out":89.03284671470813,"walk_back":89.03284671470813},"rail-007505":{"out":24.141597103649236,"back":24.141597103649236,"walk_out":80.47199034549746,"walk_back":80.47199034549746},"rail-007546":{"out":26.235860823202295,"back":26.235860823202295,"walk_out":87.45286941067432,"walk_back":87.45286941067432},"bentencho":{"out":13.238628066289236,"back":13.238628066289236,"walk_out":44.12876022096412,"walk_back":44.12876022096412},"rail-007011":{"out":27.19305276861656,"back":27.19305276861656,"walk_out":90.64350922872187,"walk_back":90.64350922872187},"shinsaibashi":{"out":5.771204558144683,"back":5.771204558144683,"walk_out":19.237348527148946,"walk_back":19.237348527148946},"rail-007399":{"out":4.687852144898099,"back":4.687852144898099,"walk_out":15.626173816326997,"walk_back":15.626173816326997},"rail-007611":{"out":28.516839649995628,"back":28.516839649995628,"walk_out":95.05613216665209,"walk_back":95.05613216665209},"rail-007609":{"out":27.463725233279426,"back":27.463725233279426,"walk_out":91.54575077759809,"walk_back":91.54575077759809},"rail-007595":{"out":26.72062044682918,"back":26.72062044682918,"walk_out":89.06873482276394,"walk_back":89.06873482276394},"rail-007607":{"out":27.50196296418096,"back":27.50196296418096,"walk_out":91.6732098806032,"walk_back":91.6732098806032},"rail-007061":{"out":19.404899379966565,"back":19.404899379966565,"walk_out":64.68299793322188,"walk_back":64.68299793322188},"rail-007162":{"out":26.942199307291194,"back":26.942199307291194,"walk_out":89.80733102430398,"walk_back":89.80733102430398},"rail-007486":{"out":13.970983577946432,"back":13.970983577946432,"walk_out":46.569945259821445,"walk_back":46.569945259821445},"shinimamiya":{"out":5.589149759497929,"back":5.589149759497929,"walk_out":18.630499198326433,"walk_back":18.630499198326433},"rail-007427":{"out":5.958410714730767,"back":5.958410714730767,"walk_out":19.861369049102557,"walk_back":19.861369049102557},"rail-007297":{"out":21.21461078932465,"back":21.21461078932465,"walk_out":70.71536929774884,"walk_back":70.71536929774884},"rail-007104":{"out":15.286514568098832,"back":15.286514568098832,"walk_out":50.955048560329445,"walk_back":50.955048560329445},"nipponbashi":{"out":4.047302000574217,"back":4.047302000574217,"walk_out":13.491006668580724,"walk_back":13.491006668580724},"rail-007499":{"out":14.774615619906315,"back":14.774615619906315,"walk_out":49.24871873302105,"walk_back":49.24871873302105},"rail-007370":{"out":17.58513979154387,"back":17.58513979154387,"walk_out":58.61713263847957,"walk_back":58.61713263847957},"rail-007406":{"out":5.914710122115808,"back":5.914710122115808,"walk_out":19.715700407052694,"walk_back":19.715700407052694},"hommachi":{"out":9.04696732838109,"back":9.04696732838109,"walk_out":30.1565577612703,"walk_back":30.1565577612703},"rail-007500":{"out":13.705949322670703,"back":13.705949322670703,"walk_out":45.68649774223568,"walk_back":45.68649774223568},"rail-007525":{"out":15.528395881029876,"back":15.528395881029876,"walk_out":51.76131960343292,"walk_back":51.76131960343292},"rail-007553":{"out":19.423868519847208,"back":19.423868519847208,"walk_out":64.74622839949069,"walk_back":64.74622839949069},"rail-007479":{"out":18.30892842625917,"back":18.30892842625917,"walk_out":61.02976142086389,"walk_back":61.02976142086389},"rail-007250":{"out":8.401887213567603,"back":8.401887213567603,"walk_out":28.00629071189201,"walk_back":28.00629071189201},"rail-007472":{"out":10.038339007018536,"back":10.038339007018536,"walk_out":33.461130023395114,"walk_back":33.461130023395114},"rail-007487":{"out":12.63386018032595,"back":12.63386018032595,"walk_out":42.11286726775317,"walk_back":42.11286726775317},"rail-007380":{"out":11.524228924487595,"back":11.524228924487595,"walk_out":38.41409641495865,"walk_back":38.41409641495865},"sakuranomiya":{"out":21.186809662502313,"back":21.186809662502313,"walk_out":70.62269887500771,"walk_back":70.62269887500771},"rail-007364":{"out":23.539803437340883,"back":23.539803437340883,"walk_out":78.46601145780294,"walk_back":78.46601145780294},"sakuragawa":{"out":4.770916744703892,"back":4.770916744703892,"walk_out":15.90305581567964,"walk_back":15.90305581567964},"morinomiya":{"out":15.68497622663384,"back":15.68497622663384,"walk_out":52.28325408877946,"walk_back":52.28325408877946},"rail-007303":{"out":4.646977473026477,"back":4.646977473026477,"walk_out":15.489924910088257,"walk_back":15.489924910088257},"rail-007587":{"out":24.659368913711926,"back":24.659368913711926,"walk_out":82.19789637903975,"walk_back":82.19789637903975},"rail-007345":{"out":27.969177239023647,"back":27.969177239023647,"walk_out":93.23059079674549,"walk_back":93.23059079674549},"rail-007470":{"out":13.649058226247304,"back":13.649058226247304,"walk_out":45.49686075415768,"walk_back":45.49686075415768},"rail-007442":{"out":8.190325112337291,"back":8.190325112337291,"walk_out":27.30108370779097,"walk_back":27.30108370779097},"rail-007102":{"out":17.398057944113805,"back":17.398057944113805,"walk_out":57.99352648037935,"walk_back":57.99352648037935},"yodoyabashi":{"out":13.227756918641118,"back":13.227756918641118,"walk_out":44.09252306213706,"walk_back":44.09252306213706},"rail-007097":{"out":19.172672475594194,"back":19.172672475594194,"walk_out":63.90890825198065,"walk_back":63.90890825198065},"fukaebashi":{"out":23.313651424110294,"back":23.313651424110294,"walk_out":77.71217141370097,"walk_back":77.71217141370097},"watanabebashi":{"out":14.360106985289454,"back":14.360106985289454,"walk_out":47.86702328429818,"walk_back":47.86702328429818},"rail-007533":{"out":16.915685172309978,"back":16.915685172309978,"walk_out":56.38561724103326,"walk_back":56.38561724103326},"rail-007154":{"out":14.350447225400009,"back":14.350447225400009,"walk_out":47.83482408466669,"walk_back":47.83482408466669},"rail-007260":{"out":14.212630931755612,"back":14.212630931755612,"walk_out":47.37543643918538,"walk_back":47.37543643918538},"rail-007519":{"out":18.06638699021508,"back":18.06638699021508,"walk_out":60.22128996738359,"walk_back":60.22128996738359},"rail-007590":{"out":28.158798953737193,"back":28.158798953737193,"walk_out":93.86266317912398,"walk_back":93.86266317912398},"rail-007564":{"out":20.43168749449224,"back":20.43168749449224,"walk_out":68.1056249816408,"walk_back":68.1056249816408},"rail-007077":{"out":26.015679330738653,"back":26.015679330738653,"walk_out":86.71893110246218,"walk_back":86.71893110246218},"fukushima":{"out":16.18420371493129,"back":16.18420371493129,"walk_out":53.94734571643763,"walk_back":53.94734571643763},"rail-007554":{"out":19.51476680710097,"back":19.51476680710097,"walk_out":65.04922269033656,"walk_back":65.04922269033656},"rail-007579":{"out":23.243836507311322,"back":23.243836507311322,"walk_out":77.47945502437108,"walk_back":77.47945502437108},"rail-007201":{"out":19.57072956818936,"back":19.57072956818936,"walk_out":65.23576522729786,"walk_back":65.23576522729786},"rail-007475":{"out":14.273595970257976,"back":14.273595970257976,"walk_out":47.578653234193254,"walk_back":47.578653234193254},"rail-007498":{"out":12.808877269198742,"back":12.808877269198742,"walk_out":42.69625756399581,"walk_back":42.69625756399581},"rail-007143":{"out":13.098821695507679,"back":13.098821695507679,"walk_out":43.6627389850256,"walk_back":43.6627389850256},"rail-007379":{"out":3.1078054730174047,"back":3.1078054730174047,"walk_out":10.359351576724682,"walk_back":10.359351576724682},"rail-007371":{"out":3.863416761012726,"back":3.863416761012726,"walk_out":12.878055870042422,"walk_back":12.878055870042422},"rail-007454":{"out":7.811377668064109,"back":7.811377668064109,"walk_out":26.037925560213697,"walk_back":26.037925560213697},"rail-007452":{"out":7.244204735303686,"back":7.244204735303686,"walk_out":24.147349117678953,"walk_back":24.147349117678953},"gamo4":{"out":25.38988449202827,"back":25.38988449202827,"walk_out":84.6329483067609,"walk_back":84.6329483067609},"rail-007477":{"out":27.76348326693773,"back":27.76348326693773,"walk_out":92.54494422312577,"walk_back":92.54494422312577},"rail-006942":{"out":28.822401517810505,"back":28.822401517810505,"walk_out":96.07467172603502,"walk_back":96.07467172603502},"nishikujo":{"out":14.36244627744097,"back":14.36244627744097,"walk_out":47.87482092480323,"walk_back":47.87482092480323},"rail-007249":{"out":6.223215355423298,"back":6.223215355423298,"walk_out":20.744051184744325,"walk_back":20.744051184744325},"rail-007476":{"out":10.674067295656817,"back":10.674067295656817,"walk_out":35.580224318856054,"walk_back":35.580224318856054},"rail-007540":{"out":19.074826591754128,"back":19.074826591754128,"walk_out":63.5827553058471,"walk_back":63.5827553058471},"rail-007246":{"out":6.4791725075422715,"back":6.4791725075422715,"walk_out":21.59724169180757,"walk_back":21.59724169180757},"tanimachi9":{"out":7.3700355931991695,"back":7.3700355931991695,"walk_out":24.566785310663896,"walk_back":24.566785310663896},"tanimachi6":{"out":9.539273149341682,"back":9.539273149341682,"walk_out":31.79757716447227,"walk_back":31.79757716447227},"tanimachi4":{"out":11.784094238237273,"back":11.784094238237273,"walk_out":39.28031412745758,"walk_back":39.28031412745758},"rail-007317":{"out":4.134929628809428,"back":4.134929628809428,"walk_out":13.783098762698094,"walk_back":13.783098762698094},"miyakojima":{"out":23.567735701992103,"back":23.567735701992103,"walk_out":78.55911900664034,"walk_back":78.55911900664034},"rail-007036":{"out":26.466853966671742,"back":26.466853966671742,"walk_out":88.22284655557247,"walk_back":88.22284655557247},"rail-007030":{"out":25.998165134932975,"back":25.998165134932975,"walk_out":86.66055044977658,"walk_back":86.66055044977658},"rail-007109":{"out":16.36857868792088,"back":16.36857868792088,"walk_out":54.56192895973627,"walk_back":54.56192895973627},"rail-007159":{"out":14.481236903739665,"back":14.481236903739665,"walk_out":48.27078967913222,"walk_back":48.27078967913222},"rail-007113":{"out":16.463391964306727,"back":16.463391964306727,"walk_out":54.877973214355755,"walk_back":54.877973214355755},"rail-007562":{"out":23.919648235394057,"back":23.919648235394057,"walk_out":79.73216078464687,"walk_back":79.73216078464687},"nagahoribashi":{"out":6.996779161032771,"back":6.996779161032771,"walk_out":23.32259720344257,"walk_back":23.32259720344257},"nagai":{"out":23.858150086864505,"back":23.858150086864505,"walk_out":79.52716695621501,"walk_back":79.52716695621501},"rail-007013":{"out":29.142603230882578,"back":29.142603230882578,"walk_out":97.14201076960859,"walk_back":97.14201076960859},"rail-007008":{"out":29.156227192767957,"back":29.156227192767957,"walk_out":97.1874239758932,"walk_back":97.1874239758932},"rail-007002":{"out":29.68026297103293,"back":29.68026297103293,"walk_out":98.9342099034431,"walk_back":98.9342099034431},"rail-007460":{"out":10.458546945444603,"back":10.458546945444603,"walk_out":34.86182315148201,"walk_back":34.86182315148201},"awaza":{"out":9.286793570765726,"back":9.286793570765726,"walk_out":30.955978569219084,"walk_back":30.955978569219084},"rail-007543":{"out":22.225394678056993,"back":22.225394678056993,"walk_out":74.08464892685664,"walk_back":74.08464892685664},"rail-007235":{"out":28.690505316761453,"back":28.690505316761453,"walk_out":95.63501772253817,"walk_back":95.63501772253817},"rail-007229":{"out":28.693976332629923,"back":28.693976332629923,"walk_out":95.64658777543308,"walk_back":95.64658777543308},"rail-007125":{"out":22.402846836119778,"back":22.402846836119778,"walk_out":74.67615612039926,"walk_back":74.67615612039926},"rail-007556":{"out":20.832316316172978,"back":20.832316316172978,"walk_out":69.44105438724326,"walk_back":69.44105438724326},"tsuruhashi":{"out":12.426597478511745,"back":12.426597478511745,"walk_out":41.421991595039145,"walk_back":41.421991595039145}}}},{"type":"Feature","geometry":{"type":"Point","coordinates":[135.63204521050736,34.460446787711746]},"properties":{"id":"osaka-info-11230","name":"建水分神社 秋祭(御神輿渡御祭)","venue":"各氏子地区","address":"大阪府南河内郡千早赤阪村水分357","category":"伝統行事","date":"2026-10-17","end_date":"2026-10-17","start":null,"end":null,"schedule":"10月第3土曜日10:30～","url":"https://osaka-info.jp/event/takemikumari-autumnfes/","source":"OSAKA-INFO（大阪観光局）","source_category":"伝統行事","source_updated":"2026-06-11","fetched_at":"2026-09-13T05:27:23.764Z","coordinate_source":"https://osaka-info.jp/event/takemikumari-autumnfes/","fictional":false,"access":{"rail-007957":{"out":24.652281532003045,"back":24.652281532003045,"walk_out":82.17427177334348,"walk_back":82.17427177334348},"rail-007909":{"out":24.398680510371527,"back":24.398680510371527,"walk_out":81.32893503457176,"walk_back":81.32893503457176},"rail-007991":{"out":26.57957486956303,"back":26.57957486956303,"walk_out":88.59858289854343,"walk_back":88.59858289854343},"rail-007790":{"out":29.120153941435955,"back":29.120153941435955,"walk_out":97.06717980478652,"walk_back":97.06717980478652},"rail-007832":{"out":22.644812112737,"back":22.644812112737,"walk_out":75.48270704245667,"walk_back":75.48270704245667},"rail-007840":{"out":22.04008363307739,"back":22.04008363307739,"walk_out":73.4669454435913,"walk_back":73.4669454435913},"rail-007856":{"out":20.658713200169863,"back":20.658713200169863,"walk_out":68.86237733389954,"walk_back":68.86237733389954},"rail-007912":{"out":19.630376379134375,"back":19.630376379134375,"walk_out":65.43458793044792,"walk_back":65.43458793044792},"rail-007934":{"out":21.993997356412617,"back":21.993997356412617,"walk_out":73.31332452137539,"walk_back":73.31332452137539},"rail-007887":{"out":27.01704994858195,"back":27.01704994858195,"walk_out":90.05683316193984,"walk_back":90.05683316193984},"rail-007882":{"out":19.0636341530139,"back":19.0636341530139,"walk_out":63.54544717671301,"walk_back":63.54544717671301},"rail-007977":{"out":25.674637661974653,"back":25.674637661974653,"walk_out":85.58212553991551,"walk_back":85.58212553991551}}}},{"type":"Feature","geometry":{"type":"Point","coordinates":[135.41127722626337,34.63856253486261]},"properties":{"id":"osaka-info-11201","name":"来てみなけりゃ、わからない。 「ジブリパーク展」","venue":"大阪南港ATCギャラリー","address":"大阪市住之江区南港北 2-1-10","category":"アート","date":"2026-07-18","end_date":"2026-09-26","start":null,"end":null,"schedule":"【期間】2026年7月18日(土)～9月26日(土) ※会期中無休【時間】10:00～17:00 (最終入場16:30まで)","url":"https://osaka-info.jp/event/ghiblipark-osaka/","source":"OSAKA-INFO（大阪観光局）","source_category":"展覧会 / 特別公開","source_updated":"2026-06-03","fetched_at":"2026-09-13T05:27:23.764Z","coordinate_source":"https://osaka-info.jp/event/ghiblipark-osaka/","fictional":false,"access":{"rail-007464":{"out":1.8177052741633868,"back":1.8177052741633868,"walk_out":6.059017580544622,"walk_back":6.059017580544622},"rail-007473":{"out":0.22302700713905663,"back":0.22302700713905663,"walk_out":0.7434233571301887,"walk_back":0.7434233571301887},"rail-007283":{"out":28.441257076771894,"back":28.441257076771894,"walk_out":94.80419025590632,"walk_back":94.80419025590632},"rail-007280":{"out":28.749195418599072,"back":28.749195418599072,"walk_out":95.83065139533025,"walk_back":95.83065139533025},"rail-007552":{"out":12.182383999720916,"back":12.182383999720916,"walk_out":40.607946665736385,"walk_back":40.607946665736385},"rail-007507":{"out":7.339023665918066,"back":7.339023665918066,"walk_out":24.463412219726887,"walk_back":24.463412219726887},"rail-007506":{"out":5.407395615727488,"back":5.407395615727488,"walk_out":18.024652052424962,"walk_back":18.024652052424962},"rail-007300":{"out":16.408988277512766,"back":16.408988277512766,"walk_out":54.696627591709216,"walk_back":54.696627591709216},"rail-007494":{"out":2.998521253788718,"back":2.998521253788718,"walk_out":9.995070845962394,"walk_back":9.995070845962394},"kujo":{"out":27.838337140025665,"back":27.838337140025665,"walk_out":92.79445713341887,"walk_back":92.79445713341887},"rail-007156":{"out":26.95144160490749,"back":26.95144160490749,"walk_out":89.83813868302497,"walk_back":89.83813868302497},"rail-007580":{"out":26.20412455247746,"back":26.20412455247746,"walk_out":87.34708184159153,"walk_back":87.34708184159153},"rail-007544":{"out":26.072178850219863,"back":26.072178850219863,"walk_out":86.9072628340662,"walk_back":86.9072628340662},"rail-007177":{"out":26.88435069122744,"back":26.88435069122744,"walk_out":89.61450230409147,"walk_back":89.61450230409147},"rail-007570":{"out":16.7766333843414,"back":16.7766333843414,"walk_out":55.92211128113801,"walk_back":55.92211128113801},"rail-007571":{"out":14.807734180208353,"back":14.807734180208353,"walk_out":49.359113934027846,"walk_back":49.359113934027846},"rail-010188":{"out":9.96314226058762,"back":9.96314226058762,"walk_out":33.21047420195873,"walk_back":33.21047420195873},"taisho":{"out":27.8544777758975,"back":27.8544777758975,"walk_out":92.84825925299167,"walk_back":92.84825925299167},"osakako":{"out":10.837656149945483,"back":10.837656149945483,"walk_out":36.12552049981828,"walk_back":36.12552049981828},"rail-007275":{"out":19.547025169835123,"back":19.547025169835123,"walk_out":65.15675056611708,"walk_back":65.15675056611708},"rail-007575":{"out":21.309692127455616,"back":21.309692127455616,"walk_out":71.03230709151872,"walk_back":71.03230709151872},"bentencho":{"out":23.237560409192277,"back":23.237560409192277,"walk_out":77.45853469730758,"walk_back":77.45853469730758},"rail-007370":{"out":16.880865011878484,"back":16.880865011878484,"walk_out":56.26955003959495,"walk_back":56.26955003959495},"rail-007406":{"out":27.233769933394875,"back":27.233769933394875,"walk_out":90.77923311131624,"walk_back":90.77923311131624},"rail-007364":{"out":13.060885324815112,"back":13.060885324815112,"walk_out":43.53628441605037,"walk_back":43.53628441605037},"rail-007442":{"out":26.60266729875489,"back":26.60266729875489,"walk_out":88.6755576625163,"walk_back":88.6755576625163},"rail-007533":{"out":29.69657806384709,"back":29.69657806384709,"walk_out":98.98859354615696,"walk_back":98.98859354615696},"rail-007077":{"out":29.578636916912213,"back":29.578636916912213,"walk_out":98.59545638970738,"walk_back":98.59545638970738},"rail-007379":{"out":29.865623633439206,"back":29.865623633439206,"walk_out":99.55207877813069,"walk_back":99.55207877813069},"rail-007371":{"out":29.135127535019283,"back":29.135127535019283,"walk_out":97.11709178339761,"walk_back":97.11709178339761},"nishikujo":{"out":28.314554581168977,"back":28.314554581168977,"walk_out":94.3818486038966,"walk_back":94.3818486038966},"rail-007476":{"out":28.515430064149808,"back":28.515430064149808,"walk_out":95.05143354716603,"walk_back":95.05143354716603}}}},{"type":"Feature","geometry":{"type":"Point","coordinates":[135.52659540515248,34.81166822172446]},"properties":{"id":"osaka-info-11200","name":"万博記念公園 EXPO’70スタンプラリー＆EFE Global Learning Project","venue":"万博記念公園 自然文化園内","address":"吹田市千里万博公園","category":"その他","date":"2026-04-22","end_date":"2027-02-28","start":null,"end":null,"schedule":"【期間】2026年4月22日(水)～ 2027年2月28日(日) ⚫︎ 春ステージ：2026年4月22日(水)～ 2026年7月9日(木) ⚫︎ 夏ステージ：2026年7月10日(金)～ 2026年9月20日(日) ⚫︎ 秋ステージ：2026年9月21日(月・祝)～ 2026年12月10日(木) ⚫︎ 冬ステージ：2026年12月11日(金)～ 2027年2月28日(日) ※休園日：毎週水曜日 (水曜日が祝日の場合は直後の平日)、年末年始 ※4月1日～5月2日、10月、11月は無休 ※別イベントの開催などによる休止日あり【時間】9:30～17:00 (最終入園16:30) ※EXPO’70パビリオンは10:00～17:00 (最終入館16:30)","url":"https://osaka-info.jp/event/expo70-stamp-rally/","source":"OSAKA-INFO（大阪観光局）","source_category":"その他","source_updated":"2026-06-02","fetched_at":"2026-09-13T05:27:23.764Z","coordinate_source":"https://osaka-info.jp/event/expo70-stamp-rally/","fictional":false,"access":{"rail-006498":{"out":20.10097414379763,"back":20.10097414379763,"walk_out":67.00324714599209,"walk_back":67.00324714599209},"rail-006601":{"out":2.5340965721630093,"back":2.5340965721630093,"walk_out":8.446988573876698,"walk_back":8.446988573876698},"rail-006833":{"out":27.50008043463171,"back":27.50008043463171,"walk_out":91.6669347821057,"walk_back":91.6669347821057},"rail-006849":{"out":29.126236494226696,"back":29.126236494226696,"walk_out":97.08745498075565,"walk_back":97.08745498075565},"rail-006797":{"out":24.138318399008877,"back":24.138318399008877,"walk_out":80.4610613300296,"walk_back":80.4610613300296},"rail-006584":{"out":4.771376184543081,"back":4.771376184543081,"walk_out":15.904587281810269,"walk_back":15.904587281810269},"rail-006543":{"out":6.7622583440464945,"back":6.7622583440464945,"walk_out":22.540861146821648,"walk_back":22.540861146821648},"rail-006672":{"out":12.763298430216926,"back":12.763298430216926,"walk_out":42.544328100723085,"walk_back":42.544328100723085},"rail-006587":{"out":11.622788333283157,"back":11.622788333283157,"walk_out":38.74262777761052,"walk_back":38.74262777761052},"rail-006716":{"out":16.452889736012914,"back":16.452889736012914,"walk_out":54.84296578670971,"walk_back":54.84296578670971},"rail-006668":{"out":10.763321513262373,"back":10.763321513262373,"walk_out":35.87773837754124,"walk_back":35.87773837754124},"rail-006836":{"out":28.230348925821062,"back":28.230348925821062,"walk_out":94.1011630860702,"walk_back":94.1011630860702},"rail-006769":{"out":25.81508192672526,"back":25.81508192672526,"walk_out":86.0502730890842,"walk_back":86.0502730890842},"rail-006612":{"out":14.648747404230848,"back":14.648747404230848,"walk_out":48.82915801410283,"walk_back":48.82915801410283},"rail-006798":{"out":23.404590043870723,"back":23.404590043870723,"walk_out":78.01530014623575,"walk_back":78.01530014623575},"suita":{"out":21.573604753409562,"back":21.573604753409562,"walk_out":71.91201584469853,"walk_back":71.91201584469853},"rail-006596":{"out":10.310178249939748,"back":10.310178249939748,"walk_out":34.36726083313249,"walk_back":34.36726083313249},"rail-006475":{"out":26.304487589931068,"back":26.304487589931068,"walk_out":87.68162529977022,"walk_back":87.68162529977022},"rail-006608":{"out":19.004901814193065,"back":19.004901814193065,"walk_out":63.34967271397688,"walk_back":63.34967271397688},"rail-006604":{"out":5.304855262028628,"back":5.304855262028628,"walk_out":17.68285087342876,"walk_back":17.68285087342876},"rail-006717":{"out":26.779923399059218,"back":26.779923399059218,"walk_out":89.2664113301974,"walk_back":89.2664113301974},"rail-006721":{"out":16.358671015026687,"back":16.358671015026687,"walk_out":54.52890338342229,"walk_back":54.52890338342229},"rail-006427":{"out":19.352238275247746,"back":19.352238275247746,"walk_out":64.50746091749248,"walk_back":64.50746091749248},"rail-006713":{"out":18.971602240524543,"back":18.971602240524543,"walk_out":63.238674135081816,"walk_back":63.238674135081816},"rail-006467":{"out":26.97346574149063,"back":26.97346574149063,"walk_out":89.91155247163545,"walk_back":89.91155247163545},"rail-006695":{"out":14.983539645921548,"back":14.983539645921548,"walk_out":49.945132153071825,"walk_back":49.945132153071825},"rail-006741":{"out":28.11551139695946,"back":28.11551139695946,"walk_out":93.7183713231982,"walk_back":93.7183713231982},"rail-006781":{"out":28.682185360984157,"back":28.682185360984157,"walk_out":95.60728453661386,"walk_back":95.60728453661386},"rail-006627":{"out":25.308143850631215,"back":25.308143850631215,"walk_out":84.36047950210404,"walk_back":84.36047950210404},"rail-006664":{"out":13.495915600160128,"back":13.495915600160128,"walk_out":44.9863853338671,"walk_back":44.9863853338671},"rail-006560":{"out":24.119283402535338,"back":24.119283402535338,"walk_out":80.39761134178445,"walk_back":80.39761134178445},"rail-006726":{"out":17.543633499228562,"back":17.543633499228562,"walk_out":58.47877833076188,"walk_back":58.47877833076188},"rail-006800":{"out":25.88668148295804,"back":25.88668148295804,"walk_out":86.2889382765268,"walk_back":86.2889382765268},"rail-006662":{"out":16.38107540967941,"back":16.38107540967941,"walk_out":54.60358469893137,"walk_back":54.60358469893137},"rail-006527":{"out":22.776257254806367,"back":22.776257254806367,"walk_out":75.92085751602123,"walk_back":75.92085751602123},"rail-006824":{"out":27.28502525366803,"back":27.28502525366803,"walk_out":90.95008417889345,"walk_back":90.95008417889345},"rail-006807":{"out":24.19690296597833,"back":24.19690296597833,"walk_out":80.65634321992778,"walk_back":80.65634321992778},"ishibashi":{"out":29.658898253102304,"back":29.658898253102304,"walk_out":98.86299417700768,"walk_back":98.86299417700768},"rail-006481":{"out":23.576446184468388,"back":23.576446184468388,"walk_out":78.58815394822795,"walk_back":78.58815394822795},"rail-010184":{"out":13.988396546052728,"back":13.988396546052728,"walk_out":46.627988486842426,"walk_back":46.627988486842426},"rail-010183":{"out":16.31102129200479,"back":16.31102129200479,"walk_out":54.3700709733493,"walk_back":54.3700709733493},"rail-006508":{"out":22.339392566959752,"back":22.339392566959752,"walk_out":74.46464188986585,"walk_back":74.46464188986585},"rail-006728":{"out":19.982918640341893,"back":19.982918640341893,"walk_out":66.60972880113965,"walk_back":66.60972880113965},"ibaraki":{"out":13.045776146257097,"back":13.045776146257097,"walk_out":43.48592048752366,"walk_back":43.48592048752366},"ibaraki_shi":{"out":18.052528632679156,"back":18.052528632679156,"walk_out":60.17509544226385,"walk_back":60.17509544226385},"rail-006656":{"out":29.252063459357018,"back":29.252063459357018,"walk_out":97.50687819785672,"walk_back":97.50687819785672},"toyonaka":{"out":25.977814084965548,"back":25.977814084965548,"walk_out":86.59271361655183,"walk_back":86.59271361655183},"rail-006478":{"out":10.19757203202023,"back":10.19757203202023,"walk_out":33.991906773400764,"walk_back":33.991906773400764},"rail-006772":{"out":21.930686460915094,"back":21.930686460915094,"walk_out":73.1022882030503,"walk_back":73.1022882030503},"rail-006740":{"out":19.605193096795542,"back":19.605193096795542,"walk_out":65.35064365598514,"walk_back":65.35064365598514},"rail-006550":{"out":3.2275775056622766,"back":3.2275775056622766,"walk_out":10.758591685540923,"walk_back":10.758591685540923}}}},{"type":"Feature","geometry":{"type":"Point","coordinates":[135.6113,34.5587]},"properties":{"id":"osaka-info-11135","name":"誉田八幡 秋まつり 渡御","venue":"誉田八幡宮 境内","address":"羽曳野市誉田3-2-8","category":"伝統行事","date":"2026-09-15","end_date":"2026-09-15","start":null,"end":null,"schedule":"9月15日(本宮) 20:00~21:00","url":"https://osaka-info.jp/event/kondahachimangu-autumn/","source":"OSAKA-INFO（大阪観光局）","source_category":"伝統行事","source_updated":"2026-05-21","fetched_at":"2026-09-13T05:27:23.764Z","coordinate_source":"https://osaka-info.jp/event/kondahachimangu-autumn/","fictional":false,"access":{"rail-007767":{"out":14.980410884179188,"back":14.980410884179188,"walk_out":49.93470294726396,"walk_back":49.93470294726396},"kyuhoji":{"out":29.964247204163087,"back":29.964247204163087,"walk_out":99.88082401387695,"walk_back":99.88082401387695},"rail-007738":{"out":28.65390708349736,"back":28.65390708349736,"walk_out":95.51302361165787,"walk_back":95.51302361165787},"rail-007754":{"out":28.918479593899193,"back":28.918479593899193,"walk_out":96.39493197966398,"walk_back":96.39493197966398},"rail-007549":{"out":29.5079116260524,"back":29.5079116260524,"walk_out":98.35970542017466,"walk_back":98.35970542017466},"rail-007560":{"out":26.56454794362235,"back":26.56454794362235,"walk_out":88.54849314540785,"walk_back":88.54849314540785},"rail-007618":{"out":20.059744296164727,"back":20.059744296164727,"walk_out":66.86581432054909,"walk_back":66.86581432054909},"rail-007582":{"out":27.982828617961438,"back":27.982828617961438,"walk_out":93.27609539320478,"walk_back":93.27609539320478},"rail-007788":{"out":29.589546389807374,"back":29.589546389807374,"walk_out":98.63182129935791,"walk_back":98.63182129935791},"rail-007718":{"out":2.160789717353807,"back":2.160789717353807,"walk_out":7.202632391179356,"walk_back":7.202632391179356},"rail-007790":{"out":16.105224344111665,"back":16.105224344111665,"walk_out":53.68408114703888,"walk_back":53.68408114703888},"rail-007676":{"out":5.957787619301897,"back":5.957787619301897,"walk_out":19.859292064339655,"walk_back":19.859292064339655},"rail-007633":{"out":14.465706847838023,"back":14.465706847838023,"walk_out":48.21902282612674,"walk_back":48.21902282612674},"rail-007713":{"out":12.34176101394161,"back":12.34176101394161,"walk_out":41.139203379805366,"walk_back":41.139203379805366},"rail-007653":{"out":11.576651474647365,"back":11.576651474647365,"walk_out":38.58883824882455,"walk_back":38.58883824882455},"rail-007832":{"out":24.488112325469913,"back":24.488112325469913,"walk_out":81.6270410848997,"walk_back":81.6270410848997},"rail-007840":{"out":26.562720006117765,"back":26.562720006117765,"walk_out":88.54240002039255,"walk_back":88.54240002039255},"rail-007657":{"out":27.67102433039208,"back":27.67102433039208,"walk_out":92.2367477679736,"walk_back":92.2367477679736},"rail-007606":{"out":18.59300612639657,"back":18.59300612639657,"walk_out":61.976687087988566,"walk_back":61.976687087988566},"rail-007578":{"out":23.413285920832827,"back":23.413285920832827,"walk_out":78.0442864027761,"walk_back":78.0442864027761},"rail-007674":{"out":15.566664001725398,"back":15.566664001725398,"walk_out":51.888880005751325,"walk_back":51.888880005751325},"rail-007636":{"out":13.184206899465815,"back":13.184206899465815,"walk_out":43.94735633155272,"walk_back":43.94735633155272},"rail-007652":{"out":11.361838777935752,"back":11.361838777935752,"walk_out":37.872795926452504,"walk_back":37.872795926452504},"takaida_osaka":{"out":9.632180356471075,"back":9.632180356471075,"walk_out":32.10726785490358,"walk_back":32.10726785490358},"rail-007670":{"out":20.24707357759905,"back":20.24707357759905,"walk_out":67.49024525866349,"walk_back":67.49024525866349},"rail-007668":{"out":21.10233051973083,"back":21.10233051973083,"walk_out":70.3411017324361,"walk_back":70.3411017324361},"rail-007621":{"out":17.13270083630148,"back":17.13270083630148,"walk_out":57.109002787671606,"walk_back":57.109002787671606},"rail-007800":{"out":29.742856035029124,"back":29.742856035029124,"walk_out":99.14285345009708,"walk_back":99.14285345009708},"rail-007760":{"out":29.550254381936472,"back":29.550254381936472,"walk_out":98.50084793978824,"walk_back":98.50084793978824},"rail-007678":{"out":8.522849240796193,"back":8.522849240796193,"walk_out":28.40949746932064,"walk_back":28.40949746932064},"rail-007688":{"out":5.405215412303129,"back":5.405215412303129,"walk_out":18.017384707677095,"walk_back":18.017384707677095},"rail-007594":{"out":23.83796637784077,"back":23.83796637784077,"walk_out":79.4598879261359,"walk_back":79.4598879261359},"rail-007723":{"out":20.856637207557227,"back":20.856637207557227,"walk_out":69.52212402519076,"walk_back":69.52212402519076},"rail-007741":{"out":6.972378393240829,"back":6.972378393240829,"walk_out":23.241261310802763,"walk_back":23.241261310802763},"rail-007680":{"out":11.629893860419294,"back":11.629893860419294,"walk_out":38.76631286806432,"walk_back":38.76631286806432},"rail-007551":{"out":27.532606648150374,"back":27.532606648150374,"walk_out":91.77535549383458,"walk_back":91.77535549383458},"rail-007569":{"out":29.02228439089341,"back":29.02228439089341,"walk_out":96.74094796964471,"walk_back":96.74094796964471},"rail-007669":{"out":25.01309458814978,"back":25.01309458814978,"walk_out":83.37698196049926,"walk_back":83.37698196049926},"rail-007679":{"out":11.340537520235165,"back":11.340537520235165,"walk_out":37.80179173411722,"walk_back":37.80179173411722}}}},{"type":"Feature","geometry":{"type":"Point","coordinates":[135.50247144652832,34.655381913791516]},"properties":{"id":"osaka-info-11170","name":"今宮戎神社 十日戎","venue":"境内宝恵駕行列：とぼりリバーパーク～神社","address":"大阪市浪速区恵美須西1-6-10","category":"伝統行事","date":"2027-01-09","end_date":"2027-01-11","start":null,"end":null,"schedule":"1月9日･･･宵戎 0：00～1月10日･･･本戎1月11日･･･残り戎 ～24：00","url":"https://osaka-info.jp/event/imamiyaebisu-tokaebisu/","source":"OSAKA-INFO（大阪観光局）","source_category":"伝統行事","source_updated":"2026-05-08","fetched_at":"2026-09-13T05:27:23.764Z","coordinate_source":"https://osaka-info.jp/event/imamiyaebisu-tokaebisu/","fictional":false,"access":{"rail-007376":{"out":25.655048355606436,"back":25.655048355606436,"walk_out":85.51682785202145,"walk_back":85.51682785202145},"rail-007344":{"out":25.860412083303096,"back":25.860412083303096,"walk_out":86.20137361101031,"walk_back":86.20137361101031},"rail-007041":{"out":26.953607225635285,"back":26.953607225635285,"walk_out":89.84535741878429,"walk_back":89.84535741878429},"rail-007422":{"out":24.946705688629475,"back":24.946705688629475,"walk_out":83.15568562876491,"walk_back":83.15568562876491},"naniwabashi":{"out":16.537429812468318,"back":16.537429812468318,"walk_out":55.12476604156106,"walk_back":55.12476604156106},"namba":{"out":4.864835680551727,"back":4.864835680551727,"walk_out":16.216118935172425,"walk_back":16.216118935172425},"rail-007283":{"out":10.924579429525846,"back":10.924579429525846,"walk_out":36.41526476508616,"walk_back":36.41526476508616},"rail-007280":{"out":10.906127898347146,"back":10.906127898347146,"walk_out":36.353759661157156,"walk_back":36.353759661157156},"rail-007552":{"out":29.469585696410984,"back":29.469585696410984,"walk_out":98.23195232136995,"walk_back":98.23195232136995},"rail-007507":{"out":29.00133996467371,"back":29.00133996467371,"walk_out":96.67113321557903,"walk_back":96.67113321557903},"rail-007300":{"out":24.027394029684423,"back":24.027394029684423,"walk_out":80.09131343228141,"walk_back":80.09131343228141},"rail-007626":{"out":29.233330663710866,"back":29.233330663710866,"walk_out":97.44443554570289,"walk_back":97.44443554570289},"nakanoshima":{"out":17.008685843716794,"back":17.008685843716794,"walk_out":56.695619479055985,"walk_back":56.695619479055985},"rail-007040":{"out":23.06653760226271,"back":23.06653760226271,"walk_out":76.88845867420903,"walk_back":76.88845867420903},"rail-007016":{"out":24.508947800912836,"back":24.508947800912836,"walk_out":81.69649266970946,"walk_back":81.69649266970946},"kujo":{"out":13.027178846182409,"back":13.027178846182409,"walk_out":43.4239294872747,"walk_back":43.4239294872747},"kyobashi":{"out":21.713883303354795,"back":21.713883303354795,"walk_out":72.37961101118265,"walk_back":72.37961101118265},"rail-007407":{"out":3.6383925137901816,"back":3.6383925137901816,"walk_out":12.127975045967272,"walk_back":12.127975045967272},"rail-007402":{"out":0.4199324849497932,"back":0.4199324849497932,"walk_out":1.399774949832644,"walk_back":1.399774949832644},"rail-007529":{"out":16.642426851511214,"back":16.642426851511214,"walk_out":55.474756171704044,"walk_back":55.474756171704044},"rail-007450":{"out":4.324625560747868,"back":4.324625560747868,"walk_out":14.415418535826227,"walk_back":14.415418535826227},"rail-007070":{"out":29.6351980822929,"back":29.6351980822929,"walk_out":98.783993607643,"walk_back":98.783993607643},"rail-007459":{"out":5.527693515377451,"back":5.527693515377451,"walk_out":18.425645051258172,"walk_back":18.425645051258172},"rail-007284":{"out":16.351794841126175,"back":16.351794841126175,"walk_out":54.505982803753916,"walk_back":54.505982803753916},"rail-007342":{"out":17.845974318224517,"back":17.845974318224517,"walk_out":59.486581060748385,"walk_back":59.486581060748385},"rail-007156":{"out":23.94431478109069,"back":23.94431478109069,"walk_out":79.81438260363564,"walk_back":79.81438260363564},"rail-007593":{"out":22.990658060496372,"back":22.990658060496372,"walk_out":76.63552686832124,"walk_back":76.63552686832124},"rail-007580":{"out":23.313814692190608,"back":23.313814692190608,"walk_out":77.71271564063537,"walk_back":77.71271564063537},"rail-007567":{"out":18.846159038205943,"back":18.846159038205943,"walk_out":62.820530127353145,"walk_back":62.820530127353145},"rail-007573":{"out":19.562564808971292,"back":19.562564808971292,"walk_out":65.20854936323764,"walk_back":65.20854936323764},"rail-007572":{"out":18.773834009012692,"back":18.773834009012692,"walk_out":62.57944669670897,"walk_back":62.57944669670897},"rail-007574":{"out":19.494876666482217,"back":19.494876666482217,"walk_out":64.98292222160738,"walk_back":64.98292222160738},"rail-007378":{"out":25.337062131393917,"back":25.337062131393917,"walk_out":84.45687377131306,"walk_back":84.45687377131306},"rail-007524":{"out":26.718750143655793,"back":26.718750143655793,"walk_out":89.06250047885264,"walk_back":89.06250047885264},"dobutsuen":{"out":3.3522788404861203,"back":3.3522788404861203,"walk_out":11.1742628016204,"walk_back":11.1742628016204},"rail-007544":{"out":17.361523624886708,"back":17.361523624886708,"walk_out":57.87174541628903,"walk_back":57.87174541628903},"rail-007485":{"out":8.52121971166127,"back":8.52121971166127,"walk_out":28.40406570553757,"walk_back":28.40406570553757},"rail-007412":{"out":19.241837513323553,"back":19.241837513323553,"walk_out":64.13945837774517,"walk_back":64.13945837774517},"rail-007085":{"out":19.22498755606325,"back":19.22498755606325,"walk_out":64.08329185354417,"walk_back":64.08329185354417},"kitahama":{"out":16.17556368760885,"back":16.17556368760885,"walk_out":53.91854562536283,"walk_back":53.91854562536283},"rail-007502":{"out":14.201630714823748,"back":14.201630714823748,"walk_out":47.33876904941249,"walk_back":47.33876904941249},"rail-007522":{"out":12.538868912799419,"back":12.538868912799419,"walk_out":41.7962297093314,"walk_back":41.7962297093314},"juso":{"out":29.796320774687494,"back":29.796320774687494,"walk_out":99.32106924895832,"walk_back":99.32106924895832},"rail-007177":{"out":21.10477878291236,"back":21.10477878291236,"walk_out":70.34926260970786,"walk_back":70.34926260970786},"rail-007462":{"out":19.380374526183548,"back":19.380374526183548,"walk_out":64.60124842061182,"walk_back":64.60124842061182},"minamimorimachi":{"out":19.016992826275178,"back":19.016992826275178,"walk_out":63.389976087583925,"walk_back":63.389976087583925},"rail-007570":{"out":27.761897689532965,"back":27.761897689532965,"walk_out":92.53965896510988,"walk_back":92.53965896510988},"rail-007571":{"out":29.886924426843503,"back":29.886924426843503,"walk_out":99.62308142281168,"walk_back":99.62308142281168},"rail-007531":{"out":14.875916669715503,"back":14.875916669715503,"walk_out":49.58638889905168,"walk_back":49.58638889905168},"rail-007581":{"out":27.420022128834844,"back":27.420022128834844,"walk_out":91.40007376278282,"walk_back":91.40007376278282},"rail-007268":{"out":8.51596263845675,"back":8.51596263845675,"walk_out":28.38654212818917,"walk_back":28.38654212818917},"rail-007382":{"out":4.492219489639576,"back":4.492219489639576,"walk_out":14.974064965465255,"walk_back":14.974064965465255},"rail-007190":{"out":11.903032747740557,"back":11.903032747740557,"walk_out":39.676775825801855,"walk_back":39.676775825801855},"rail-007009":{"out":28.3123378044745,"back":28.3123378044745,"walk_out":94.37445934824834,"walk_back":94.37445934824834},"rail-007534":{"out":14.44534613297704,"back":14.44534613297704,"walk_out":48.151153776590135,"walk_back":48.151153776590135},"rail-007622":{"out":27.614076546858346,"back":27.614076546858346,"walk_out":92.04692182286115,"walk_back":92.04692182286115},"rail-007395":{"out":1.73537400287808,"back":1.73537400287808,"walk_out":5.7845800095936,"walk_back":5.7845800095936},"taisho":{"out":9.37711126550404,"back":9.37711126550404,"walk_out":31.257037551680135,"walk_back":31.257037551680135},"oe_bridge":{"out":17.34538261016576,"back":17.34538261016576,"walk_out":57.81794203388586,"walk_back":57.81794203388586},"osaka_business":{"out":19.05415463346832,"back":19.05415463346832,"walk_out":63.513848778227725,"walk_back":63.513848778227725},"osaka":{"out":20.94713664310749,"back":20.94713664310749,"walk_out":69.82378881035831,"walk_back":69.82378881035831},"uehommachi":{"out":8.225166088499014,"back":8.225166088499014,"walk_out":27.417220294996714,"walk_back":27.417220294996714},"rail-007164":{"out":18.563548294497505,"back":18.563548294497505,"walk_out":61.87849431499168,"walk_back":61.87849431499168},"rail-007107":{"out":19.30972729365383,"back":19.30972729365383,"walk_out":64.36575764551276,"walk_back":64.36575764551276},"rail-007090":{"out":19.113876531521136,"back":19.113876531521136,"walk_out":63.712921771737115,"walk_back":63.712921771737115},"osakako":{"out":24.940705511363873,"back":24.940705511363873,"walk_out":83.13568503787957,"walk_back":83.13568503787957},"rail-007451":{"out":6.183463024623127,"back":6.183463024623127,"walk_out":20.611543415410424,"walk_back":20.611543415410424},"rail-007483":{"out":8.404535548811234,"back":8.404535548811234,"walk_out":28.01511849603745,"walk_back":28.01511849603745},"temma":{"out":22.337819316012872,"back":22.337819316012872,"walk_out":74.45939772004292,"walk_back":74.45939772004292},"temmabashi":{"out":16.373492484572054,"back":16.373492484572054,"walk_out":54.57830828190685,"walk_back":54.57830828190685},"tennoji":{"out":5.991303847164269,"back":5.991303847164269,"walk_out":19.971012823880898,"walk_back":19.971012823880898},"rail-007447":{"out":5.6065137580592745,"back":5.6065137580592745,"walk_out":18.688379193530913,"walk_back":18.688379193530913},"rail-007515":{"out":11.77976386682423,"back":11.77976386682423,"walk_out":39.26587955608077,"walk_back":39.26587955608077},"tenroku":{"out":24.42163204046439,"back":24.42163204046439,"walk_out":81.4054401348813,"walk_back":81.4054401348813},"rail-007057":{"out":27.142152468720226,"back":27.142152468720226,"walk_out":90.47384156240076,"walk_back":90.47384156240076},"rail-007532":{"out":13.915927733814428,"back":13.915927733814428,"walk_out":46.386425779381426,"walk_back":46.386425779381426},"rail-007275":{"out":22.88483769044123,"back":22.88483769044123,"walk_out":76.28279230147076,"walk_back":76.28279230147076},"rail-007592":{"out":22.661941248923533,"back":22.661941248923533,"walk_out":75.53980416307844,"walk_back":75.53980416307844},"rail-007434":{"out":8.409480139654942,"back":8.409480139654942,"walk_out":28.031600465516473,"walk_back":28.031600465516473},"rail-007368":{"out":19.86019672001635,"back":19.86019672001635,"walk_out":66.20065573338783,"walk_back":66.20065573338783},"rail-007493":{"out":9.94127746714089,"back":9.94127746714089,"walk_out":33.137591557136304,"walk_back":33.137591557136304},"rail-007517":{"out":12.109443722753921,"back":12.109443722753921,"walk_out":40.36481240917974,"walk_back":40.36481240917974},"fuse":{"out":22.685687211414827,"back":22.685687211414827,"walk_out":75.61895737138275,"walk_back":75.61895737138275},"rail-007538":{"out":14.946149499841578,"back":14.946149499841578,"walk_out":49.820498332805265,"walk_back":49.820498332805265},"rail-007547":{"out":15.500908085143243,"back":15.500908085143243,"walk_out":51.66969361714414,"walk_back":51.66969361714414},"rail-007559":{"out":16.84581586778709,"back":16.84581586778709,"walk_out":56.1527195592903,"walk_back":56.1527195592903},"rail-007575":{"out":25.59668405414718,"back":25.59668405414718,"walk_out":85.3222801804906,"walk_back":85.3222801804906},"rail-007505":{"out":20.836005794860302,"back":20.836005794860302,"walk_out":69.45335264953434,"walk_back":69.45335264953434},"rail-007546":{"out":22.76892547793217,"back":22.76892547793217,"walk_out":75.89641825977391,"walk_back":75.89641825977391},"bentencho":{"out":16.182262516910235,"back":16.182262516910235,"walk_out":53.940875056367446,"walk_back":53.940875056367446},"shinsaibashi":{"out":8.494565410484912,"back":8.494565410484912,"walk_out":28.315218034949705,"walk_back":28.315218034949705},"rail-007399":{"out":1.1841140388504727,"back":1.1841140388504727,"walk_out":3.947046796168242,"walk_back":3.947046796168242},"rail-007611":{"out":25.349065915999354,"back":25.349065915999354,"walk_out":84.49688638666451,"walk_back":84.49688638666451},"rail-007609":{"out":24.708024047511596,"back":24.708024047511596,"walk_out":82.36008015837199,"walk_back":82.36008015837199},"rail-007595":{"out":23.67323045551205,"back":23.67323045551205,"walk_out":78.91076818504017,"walk_back":78.91076818504017},"rail-007607":{"out":25.01529638478558,"back":25.01529638478558,"walk_out":83.3843212826186,"walk_back":83.3843212826186},"rail-007061":{"out":21.763377589991652,"back":21.763377589991652,"walk_out":72.54459196663885,"walk_back":72.54459196663885},"rail-007162":{"out":26.51289093476202,"back":26.51289093476202,"walk_out":88.3763031158734,"walk_back":88.3763031158734},"rail-007486":{"out":10.44548342417944,"back":10.44548342417944,"walk_out":34.818278080598134,"walk_back":34.818278080598134},"shinimamiya":{"out":2.44874979211849,"back":2.44874979211849,"walk_out":8.162499307061633,"walk_back":8.162499307061633},"rail-007427":{"out":2.623727284092581,"back":2.623727284092581,"walk_out":8.745757613641938,"walk_back":8.745757613641938},"rail-007523":{"out":27.087591309375338,"back":27.087591309375338,"walk_out":90.29197103125112,"walk_back":90.29197103125112},"rail-007297":{"out":19.76620655728517,"back":19.76620655728517,"walk_out":65.88735519095057,"walk_back":65.88735519095057},"rail-007104":{"out":18.625840242341486,"back":18.625840242341486,"walk_out":62.08613414113829,"walk_back":62.08613414113829},"nipponbashi":{"out":5.148955259207321,"back":5.148955259207321,"walk_out":17.163184197357737,"walk_back":17.163184197357737},"rail-007499":{"out":11.275703805594503,"back":11.275703805594503,"walk_out":37.58567935198168,"walk_back":37.58567935198168},"rail-007370":{"out":19.819730041037356,"back":19.819730041037356,"walk_out":66.06576680345785,"walk_back":66.06576680345785},"rail-007406":{"out":7.0986005122699325,"back":7.0986005122699325,"walk_out":23.66200170756644,"walk_back":23.66200170756644},"hommachi":{"out":11.910091464613895,"back":11.910091464613895,"walk_out":39.70030488204632,"walk_back":39.70030488204632},"rail-007623":{"out":27.742526355966,"back":27.742526355966,"walk_out":92.47508785321999,"walk_back":92.47508785321999},"rail-007500":{"out":10.410807335778497,"back":10.410807335778497,"walk_out":34.70269111926166,"walk_back":34.70269111926166},"rail-007525":{"out":12.907480462305237,"back":12.907480462305237,"walk_out":43.02493487435079,"walk_back":43.02493487435079},"rail-007553":{"out":16.915483808217733,"back":16.915483808217733,"walk_out":56.384946027392445,"walk_back":56.384946027392445},"rail-007479":{"out":15.004257941198789,"back":15.004257941198789,"walk_out":50.0141931373293,"walk_back":50.0141931373293},"rail-007250":{"out":9.673926392879249,"back":9.673926392879249,"walk_out":32.246421309597494,"walk_back":32.246421309597494},"rail-007472":{"out":7.104470620089691,"back":7.104470620089691,"walk_out":23.681568733632304,"walk_back":23.681568733632304},"rail-007487":{"out":9.251911417356993,"back":9.251911417356993,"walk_out":30.839704724523312,"walk_back":30.839704724523312},"rail-007380":{"out":9.444341916759061,"back":9.444341916759061,"walk_out":31.4811397225302,"walk_back":31.4811397225302},"sakuranomiya":{"out":23.099587354627875,"back":23.099587354627875,"walk_out":76.99862451542624,"walk_back":76.99862451542624},"rail-007364":{"out":25.814582943848848,"back":25.814582943848848,"walk_out":86.0486098128295,"walk_back":86.0486098128295},"sakuragawa":{"out":8.228237687352896,"back":8.228237687352896,"walk_out":27.427458957842987,"walk_back":27.427458957842987},"morinomiya":{"out":15.931360681798282,"back":15.931360681798282,"walk_out":53.10453560599428,"walk_back":53.10453560599428},"rail-007303":{"out":8.059537429223763,"back":8.059537429223763,"walk_out":26.86512476407921,"walk_back":26.86512476407921},"rail-007587":{"out":21.915469422363643,"back":21.915469422363643,"walk_out":73.05156474121213,"walk_back":73.05156474121213},"rail-007350":{"out":29.099255996371298,"back":29.099255996371298,"walk_out":96.99751998790433,"walk_back":96.99751998790433},"rail-007345":{"out":26.15297208981199,"back":26.15297208981199,"walk_out":87.17657363270663,"walk_back":87.17657363270663},"rail-007470":{"out":10.208887123142835,"back":10.208887123142835,"walk_out":34.02962374380945,"walk_back":34.02962374380945},"rail-007442":{"out":7.947165607926801,"back":7.947165607926801,"walk_out":26.49055202642267,"walk_back":26.49055202642267},"rail-007630":{"out":29.532515628114993,"back":29.532515628114993,"walk_out":98.44171876038331,"walk_back":98.44171876038331},"rail-007102":{"out":20.90818547800986,"back":20.90818547800986,"walk_out":69.6939515933662,"walk_back":69.6939515933662},"yodoyabashi":{"out":15.98757126261564,"back":15.98757126261564,"walk_out":53.29190420871879,"walk_back":53.29190420871879},"rail-007097":{"out":22.70109217803668,"back":22.70109217803668,"walk_out":75.67030726012227,"walk_back":75.67030726012227},"fukaebashi":{"out":22.53737321882402,"back":22.53737321882402,"walk_out":75.12457739608007,"walk_back":75.12457739608007},"watanabebashi":{"out":17.363511343061134,"back":17.363511343061134,"walk_out":57.87837114353711,"walk_back":57.87837114353711},"rail-007533":{"out":14.594420654714233,"back":14.594420654714233,"walk_out":48.64806884904744,"walk_back":48.64806884904744},"rail-007154":{"out":17.867800393163876,"back":17.867800393163876,"walk_out":59.55933464387958,"walk_back":59.55933464387958},"rail-007260":{"out":13.74027066337111,"back":13.74027066337111,"walk_out":45.80090221123703,"walk_back":45.80090221123703},"rail-007519":{"out":14.53877023644563,"back":14.53877023644563,"walk_out":48.46256745481877,"walk_back":48.46256745481877},"rail-007590":{"out":24.67274164590673,"back":24.67274164590673,"walk_out":82.24247215302243,"walk_back":82.24247215302243},"rail-007564":{"out":17.716511235579812,"back":17.716511235579812,"walk_out":59.055037451932705,"walk_back":59.055037451932705},"rail-007077":{"out":29.46473415847357,"back":29.46473415847357,"walk_out":98.21578052824523,"walk_back":98.21578052824523},"fukushima":{"out":19.478501897357557,"back":19.478501897357557,"walk_out":64.92833965785852,"walk_back":64.92833965785852},"rail-007554":{"out":17.050360586845574,"back":17.050360586845574,"walk_out":56.834535289485245,"walk_back":56.834535289485245},"rail-007579":{"out":20.731477048676158,"back":20.731477048676158,"walk_out":69.1049234955872,"walk_back":69.1049234955872},"rail-007201":{"out":19.21951368699295,"back":19.21951368699295,"walk_out":64.06504562330983,"walk_back":64.06504562330983},"rail-007475":{"out":10.784656622183142,"back":10.784656622183142,"walk_out":35.948855407277144,"walk_back":35.948855407277144},"rail-007498":{"out":9.991523770439535,"back":9.991523770439535,"walk_out":33.30507923479845,"walk_back":33.30507923479845},"rail-007143":{"out":16.09361567783906,"back":16.09361567783906,"walk_out":53.64538559279687,"walk_back":53.64538559279687},"rail-007379":{"out":5.062491707058413,"back":5.062491707058413,"walk_out":16.874972356861377,"walk_back":16.874972356861377},"rail-007371":{"out":6.345010045931114,"back":6.345010045931114,"walk_out":21.15003348643705,"walk_back":21.15003348643705},"rail-007454":{"out":5.422897712930823,"back":5.422897712930823,"walk_out":18.07632570976941,"walk_back":18.07632570976941},"rail-007452":{"out":4.531601503061004,"back":4.531601503061004,"walk_out":15.10533834353668,"walk_back":15.10533834353668},"gamo4":{"out":26.0157156732406,"back":26.0157156732406,"walk_out":86.71905224413533,"walk_back":86.71905224413533},"rail-007477":{"out":24.829089955473357,"back":24.829089955473357,"walk_out":82.76363318491119,"walk_back":82.76363318491119},"nishikujo":{"out":17.818710682503884,"back":17.818710682503884,"walk_out":59.39570227501295,"walk_back":59.39570227501295},"rail-007249":{"out":9.518271768398986,"back":9.518271768398986,"walk_out":31.72757256132995,"walk_back":31.72757256132995},"rail-007476":{"out":8.910489905729762,"back":8.910489905729762,"walk_out":29.701633019099205,"walk_back":29.701633019099205},"rail-007540":{"out":15.70700832776882,"back":15.70700832776882,"walk_out":52.356694425896066,"walk_back":52.356694425896066},"rail-007246":{"out":10.004474424815836,"back":10.004474424815836,"walk_out":33.34824808271945,"walk_back":33.34824808271945},"tanimachi9":{"out":7.1347797786962195,"back":7.1347797786962195,"walk_out":23.78259926232073,"walk_back":23.78259926232073},"tanimachi6":{"out":10.308222137043785,"back":10.308222137043785,"walk_out":34.360740456812614,"walk_back":34.360740456812614},"tanimachi4":{"out":13.089195667771005,"back":13.089195667771005,"walk_out":43.63065222590335,"walk_back":43.63065222590335},"rail-007317":{"out":5.272133768122101,"back":5.272133768122101,"walk_out":17.57377922707367,"walk_back":17.57377922707367},"miyakojima":{"out":25.34458183023021,"back":25.34458183023021,"walk_out":84.4819394341007,"walk_back":84.4819394341007},"rail-007036":{"out":27.506954517948124,"back":27.506954517948124,"walk_out":91.68984839316042,"walk_back":91.68984839316042},"rail-007030":{"out":27.2832731042944,"back":27.2832731042944,"walk_out":90.94424368098133,"walk_back":90.94424368098133},"rail-007109":{"out":19.86229501627693,"back":19.86229501627693,"walk_out":66.20765005425643,"walk_back":66.20765005425643},"rail-007159":{"out":18.00597752326547,"back":18.00597752326547,"walk_out":60.01992507755156,"walk_back":60.01992507755156},"rail-007113":{"out":19.968157646460334,"back":19.968157646460334,"walk_out":66.56052548820111,"walk_back":66.56052548820111},"rail-007562":{"out":20.395548309368355,"back":20.395548309368355,"walk_out":67.98516103122785,"walk_back":67.98516103122785},"nagahoribashi":{"out":8.9833623420264,"back":8.9833623420264,"walk_out":29.944541140088,"walk_back":29.944541140088},"nagai":{"out":20.608908394894897,"back":20.608908394894897,"walk_out":68.69636131631633,"walk_back":68.69636131631633},"rail-007425":{"out":27.601587652198965,"back":27.601587652198965,"walk_out":92.00529217399655,"walk_back":92.00529217399655},"rail-007460":{"out":6.947238046946455,"back":6.947238046946455,"walk_out":23.157460156488185,"walk_back":23.157460156488185},"awaza":{"out":12.714926138109517,"back":12.714926138109517,"walk_out":42.38308712703172,"walk_back":42.38308712703172},"rail-007543":{"out":18.696825339616506,"back":18.696825339616506,"walk_out":62.32275113205502,"walk_back":62.32275113205502},"rail-007235":{"out":27.60123839240794,"back":27.60123839240794,"walk_out":92.00412797469313,"walk_back":92.00412797469313},"rail-007229":{"out":27.623243383034755,"back":27.623243383034755,"walk_out":92.07747794344918,"walk_back":92.07747794344918},"rail-007628":{"out":29.549822359389225,"back":29.549822359389225,"walk_out":98.49940786463075,"walk_back":98.49940786463075},"rail-007125":{"out":22.771936786657335,"back":22.771936786657335,"walk_out":75.90645595552445,"walk_back":75.90645595552445},"rail-007556":{"out":17.456727161216932,"back":17.456727161216932,"walk_out":58.189090537389774,"walk_back":58.189090537389774},"tsuruhashi":{"out":11.199346366478895,"back":11.199346366478895,"walk_out":37.331154554929654,"walk_back":37.331154554929654}}}},{"type":"Feature","geometry":{"type":"Point","coordinates":[135.61770861481688,34.56926245694115]},"properties":{"id":"osaka-info-11176","name":"道明寺天満宮 菜種御供大祭","venue":"道明寺天満宮","address":"藤井寺市道明寺1-16-40","category":"伝統行事","date":"2027-03-25","end_date":"2027-03-25","start":null,"end":null,"schedule":"3月25日","url":"https://osaka-info.jp/event/domyoujitenmangu-natane/","source":"OSAKA-INFO（大阪観光局）","source_category":"伝統行事","source_updated":"2026-05-08","fetched_at":"2026-09-13T05:27:23.764Z","coordinate_source":"https://osaka-info.jp/event/domyoujitenmangu-natane/","fictional":false,"access":{"rail-007632":{"out":27.015158688239783,"back":27.015158688239783,"walk_out":90.05052896079928,"walk_back":90.05052896079928},"rail-007767":{"out":17.728331707938064,"back":17.728331707938064,"walk_out":59.094439026460215,"walk_back":59.094439026460215},"kyuhoji":{"out":26.563897986457196,"back":26.563897986457196,"walk_out":88.54632662152399,"walk_back":88.54632662152399},"rail-007738":{"out":27.697093778200305,"back":27.697093778200305,"walk_out":92.32364592733434,"walk_back":92.32364592733434},"rail-007754":{"out":28.600602185053997,"back":28.600602185053997,"walk_out":95.33534061684665,"walk_back":95.33534061684665},"rail-007549":{"out":24.27220625110234,"back":24.27220625110234,"walk_out":80.90735417034114,"walk_back":80.90735417034114},"rail-007560":{"out":22.651580574645553,"back":22.651580574645553,"walk_out":75.50526858215184,"walk_back":75.50526858215184},"rail-007618":{"out":17.828720053865432,"back":17.828720053865432,"walk_out":59.429066846218106,"walk_back":59.429066846218106},"rail-007582":{"out":26.05906024404879,"back":26.05906024404879,"walk_out":86.86353414682931,"walk_back":86.86353414682931},"rail-007718":{"out":7.406096580520616,"back":7.406096580520616,"walk_out":24.686988601735386,"walk_back":24.686988601735386},"rail-007790":{"out":21.08590521373638,"back":21.08590521373638,"walk_out":70.28635071245459,"walk_back":70.28635071245459},"rail-007581":{"out":29.877773949947205,"back":29.877773949947205,"walk_out":99.59257983315734,"walk_back":99.59257983315734},"rail-007676":{"out":1.2972375127878524,"back":1.2972375127878524,"walk_out":4.324125042626174,"walk_back":4.324125042626174},"rail-007633":{"out":9.222656679460748,"back":9.222656679460748,"walk_out":30.74218893153583,"walk_back":30.74218893153583},"rail-007713":{"out":11.646340113439013,"back":11.646340113439013,"walk_out":38.821133711463375,"walk_back":38.821133711463375},"rail-007653":{"out":6.412199003868012,"back":6.412199003868012,"walk_out":21.37399667956004,"walk_back":21.37399667956004},"rail-007832":{"out":29.540117776623905,"back":29.540117776623905,"walk_out":98.46705925541302,"walk_back":98.46705925541302},"rail-007657":{"out":28.92656692112218,"back":28.92656692112218,"walk_out":96.42188973707393,"walk_back":96.42188973707393},"rail-007606":{"out":13.833918814342484,"back":13.833918814342484,"walk_out":46.11306271447494,"walk_back":46.11306271447494},"rail-007578":{"out":18.334285542301668,"back":18.334285542301668,"walk_out":61.11428514100557,"walk_back":61.11428514100557},"rail-007674":{"out":16.55079223064703,"back":16.55079223064703,"walk_out":55.1693074354901,"walk_back":55.1693074354901},"rail-007528":{"out":26.848078221556463,"back":26.848078221556463,"walk_out":89.49359407185487,"walk_back":89.49359407185487},"rail-007636":{"out":8.002687950163569,"back":8.002687950163569,"walk_out":26.675626500545228,"walk_back":26.675626500545228},"rail-007652":{"out":6.110305192136323,"back":6.110305192136323,"walk_out":20.36768397378774,"walk_back":20.36768397378774},"takaida_osaka":{"out":6.696985491198391,"back":6.696985491198391,"walk_out":22.323284970661305,"walk_back":22.323284970661305},"rail-007670":{"out":16.816288041551676,"back":16.816288041551676,"walk_out":56.05429347183892,"walk_back":56.05429347183892},"kawachi_yamamoto":{"out":26.097429981088435,"back":26.097429981088435,"walk_out":86.99143327029478,"walk_back":86.99143327029478},"rail-007668":{"out":22.255050067243637,"back":22.255050067243637,"walk_out":74.18350022414546,"walk_back":74.18350022414546},"rail-007621":{"out":11.952066098174864,"back":11.952066098174864,"walk_out":39.84022032724955,"walk_back":39.84022032724955},"rail-007678":{"out":8.74077870082129,"back":8.74077870082129,"walk_out":29.135929002737633,"walk_back":29.135929002737633},"kintetsu_yao":{"out":27.433794073376355,"back":27.433794073376355,"walk_out":91.44598024458786,"walk_back":91.44598024458786},"rail-007688":{"out":1.0042860521264994,"back":1.0042860521264994,"walk_out":3.347620173754998,"walk_back":3.347620173754998},"rail-007594":{"out":21.848014516972665,"back":21.848014516972665,"walk_out":72.82671505657555,"walk_back":72.82671505657555},"rail-007723":{"out":19.642480731768202,"back":19.642480731768202,"walk_out":65.47493577256067,"walk_back":65.47493577256067},"rail-007741":{"out":10.577511121403356,"back":10.577511121403356,"walk_out":35.258370404677855,"walk_back":35.258370404677855},"rail-007680":{"out":7.867151772761495,"back":7.867151772761495,"walk_out":26.223839242538315,"walk_back":26.223839242538315},"rail-007551":{"out":22.547936560931223,"back":22.547936560931223,"walk_out":75.15978853643742,"walk_back":75.15978853643742},"rail-007569":{"out":23.801391084343173,"back":23.801391084343173,"walk_out":79.33797028114391,"walk_back":79.33797028114391},"rail-007669":{"out":26.392104410661712,"back":26.392104410661712,"walk_out":87.97368136887238,"walk_back":87.97368136887238},"rail-007679":{"out":12.197314252192577,"back":12.197314252192577,"walk_out":40.65771417397526,"walk_back":40.65771417397526}}}},{"type":"Feature","geometry":{"type":"Point","coordinates":[135.61770861481688,34.56926245694115]},"properties":{"id":"osaka-info-11175","name":"道明寺天満宮 梅花祭（例祭）","venue":"道明寺天満宮","address":"藤井寺市道明寺1-16-40","category":"伝統行事","date":"2027-02-25","end_date":"2027-02-25","start":null,"end":null,"schedule":"2月25日 午前10時","url":"https://osaka-info.jp/event/domyoujitenmangu-baikasai/","source":"OSAKA-INFO（大阪観光局）","source_category":"伝統行事","source_updated":"2026-05-08","fetched_at":"2026-09-13T05:27:23.764Z","coordinate_source":"https://osaka-info.jp/event/domyoujitenmangu-baikasai/","fictional":false,"access":{"rail-007632":{"out":27.015158688239783,"back":27.015158688239783,"walk_out":90.05052896079928,"walk_back":90.05052896079928},"rail-007767":{"out":17.728331707938064,"back":17.728331707938064,"walk_out":59.094439026460215,"walk_back":59.094439026460215},"kyuhoji":{"out":26.563897986457196,"back":26.563897986457196,"walk_out":88.54632662152399,"walk_back":88.54632662152399},"rail-007738":{"out":27.697093778200305,"back":27.697093778200305,"walk_out":92.32364592733434,"walk_back":92.32364592733434},"rail-007754":{"out":28.600602185053997,"back":28.600602185053997,"walk_out":95.33534061684665,"walk_back":95.33534061684665},"rail-007549":{"out":24.27220625110234,"back":24.27220625110234,"walk_out":80.90735417034114,"walk_back":80.90735417034114},"rail-007560":{"out":22.651580574645553,"back":22.651580574645553,"walk_out":75.50526858215184,"walk_back":75.50526858215184},"rail-007618":{"out":17.828720053865432,"back":17.828720053865432,"walk_out":59.429066846218106,"walk_back":59.429066846218106},"rail-007582":{"out":26.05906024404879,"back":26.05906024404879,"walk_out":86.86353414682931,"walk_back":86.86353414682931},"rail-007718":{"out":7.406096580520616,"back":7.406096580520616,"walk_out":24.686988601735386,"walk_back":24.686988601735386},"rail-007790":{"out":21.08590521373638,"back":21.08590521373638,"walk_out":70.28635071245459,"walk_back":70.28635071245459},"rail-007581":{"out":29.877773949947205,"back":29.877773949947205,"walk_out":99.59257983315734,"walk_back":99.59257983315734},"rail-007676":{"out":1.2972375127878524,"back":1.2972375127878524,"walk_out":4.324125042626174,"walk_back":4.324125042626174},"rail-007633":{"out":9.222656679460748,"back":9.222656679460748,"walk_out":30.74218893153583,"walk_back":30.74218893153583},"rail-007713":{"out":11.646340113439013,"back":11.646340113439013,"walk_out":38.821133711463375,"walk_back":38.821133711463375},"rail-007653":{"out":6.412199003868012,"back":6.412199003868012,"walk_out":21.37399667956004,"walk_back":21.37399667956004},"rail-007832":{"out":29.540117776623905,"back":29.540117776623905,"walk_out":98.46705925541302,"walk_back":98.46705925541302},"rail-007657":{"out":28.92656692112218,"back":28.92656692112218,"walk_out":96.42188973707393,"walk_back":96.42188973707393},"rail-007606":{"out":13.833918814342484,"back":13.833918814342484,"walk_out":46.11306271447494,"walk_back":46.11306271447494},"rail-007578":{"out":18.334285542301668,"back":18.334285542301668,"walk_out":61.11428514100557,"walk_back":61.11428514100557},"rail-007674":{"out":16.55079223064703,"back":16.55079223064703,"walk_out":55.1693074354901,"walk_back":55.1693074354901},"rail-007528":{"out":26.848078221556463,"back":26.848078221556463,"walk_out":89.49359407185487,"walk_back":89.49359407185487},"rail-007636":{"out":8.002687950163569,"back":8.002687950163569,"walk_out":26.675626500545228,"walk_back":26.675626500545228},"rail-007652":{"out":6.110305192136323,"back":6.110305192136323,"walk_out":20.36768397378774,"walk_back":20.36768397378774},"takaida_osaka":{"out":6.696985491198391,"back":6.696985491198391,"walk_out":22.323284970661305,"walk_back":22.323284970661305},"rail-007670":{"out":16.816288041551676,"back":16.816288041551676,"walk_out":56.05429347183892,"walk_back":56.05429347183892},"kawachi_yamamoto":{"out":26.097429981088435,"back":26.097429981088435,"walk_out":86.99143327029478,"walk_back":86.99143327029478},"rail-007668":{"out":22.255050067243637,"back":22.255050067243637,"walk_out":74.18350022414546,"walk_back":74.18350022414546},"rail-007621":{"out":11.952066098174864,"back":11.952066098174864,"walk_out":39.84022032724955,"walk_back":39.84022032724955},"rail-007678":{"out":8.74077870082129,"back":8.74077870082129,"walk_out":29.135929002737633,"walk_back":29.135929002737633},"kintetsu_yao":{"out":27.433794073376355,"back":27.433794073376355,"walk_out":91.44598024458786,"walk_back":91.44598024458786},"rail-007688":{"out":1.0042860521264994,"back":1.0042860521264994,"walk_out":3.347620173754998,"walk_back":3.347620173754998},"rail-007594":{"out":21.848014516972665,"back":21.848014516972665,"walk_out":72.82671505657555,"walk_back":72.82671505657555},"rail-007723":{"out":19.642480731768202,"back":19.642480731768202,"walk_out":65.47493577256067,"walk_back":65.47493577256067},"rail-007741":{"out":10.577511121403356,"back":10.577511121403356,"walk_out":35.258370404677855,"walk_back":35.258370404677855},"rail-007680":{"out":7.867151772761495,"back":7.867151772761495,"walk_out":26.223839242538315,"walk_back":26.223839242538315},"rail-007551":{"out":22.547936560931223,"back":22.547936560931223,"walk_out":75.15978853643742,"walk_back":75.15978853643742},"rail-007569":{"out":23.801391084343173,"back":23.801391084343173,"walk_out":79.33797028114391,"walk_back":79.33797028114391},"rail-007669":{"out":26.392104410661712,"back":26.392104410661712,"walk_out":87.97368136887238,"walk_back":87.97368136887238},"rail-007679":{"out":12.197314252192577,"back":12.197314252192577,"walk_out":40.65771417397526,"walk_back":40.65771417397526}}}},{"type":"Feature","geometry":{"type":"Point","coordinates":[135.61770861481688,34.56926245694115]},"properties":{"id":"osaka-info-11174","name":"道明寺天満宮 初天神うそかえ祭","venue":"道明寺天満宮","address":"藤井寺市道明寺1-16-40","category":"伝統行事","date":"2027-01-25","end_date":"2027-01-25","start":null,"end":null,"schedule":"1月25日 午前9時から午後4時","url":"https://osaka-info.jp/event/domyoujitenmangu-usokae/","source":"OSAKA-INFO（大阪観光局）","source_category":"伝統行事","source_updated":"2026-05-08","fetched_at":"2026-09-13T05:27:23.764Z","coordinate_source":"https://osaka-info.jp/event/domyoujitenmangu-usokae/","fictional":false,"access":{"rail-007632":{"out":27.015158688239783,"back":27.015158688239783,"walk_out":90.05052896079928,"walk_back":90.05052896079928},"rail-007767":{"out":17.728331707938064,"back":17.728331707938064,"walk_out":59.094439026460215,"walk_back":59.094439026460215},"kyuhoji":{"out":26.563897986457196,"back":26.563897986457196,"walk_out":88.54632662152399,"walk_back":88.54632662152399},"rail-007738":{"out":27.697093778200305,"back":27.697093778200305,"walk_out":92.32364592733434,"walk_back":92.32364592733434},"rail-007754":{"out":28.600602185053997,"back":28.600602185053997,"walk_out":95.33534061684665,"walk_back":95.33534061684665},"rail-007549":{"out":24.27220625110234,"back":24.27220625110234,"walk_out":80.90735417034114,"walk_back":80.90735417034114},"rail-007560":{"out":22.651580574645553,"back":22.651580574645553,"walk_out":75.50526858215184,"walk_back":75.50526858215184},"rail-007618":{"out":17.828720053865432,"back":17.828720053865432,"walk_out":59.429066846218106,"walk_back":59.429066846218106},"rail-007582":{"out":26.05906024404879,"back":26.05906024404879,"walk_out":86.86353414682931,"walk_back":86.86353414682931},"rail-007718":{"out":7.406096580520616,"back":7.406096580520616,"walk_out":24.686988601735386,"walk_back":24.686988601735386},"rail-007790":{"out":21.08590521373638,"back":21.08590521373638,"walk_out":70.28635071245459,"walk_back":70.28635071245459},"rail-007581":{"out":29.877773949947205,"back":29.877773949947205,"walk_out":99.59257983315734,"walk_back":99.59257983315734},"rail-007676":{"out":1.2972375127878524,"back":1.2972375127878524,"walk_out":4.324125042626174,"walk_back":4.324125042626174},"rail-007633":{"out":9.222656679460748,"back":9.222656679460748,"walk_out":30.74218893153583,"walk_back":30.74218893153583},"rail-007713":{"out":11.646340113439013,"back":11.646340113439013,"walk_out":38.821133711463375,"walk_back":38.821133711463375},"rail-007653":{"out":6.412199003868012,"back":6.412199003868012,"walk_out":21.37399667956004,"walk_back":21.37399667956004},"rail-007832":{"out":29.540117776623905,"back":29.540117776623905,"walk_out":98.46705925541302,"walk_back":98.46705925541302},"rail-007657":{"out":28.92656692112218,"back":28.92656692112218,"walk_out":96.42188973707393,"walk_back":96.42188973707393},"rail-007606":{"out":13.833918814342484,"back":13.833918814342484,"walk_out":46.11306271447494,"walk_back":46.11306271447494},"rail-007578":{"out":18.334285542301668,"back":18.334285542301668,"walk_out":61.11428514100557,"walk_back":61.11428514100557},"rail-007674":{"out":16.55079223064703,"back":16.55079223064703,"walk_out":55.1693074354901,"walk_back":55.1693074354901},"rail-007528":{"out":26.848078221556463,"back":26.848078221556463,"walk_out":89.49359407185487,"walk_back":89.49359407185487},"rail-007636":{"out":8.002687950163569,"back":8.002687950163569,"walk_out":26.675626500545228,"walk_back":26.675626500545228},"rail-007652":{"out":6.110305192136323,"back":6.110305192136323,"walk_out":20.36768397378774,"walk_back":20.36768397378774},"takaida_osaka":{"out":6.696985491198391,"back":6.696985491198391,"walk_out":22.323284970661305,"walk_back":22.323284970661305},"rail-007670":{"out":16.816288041551676,"back":16.816288041551676,"walk_out":56.05429347183892,"walk_back":56.05429347183892},"kawachi_yamamoto":{"out":26.097429981088435,"back":26.097429981088435,"walk_out":86.99143327029478,"walk_back":86.99143327029478},"rail-007668":{"out":22.255050067243637,"back":22.255050067243637,"walk_out":74.18350022414546,"walk_back":74.18350022414546},"rail-007621":{"out":11.952066098174864,"back":11.952066098174864,"walk_out":39.84022032724955,"walk_back":39.84022032724955},"rail-007678":{"out":8.74077870082129,"back":8.74077870082129,"walk_out":29.135929002737633,"walk_back":29.135929002737633},"kintetsu_yao":{"out":27.433794073376355,"back":27.433794073376355,"walk_out":91.44598024458786,"walk_back":91.44598024458786},"rail-007688":{"out":1.0042860521264994,"back":1.0042860521264994,"walk_out":3.347620173754998,"walk_back":3.347620173754998},"rail-007594":{"out":21.848014516972665,"back":21.848014516972665,"walk_out":72.82671505657555,"walk_back":72.82671505657555},"rail-007723":{"out":19.642480731768202,"back":19.642480731768202,"walk_out":65.47493577256067,"walk_back":65.47493577256067},"rail-007741":{"out":10.577511121403356,"back":10.577511121403356,"walk_out":35.258370404677855,"walk_back":35.258370404677855},"rail-007680":{"out":7.867151772761495,"back":7.867151772761495,"walk_out":26.223839242538315,"walk_back":26.223839242538315},"rail-007551":{"out":22.547936560931223,"back":22.547936560931223,"walk_out":75.15978853643742,"walk_back":75.15978853643742},"rail-007569":{"out":23.801391084343173,"back":23.801391084343173,"walk_out":79.33797028114391,"walk_back":79.33797028114391},"rail-007669":{"out":26.392104410661712,"back":26.392104410661712,"walk_out":87.97368136887238,"walk_back":87.97368136887238},"rail-007679":{"out":12.197314252192577,"back":12.197314252192577,"walk_out":40.65771417397526,"walk_back":40.65771417397526}}}},{"type":"Feature","geometry":{"type":"Point","coordinates":[135.5126585928832,34.69610367599017]},"properties":{"id":"osaka-info-11171","name":"大阪天満宮 初天神梅花祭","venue":"大阪天満宮","address":"大阪市北区天神橋2-1-8","category":"伝統行事","date":"2027-01-24","end_date":"2027-01-25","start":null,"end":null,"schedule":"1月24日・25日9:00~17:00","url":"https://osaka-info.jp/event/osakatenmangu-hatutenjinbaikasai/","source":"OSAKA-INFO（大阪観光局）","source_category":"伝統行事","source_updated":"2026-05-08","fetched_at":"2026-09-13T05:27:23.764Z","coordinate_source":"https://osaka-info.jp/event/osakatenmangu-hatutenjinbaikasai/","fictional":false,"access":{"rail-007376":{"out":27.49994928752169,"back":27.49994928752169,"walk_out":91.6664976250723,"walk_back":91.6664976250723},"rail-007344":{"out":25.99679959736416,"back":25.99679959736416,"walk_out":86.65599865788053,"walk_back":86.65599865788053},"rail-006872":{"out":20.052075517874894,"back":20.052075517874894,"walk_out":66.84025172624965,"walk_back":66.84025172624965},"rail-007041":{"out":11.540944928131825,"back":11.540944928131825,"walk_out":38.46981642710609,"walk_back":38.46981642710609},"rail-007422":{"out":29.432021114387535,"back":29.432021114387535,"walk_out":98.10673704795845,"walk_back":98.10673704795845},"rail-006860":{"out":24.27245831436403,"back":24.27245831436403,"walk_out":80.90819438121343,"walk_back":80.90819438121343},"naniwabashi":{"out":2.4082528208883724,"back":2.4082528208883724,"walk_out":8.027509402961241,"walk_back":8.027509402961241},"namba":{"out":14.06508171257453,"back":14.06508171257453,"walk_out":46.88360570858177,"walk_back":46.88360570858177},"rail-007283":{"out":16.893582186183302,"back":16.893582186183302,"walk_out":56.311940620611004,"walk_back":56.311940620611004},"rail-007280":{"out":16.570254754443933,"back":16.570254754443933,"walk_out":55.23418251481311,"walk_back":55.23418251481311},"rail-007300":{"out":29.873754987457517,"back":29.873754987457517,"walk_out":99.57918329152506,"walk_back":99.57918329152506},"rail-006889":{"out":21.36247091542194,"back":21.36247091542194,"walk_out":71.2082363847398,"walk_back":71.2082363847398},"rail-006833":{"out":25.128153239203517,"back":25.128153239203517,"walk_out":83.76051079734506,"walk_back":83.76051079734506},"rail-006849":{"out":22.533534275199152,"back":22.533534275199152,"walk_out":75.1117809173305,"walk_back":75.1117809173305},"nakanoshima":{"out":9.265919657164702,"back":9.265919657164702,"walk_out":30.88639885721567,"walk_back":30.88639885721567},"rail-007040":{"out":5.567670874473693,"back":5.567670874473693,"walk_out":18.558902914912313,"walk_back":18.558902914912313},"rail-007016":{"out":9.576956791311165,"back":9.576956791311165,"walk_out":31.923189304370545,"walk_back":31.923189304370545},"kujo":{"out":17.228408231203655,"back":17.228408231203655,"walk_out":57.42802743734552,"walk_back":57.42802743734552},"kyobashi":{"out":7.792751746629586,"back":7.792751746629586,"walk_out":25.975839155431952,"walk_back":25.975839155431952},"rail-007407":{"out":20.090476665822646,"back":20.090476665822646,"walk_out":66.96825555274215,"walk_back":66.96825555274215},"rail-007402":{"out":18.791777242519977,"back":18.791777242519977,"walk_out":62.6392574750666,"walk_back":62.6392574750666},"rail-007450":{"out":22.754685944415378,"back":22.754685944415378,"walk_out":75.84895314805127,"walk_back":75.84895314805127},"rail-007070":{"out":17.614529596669513,"back":17.614529596669513,"walk_out":58.71509865556504,"walk_back":58.71509865556504},"rail-007459":{"out":23.97009006525707,"back":23.97009006525707,"walk_out":79.90030021752357,"walk_back":79.90030021752357},"rail-007284":{"out":16.77152561882021,"back":16.77152561882021,"walk_out":55.90508539606737,"walk_back":55.90508539606737},"rail-007342":{"out":19.504610834073464,"back":19.504610834073464,"walk_out":65.01536944691155,"walk_back":65.01536944691155},"rail-007156":{"out":22.53177547817056,"back":22.53177547817056,"walk_out":75.10591826056853,"walk_back":75.10591826056853},"rail-007378":{"out":27.268760109501724,"back":27.268760109501724,"walk_out":90.89586703167241,"walk_back":90.89586703167241},"rail-007037":{"out":28.163828792138215,"back":28.163828792138215,"walk_out":93.87942930712738,"walk_back":93.87942930712738},"rail-006935":{"out":25.784301078177688,"back":25.784301078177688,"walk_out":85.94767026059229,"walk_back":85.94767026059229},"dobutsuen":{"out":21.723161143110488,"back":21.723161143110488,"walk_out":72.41053714370163,"walk_back":72.41053714370163},"rail-007485":{"out":26.980557248941118,"back":26.980557248941118,"walk_out":89.93519082980372,"walk_back":89.93519082980372},"rail-007412":{"out":24.552728769334237,"back":24.552728769334237,"walk_out":81.84242923111412,"walk_back":81.84242923111412},"rail-007085":{"out":5.792868878841101,"back":5.792868878841101,"walk_out":19.309562929470335,"walk_back":19.309562929470335},"kitahama":{"out":2.760336039274185,"back":2.760336039274185,"walk_out":9.20112013091395,"walk_back":9.20112013091395},"rail-007502":{"out":29.114490278191877,"back":29.114490278191877,"walk_out":97.04830092730626,"walk_back":97.04830092730626},"juso":{"out":15.49644448180515,"back":15.49644448180515,"walk_out":51.6548149393505,"walk_back":51.6548149393505},"rail-006953":{"out":19.803915171898655,"back":19.803915171898655,"walk_out":66.01305057299552,"walk_back":66.01305057299552},"rail-006952":{"out":18.316338407989956,"back":18.316338407989956,"walk_out":61.054461359966524,"walk_back":61.054461359966524},"rail-007014":{"out":25.638717265140354,"back":25.638717265140354,"walk_out":85.46239088380118,"walk_back":85.46239088380118},"rail-007177":{"out":20.63472450644294,"back":20.63472450644294,"walk_out":68.78241502147647,"walk_back":68.78241502147647},"rail-006836":{"out":23.734978712635378,"back":23.734978712635378,"walk_out":79.11659570878459,"walk_back":79.11659570878459},"rail-007462":{"out":27.956825858929406,"back":27.956825858929406,"walk_out":93.18941952976469,"walk_back":93.18941952976469},"rail-006948":{"out":14.045570466052531,"back":14.045570466052531,"walk_out":46.8185682201751,"walk_back":46.8185682201751},"minamimorimachi":{"out":0.9377991049036456,"back":0.9377991049036456,"walk_out":3.125997016345485,"walk_back":3.125997016345485},"rail-006798":{"out":28.294944531300033,"back":28.294944531300033,"walk_out":94.31648177100011,"walk_back":94.31648177100011},"rail-007268":{"out":11.447908704171137,"back":11.447908704171137,"walk_out":38.15969568057046,"walk_back":38.15969568057046},"rail-007382":{"out":16.77469928774401,"back":16.77469928774401,"walk_out":55.91566429248003,"walk_back":55.91566429248003},"rail-006927":{"out":23.081820842164024,"back":23.081820842164024,"walk_out":76.93940280721341,"walk_back":76.93940280721341},"rail-006956":{"out":13.918277109556174,"back":13.918277109556174,"walk_out":46.39425703185391,"walk_back":46.39425703185391},"rail-007190":{"out":6.64867455612579,"back":6.64867455612579,"walk_out":22.162248520419297,"walk_back":22.162248520419297},"rail-007009":{"out":17.63102210290307,"back":17.63102210290307,"walk_out":58.77007367634357,"walk_back":58.77007367634357},"rail-007395":{"out":18.51505328128605,"back":18.51505328128605,"walk_out":61.71684427095351,"walk_back":61.71684427095351},"taisho":{"out":18.106156288703605,"back":18.106156288703605,"walk_out":60.35385429567869,"walk_back":60.35385429567869},"oe_bridge":{"out":4.344242886978471,"back":4.344242886978471,"walk_out":14.48080962326157,"walk_back":14.48080962326157},"osaka_business":{"out":6.533078102129113,"back":6.533078102129113,"walk_out":21.776927007097044,"walk_back":21.776927007097044},"osaka":{"out":6.70295624864453,"back":6.70295624864453,"walk_out":22.343187495481768,"walk_back":22.343187495481768},"uehommachi":{"out":13.985705531934766,"back":13.985705531934766,"walk_out":46.61901843978256,"walk_back":46.61901843978256},"rail-007164":{"out":8.75239674537967,"back":8.75239674537967,"walk_out":29.174655817932234,"walk_back":29.174655817932234},"rail-007107":{"out":4.679867134539436,"back":4.679867134539436,"walk_out":15.599557115131455,"walk_back":15.599557115131455},"rail-007090":{"out":0.6349710556329966,"back":0.6349710556329966,"walk_out":2.1165701854433223,"walk_back":2.1165701854433223},"rail-007451":{"out":22.46213378577561,"back":22.46213378577561,"walk_out":74.8737792859187,"walk_back":74.8737792859187},"rail-007483":{"out":26.89175235250183,"back":26.89175235250183,"walk_out":89.63917450833942,"walk_back":89.63917450833942},"temma":{"out":3.9316395638073436,"back":3.9316395638073436,"walk_out":13.105465212691144,"walk_back":13.105465212691144},"temmabashi":{"out":2.8662787430410255,"back":2.8662787430410255,"walk_out":9.55426247680342,"walk_back":9.55426247680342},"tennoji":{"out":22.179940238807884,"back":22.179940238807884,"walk_out":73.93313412935962,"walk_back":73.93313412935962},"rail-007447":{"out":22.185187599885072,"back":22.185187599885072,"walk_out":73.95062533295024,"walk_back":73.95062533295024},"tenroku":{"out":6.160247179014447,"back":6.160247179014447,"walk_out":20.53415726338149,"walk_back":20.53415726338149},"taishibashi":{"out":21.819821101014995,"back":21.819821101014995,"walk_out":72.73273700338332,"walk_back":72.73273700338332},"rail-007057":{"out":20.252559808225126,"back":20.252559808225126,"walk_out":67.50853269408375,"walk_back":67.50853269408375},"rail-006883":{"out":26.676892524993864,"back":26.676892524993864,"walk_out":88.92297508331288,"walk_back":88.92297508331288},"moriguchi_shi":{"out":25.916374127745197,"back":25.916374127745197,"walk_out":86.38791375915065,"walk_back":86.38791375915065},"rail-007275":{"out":27.112223077619923,"back":27.112223077619923,"walk_out":90.37407692539975,"walk_back":90.37407692539975},"rail-007434":{"out":21.792927815121885,"back":21.792927815121885,"walk_out":72.64309271707295,"walk_back":72.64309271707295},"rail-007368":{"out":22.21563058800398,"back":22.21563058800398,"walk_out":74.05210196001326,"walk_back":74.05210196001326},"rail-007493":{"out":28.384709106455833,"back":28.384709106455833,"walk_out":94.61569702151944,"walk_back":94.61569702151944},"rail-006924":{"out":15.552390964725573,"back":15.552390964725573,"walk_out":51.841303215751914,"walk_back":51.841303215751914},"fuse":{"out":23.442942937097534,"back":23.442942937097534,"walk_out":78.14314312365845,"walk_back":78.14314312365845},"rail-006832":{"out":27.75173767452941,"back":27.75173767452941,"walk_out":92.50579224843136,"walk_back":92.50579224843136},"bentencho":{"out":21.86541312618818,"back":21.86541312618818,"walk_out":72.88471042062727,"walk_back":72.88471042062727},"rail-007011":{"out":22.12687412955563,"back":22.12687412955563,"walk_out":73.75624709851877,"walk_back":73.75624709851877},"rail-007131":{"out":25.19727165592966,"back":25.19727165592966,"walk_out":83.99090551976553,"walk_back":83.99090551976553},"shinsaibashi":{"out":10.652208092243647,"back":10.652208092243647,"walk_out":35.50736030747883,"walk_back":35.50736030747883},"rail-007399":{"out":19.0831288522525,"back":19.0831288522525,"walk_out":63.610429507508336,"walk_back":63.610429507508336},"rail-007061":{"out":3.4973930755698843,"back":3.4973930755698843,"walk_out":11.65797691856628,"walk_back":11.65797691856628},"rail-007162":{"out":18.80921642912002,"back":18.80921642912002,"walk_out":62.69738809706674,"walk_back":62.69738809706674},"rail-007486":{"out":26.887442652531714,"back":26.887442652531714,"walk_out":89.62480884177238,"walk_back":89.62480884177238},"shinimamiya":{"out":20.929330592807606,"back":20.929330592807606,"walk_out":69.76443530935869,"walk_back":69.76443530935869},"rail-007427":{"out":20.99155724341314,"back":20.99155724341314,"walk_out":69.9718574780438,"walk_back":69.9718574780438},"shinosaka":{"out":17.365222534658766,"back":17.365222534658766,"walk_out":57.88407511552922,"walk_back":57.88407511552922},"rail-007001":{"out":18.722248205433573,"back":18.722248205433573,"walk_out":62.407494018111905,"walk_back":62.407494018111905},"rail-007297":{"out":19.625582889451127,"back":19.625582889451127,"walk_out":65.41860963150376,"walk_back":65.41860963150376},"rail-007104":{"out":9.926537500365411,"back":9.926537500365411,"walk_out":33.08845833455137,"walk_back":33.08845833455137},"nipponbashi":{"out":13.35627754005985,"back":13.35627754005985,"walk_out":44.520925133532835,"walk_back":44.520925133532835},"rail-007499":{"out":28.120930115071697,"back":28.120930115071697,"walk_out":93.73643371690565,"walk_back":93.73643371690565},"rail-007370":{"out":28.18547913149502,"back":28.18547913149502,"walk_out":93.95159710498339,"walk_back":93.95159710498339},"rail-007406":{"out":21.375929160566468,"back":21.375929160566468,"walk_out":71.25309720188822,"walk_back":71.25309720188822},"hommachi":{"out":7.992116177442126,"back":7.992116177442126,"walk_out":26.640387258140418,"walk_back":26.640387258140418},"rail-006986":{"out":28.796485648480893,"back":28.796485648480893,"walk_out":95.9882854949363,"walk_back":95.9882854949363},"rail-006869":{"out":20.672492075279067,"back":20.672492075279067,"walk_out":68.90830691759689,"walk_back":68.90830691759689},"rail-007500":{"out":28.328516773039915,"back":28.328516773039915,"walk_out":94.42838924346638,"walk_back":94.42838924346638},"rail-006878":{"out":19.432709619650225,"back":19.432709619650225,"walk_out":64.77569873216741,"walk_back":64.77569873216741},"rail-007479":{"out":27.378739004692406,"back":27.378739004692406,"walk_out":91.26246334897469,"walk_back":91.26246334897469},"rail-007250":{"out":9.163151115418932,"back":9.163151115418932,"walk_out":30.543837051396444,"walk_back":30.543837051396444},"rail-007472":{"out":25.557329352462716,"back":25.557329352462716,"walk_out":85.19109784154239,"walk_back":85.19109784154239},"rail-007487":{"out":26.981633554073404,"back":26.981633554073404,"walk_out":89.93877851357801,"walk_back":89.93877851357801},"rail-006931":{"out":14.489369041670487,"back":14.489369041670487,"walk_out":48.29789680556829,"walk_back":48.29789680556829},"rail-007380":{"out":17.628974573835272,"back":17.628974573835272,"walk_out":58.76324857945091,"walk_back":58.76324857945091},"sakuranomiya":{"out":5.000346452180194,"back":5.000346452180194,"walk_out":16.667821507267316,"walk_back":16.667821507267316},"sakuragawa":{"out":15.585173098118961,"back":15.585173098118961,"walk_out":51.95057699372986,"walk_back":51.95057699372986},"morinomiya":{"out":9.690522681413729,"back":9.690522681413729,"walk_out":32.3017422713791,"walk_back":32.3017422713791},"rail-006977":{"out":17.647722159107605,"back":17.647722159107605,"walk_out":58.825740530358686,"walk_back":58.825740530358686},"rail-007063":{"out":22.194294039299976,"back":22.194294039299976,"walk_out":73.98098013099991,"walk_back":73.98098013099991},"rail-007303":{"out":15.936648507082191,"back":15.936648507082191,"walk_out":53.12216169027398,"walk_back":53.12216169027398},"rail-006800":{"out":28.43874912460136,"back":28.43874912460136,"walk_out":94.79583041533787,"walk_back":94.79583041533787},"rail-007350":{"out":28.893680067170074,"back":28.893680067170074,"walk_out":96.31226689056692,"walk_back":96.31226689056692},"rail-007345":{"out":26.27096558992856,"back":26.27096558992856,"walk_out":87.56988529976186,"walk_back":87.56988529976186},"rail-007470":{"out":24.859669285493474,"back":24.859669285493474,"walk_out":82.86556428497825,"walk_back":82.86556428497825},"rail-007442":{"out":24.314514077026654,"back":24.314514077026654,"walk_out":81.04838025675551,"walk_back":81.04838025675551},"rail-007102":{"out":14.51522351487719,"back":14.51522351487719,"walk_out":48.38407838292397,"walk_back":48.38407838292397},"yodoyabashi":{"out":4.784317974788176,"back":4.784317974788176,"walk_out":15.947726582627253,"walk_back":15.947726582627253},"rail-007097":{"out":17.353375801051182,"back":17.353375801051182,"walk_out":57.84458600350394,"walk_back":57.84458600350394},"awaji":{"out":19.313036317862426,"back":19.313036317862426,"walk_out":64.3767877262081,"walk_back":64.3767877262081},"fukaebashi":{"out":17.82864702149749,"back":17.82864702149749,"walk_out":59.428823404991626,"walk_back":59.428823404991626},"rail-006964":{"out":21.076614651181238,"back":21.076614651181238,"walk_out":70.25538217060414,"walk_back":70.25538217060414},"watanabebashi":{"out":6.194755783903089,"back":6.194755783903089,"walk_out":20.64918594634363,"walk_back":20.64918594634363},"rail-006933":{"out":21.636584653030834,"back":21.636584653030834,"walk_out":72.12194884343612,"walk_back":72.12194884343612},"rail-007154":{"out":13.61398320275566,"back":13.61398320275566,"walk_out":45.379944009185536,"walk_back":45.379944009185536},"rail-007260":{"out":12.47269628596523,"back":12.47269628596523,"walk_out":41.575654286550765,"walk_back":41.575654286550765},"rail-006824":{"out":27.500280870712643,"back":27.500280870712643,"walk_out":91.66760290237548,"walk_back":91.66760290237548},"rail-006807":{"out":28.397141781529342,"back":28.397141781529342,"walk_out":94.65713927176446,"walk_back":94.65713927176446},"rail-006916":{"out":21.529768975448313,"back":21.529768975448313,"walk_out":71.7658965848277,"walk_back":71.7658965848277},"rail-007077":{"out":25.623347580661353,"back":25.623347580661353,"walk_out":85.41115860220451,"walk_back":85.41115860220451},"fukushima":{"out":9.548645281207651,"back":9.548645281207651,"walk_out":31.82881760402551,"walk_back":31.82881760402551},"rail-007201":{"out":13.674074071618659,"back":13.674074071618659,"walk_out":45.58024690539553,"walk_back":45.58024690539553},"rail-007475":{"out":25.884881372526433,"back":25.884881372526433,"walk_out":86.28293790842145,"walk_back":86.28293790842145},"rail-007498":{"out":28.455457207368095,"back":28.455457207368095,"walk_out":94.85152402456032,"walk_back":94.85152402456032},"rail-007143":{"out":6.342930781712072,"back":6.342930781712072,"walk_out":21.143102605706908,"walk_back":21.143102605706908},"rail-007379":{"out":18.769969606340304,"back":18.769969606340304,"walk_out":62.56656535446768,"walk_back":62.56656535446768},"rail-007371":{"out":18.531278242241445,"back":18.531278242241445,"walk_out":61.77092747413815,"walk_back":61.77092747413815},"rail-007454":{"out":23.823754127482072,"back":23.823754127482072,"walk_out":79.41251375827358,"walk_back":79.41251375827358},"rail-007452":{"out":23.01236804974467,"back":23.01236804974467,"walk_out":76.7078934991489,"walk_back":76.7078934991489},"gamo4":{"out":12.9797203387895,"back":12.9797203387895,"walk_out":43.26573446263166,"walk_back":43.26573446263166},"rail-006892":{"out":29.509475310285925,"back":29.509475310285925,"walk_out":98.36491770095309,"walk_back":98.36491770095309},"rail-006942":{"out":14.483995062917755,"back":14.483995062917755,"walk_out":48.27998354305918,"walk_back":48.27998354305918},"nishikujo":{"out":17.736529673809603,"back":17.736529673809603,"walk_out":59.12176557936534,"walk_back":59.12176557936534},"rail-007249":{"out":11.474868844524497,"back":11.474868844524497,"walk_out":38.24956281508166,"walk_back":38.24956281508166},"rail-007476":{"out":26.98410961948564,"back":26.98410961948564,"walk_out":89.94703206495214,"walk_back":89.94703206495214},"rail-007246":{"out":13.609593892847782,"back":13.609593892847782,"walk_out":45.365312976159274,"walk_back":45.365312976159274},"tanimachi9":{"out":12.968028875526867,"back":12.968028875526867,"walk_out":43.22676291842289,"walk_back":43.22676291842289},"tanimachi6":{"out":9.43430315078927,"back":9.43430315078927,"walk_out":31.44767716929757,"walk_back":31.44767716929757},"tanimachi4":{"out":6.431222688344657,"back":6.431222688344657,"walk_out":21.437408961148854,"walk_back":21.437408961148854},"rail-007317":{"out":13.233145403005512,"back":13.233145403005512,"walk_out":44.11048467668504,"walk_back":44.11048467668504},"miyakojima":{"out":7.523338896795569,"back":7.523338896795569,"walk_out":25.077796322651896,"walk_back":25.077796322651896},"rail-007036":{"out":12.27304665273169,"back":12.27304665273169,"walk_out":40.91015550910563,"walk_back":40.91015550910563},"rail-007030":{"out":11.04476300535004,"back":11.04476300535004,"walk_out":36.81587668450013,"walk_back":36.81587668450013},"rail-007109":{"out":13.405337117596003,"back":13.405337117596003,"walk_out":44.684457058653344,"walk_back":44.684457058653344},"rail-007159":{"out":14.161215475157158,"back":14.161215475157158,"walk_out":47.20405158385719,"walk_back":47.20405158385719},"rail-007113":{"out":13.847382326127404,"back":13.847382326127404,"walk_out":46.157941087091345,"walk_back":46.157941087091345},"nagahoribashi":{"out":9.521414523534057,"back":9.521414523534057,"walk_out":31.73804841178019,"walk_back":31.73804841178019},"rail-007013":{"out":14.544446528167757,"back":14.544446528167757,"walk_out":48.48148842722586,"walk_back":48.48148842722586},"rail-007008":{"out":14.464566198312447,"back":14.464566198312447,"walk_out":48.21522066104149,"walk_back":48.21522066104149},"rail-007002":{"out":14.675249434833193,"back":14.675249434833193,"walk_out":48.91749811611064,"walk_back":48.91749811611064},"rail-007460":{"out":24.164119624354242,"back":24.164119624354242,"walk_out":80.54706541451415,"walk_back":80.54706541451415},"awaza":{"out":11.176526559743804,"back":11.176526559743804,"walk_out":37.25508853247935,"walk_back":37.25508853247935},"rail-007235":{"out":23.24520538658601,"back":23.24520538658601,"walk_out":77.4840179552867,"walk_back":77.4840179552867},"rail-007229":{"out":23.159345931912657,"back":23.159345931912657,"walk_out":77.19781977304218,"walk_back":77.19781977304218},"rail-007125":{"out":11.943276292002931,"back":11.943276292002931,"walk_out":39.81092097334311,"walk_back":39.81092097334311},"tsuruhashi":{"out":14.973896606816654,"back":14.973896606816654,"walk_out":49.91298868938885,"walk_back":49.91298868938885},"tsurumi":{"out":25.74707662053896,"back":25.74707662053896,"walk_out":85.82358873512986,"walk_back":85.82358873512986}}}},{"type":"Feature","geometry":{"type":"Point","coordinates":[135.4922,34.6125]},"properties":{"id":"osaka-info-11145","name":"住吉大社 宝之市神事","venue":"五月殿～御田～第一本宮","address":"大阪市住吉区住吉2丁目9-89","category":"伝統行事","date":"2026-10-17","end_date":"2026-10-17","start":null,"end":null,"schedule":"10月17日 10:00～","url":"https://osaka-info.jp/event/sumiyoshitaisha-takaranoichishinji/","source":"OSAKA-INFO（大阪観光局）","source_category":"伝統行事","source_updated":"2026-04-28","fetched_at":"2026-09-13T05:27:23.764Z","coordinate_source":"https://osaka-info.jp/event/sumiyoshitaisha-takaranoichishinji/","fictional":false,"access":{"namba":{"out":24.052333989203916,"back":24.052333989203916,"walk_out":80.17444663067972,"walk_back":80.17444663067972},"rail-007283":{"out":26.178269943216023,"back":26.178269943216023,"walk_out":87.26089981072008,"walk_back":87.26089981072008},"rail-007280":{"out":26.377985608109267,"back":26.377985608109267,"walk_out":87.92661869369755,"walk_back":87.92661869369755},"rail-007552":{"out":21.178312112109754,"back":21.178312112109754,"walk_out":70.59437370703252,"walk_back":70.59437370703252},"rail-007507":{"out":24.52584277488889,"back":24.52584277488889,"walk_out":81.75280924962964,"walk_back":81.75280924962964},"rail-007506":{"out":26.709347856682157,"back":26.709347856682157,"walk_out":89.03115952227387,"walk_back":89.03115952227387},"rail-007626":{"out":9.996012814679911,"back":9.996012814679911,"walk_out":33.320042715599705,"walk_back":33.320042715599705},"rail-007693":{"out":20.594386475254883,"back":20.594386475254883,"walk_out":68.64795491751627,"walk_back":68.64795491751627},"rail-007735":{"out":28.545446081456955,"back":28.545446081456955,"walk_out":95.15148693818985,"walk_back":95.15148693818985},"rail-007494":{"out":29.048293767879805,"back":29.048293767879805,"walk_out":96.82764589293268,"walk_back":96.82764589293268},"nakamozu":{"out":25.488415341535763,"back":25.488415341535763,"walk_out":84.96138447178588,"walk_back":84.96138447178588},"kujo":{"out":27.877891760886936,"back":27.877891760886936,"walk_out":92.92630586962312,"walk_back":92.92630586962312},"rail-007407":{"out":18.474238443389083,"back":18.474238443389083,"walk_out":61.580794811296954,"walk_back":61.580794811296954},"rail-007402":{"out":19.14681227122924,"back":19.14681227122924,"walk_out":63.82270757076413,"walk_back":63.82270757076413},"rail-007529":{"out":15.504382212081008,"back":15.504382212081008,"walk_out":51.68127404027003,"walk_back":51.68127404027003},"rail-007450":{"out":15.204187409134901,"back":15.204187409134901,"walk_out":50.68062469711634,"walk_back":50.68062469711634},"rail-007459":{"out":13.991813289098006,"back":13.991813289098006,"walk_out":46.63937763032669,"walk_back":46.63937763032669},"rail-007593":{"out":3.729394637810388,"back":3.729394637810388,"walk_out":12.43131545936796,"walk_back":12.43131545936796},"rail-007580":{"out":7.172821937187635,"back":7.172821937187635,"walk_out":23.909406457292114,"walk_back":23.909406457292114},"rail-007567":{"out":0.6621893294656085,"back":0.6621893294656085,"walk_out":2.207297764885362,"walk_back":2.207297764885362},"rail-007573":{"out":0.7347071567116685,"back":0.7347071567116685,"walk_out":2.449023855705562,"walk_back":2.449023855705562},"rail-007572":{"out":2.006619705069099,"back":2.006619705069099,"walk_out":6.688732350230329,"walk_back":6.688732350230329},"rail-007574":{"out":0.36499170864622904,"back":0.36499170864622904,"walk_out":1.2166390288207634,"walk_back":1.2166390288207634},"rail-007582":{"out":26.855290918806222,"back":26.855290918806222,"walk_out":89.51763639602075,"walk_back":89.51763639602075},"rail-007524":{"out":28.025164046482672,"back":28.025164046482672,"walk_out":93.41721348827556,"walk_back":93.41721348827556},"dobutsuen":{"out":16.249180933705393,"back":16.249180933705393,"walk_out":54.16393644568465,"walk_back":54.16393644568465},"rail-007544":{"out":6.116316608664427,"back":6.116316608664427,"walk_out":20.387722028881424,"walk_back":20.387722028881424},"rail-007485":{"out":10.989694198699803,"back":10.989694198699803,"walk_out":36.63231399566601,"walk_back":36.63231399566601},"rail-007412":{"out":29.275326366224274,"back":29.275326366224274,"walk_out":97.58442122074757,"walk_back":97.58442122074757},"rail-007502":{"out":16.00906943257227,"back":16.00906943257227,"walk_out":53.3635647752409,"walk_back":53.3635647752409},"rail-007522":{"out":8.184017498953073,"back":8.184017498953073,"walk_out":27.280058329843577,"walk_back":27.280058329843577},"rail-007647":{"out":16.01803551002291,"back":16.01803551002291,"walk_out":53.39345170007636,"walk_back":53.39345170007636},"rail-007462":{"out":26.077179569505937,"back":26.077179569505937,"walk_out":86.92393189835312,"walk_back":86.92393189835312},"rail-007570":{"out":16.967743361569624,"back":16.967743361569624,"walk_out":56.55914453856541,"walk_back":56.55914453856541},"rail-007571":{"out":19.73161836845998,"back":19.73161836845998,"walk_out":65.77206122819993,"walk_back":65.77206122819993},"rail-007531":{"out":11.996133563369991,"back":11.996133563369991,"walk_out":39.98711187789997,"walk_back":39.98711187789997},"rail-007581":{"out":21.973130755085368,"back":21.973130755085368,"walk_out":73.2437691836179,"walk_back":73.2437691836179},"rail-007268":{"out":27.377864618536368,"back":27.377864618536368,"walk_out":91.25954872845456,"walk_back":91.25954872845456},"rail-007382":{"out":21.94772196795345,"back":21.94772196795345,"walk_out":73.1590732265115,"walk_back":73.1590732265115},"rail-007649":{"out":16.14198127811309,"back":16.14198127811309,"walk_out":53.806604260376965,"walk_back":53.806604260376965},"rail-007660":{"out":15.693755620734226,"back":15.693755620734226,"walk_out":52.31251873578075,"walk_back":52.31251873578075},"rail-007667":{"out":16.509039966119808,"back":16.509039966119808,"walk_out":55.03013322039936,"walk_back":55.03013322039936},"rail-007534":{"out":4.995550620826385,"back":4.995550620826385,"walk_out":16.651835402754614,"walk_back":16.651835402754614},"rail-007622":{"out":8.181889619559206,"back":8.181889619559206,"walk_out":27.272965398530683,"walk_back":27.272965398530683},"rail-007395":{"out":19.58897504156143,"back":19.58897504156143,"walk_out":65.29658347187143,"walk_back":65.29658347187143},"rail-007654":{"out":16.193237435518952,"back":16.193237435518952,"walk_out":53.977458118396505,"walk_back":53.977458118396505},"taisho":{"out":23.99928902560122,"back":23.99928902560122,"walk_out":79.9976300853374,"walk_back":79.9976300853374},"uehommachi":{"out":25.85840025345258,"back":25.85840025345258,"walk_out":86.1946675115086,"walk_back":86.1946675115086},"osakako":{"out":28.053518009446158,"back":28.053518009446158,"walk_out":93.51172669815386,"walk_back":93.51172669815386},"rail-007451":{"out":16.844626262084404,"back":16.844626262084404,"walk_out":56.14875420694801,"walk_back":56.14875420694801},"rail-007483":{"out":11.051745217616563,"back":11.051745217616563,"walk_out":36.83915072538854,"walk_back":36.83915072538854},"tennoji":{"out":17.09394378796797,"back":17.09394378796797,"walk_out":56.9798126265599,"walk_back":56.9798126265599},"rail-007447":{"out":16.82190904263834,"back":16.82190904263834,"walk_out":56.07303014212779,"walk_back":56.07303014212779},"rail-007515":{"out":7.691508336249598,"back":7.691508336249598,"walk_out":25.638361120831995,"walk_back":25.638361120831995},"rail-007646":{"out":13.7331069854215,"back":13.7331069854215,"walk_out":45.777023284738334,"walk_back":45.777023284738334},"rail-007532":{"out":6.537838924069738,"back":6.537838924069738,"walk_out":21.792796413565792,"walk_back":21.792796413565792},"rail-007592":{"out":3.225116905546211,"back":3.225116905546211,"walk_out":10.750389685154037,"walk_back":10.750389685154037},"rail-007666":{"out":17.67250644268239,"back":17.67250644268239,"walk_out":58.908354808941304,"walk_back":58.908354808941304},"rail-007673":{"out":19.201421223852556,"back":19.201421223852556,"walk_out":64.00473741284185,"walk_back":64.00473741284185},"rail-007434":{"out":19.50729585264814,"back":19.50729585264814,"walk_out":65.02431950882713,"walk_back":65.02431950882713},"rail-007493":{"out":9.669482864194217,"back":9.669482864194217,"walk_out":32.23160954731406,"walk_back":32.23160954731406},"rail-007517":{"out":7.33053821245028,"back":7.33053821245028,"walk_out":24.435127374834266,"walk_back":24.435127374834266},"rail-007657":{"out":23.160992066739762,"back":23.160992066739762,"walk_out":77.20330688913253,"walk_back":77.20330688913253},"rail-007538":{"out":4.768049927337035,"back":4.768049927337035,"walk_out":15.893499757790115,"walk_back":15.893499757790115},"rail-007547":{"out":4.758832158545488,"back":4.758832158545488,"walk_out":15.86277386181829,"walk_back":15.86277386181829},"rail-007559":{"out":3.3670488084519725,"back":3.3670488084519725,"walk_out":11.223496028173242,"walk_back":11.223496028173242},"rail-007575":{"out":12.347158717676068,"back":12.347158717676068,"walk_out":41.157195725586895,"walk_back":41.157195725586895},"rail-007505":{"out":23.03556447271985,"back":23.03556447271985,"walk_out":76.78521490906617,"walk_back":76.78521490906617},"rail-007546":{"out":21.011362267768824,"back":21.011362267768824,"walk_out":70.03787422589608,"walk_back":70.03787422589608},"bentencho":{"out":27.874281557911704,"back":27.874281557911704,"walk_out":92.91427185970568,"walk_back":92.91427185970568},"rail-007682":{"out":20.781474495364858,"back":20.781474495364858,"walk_out":69.2715816512162,"walk_back":69.2715816512162},"shinsaibashi":{"out":27.692754800791747,"back":27.692754800791747,"walk_out":92.30918266930583,"walk_back":92.30918266930583},"rail-007399":{"out":18.89675721722873,"back":18.89675721722873,"walk_out":62.989190724095764,"walk_back":62.989190724095764},"rail-007611":{"out":9.628685490895865,"back":9.628685490895865,"walk_out":32.09561830298622,"walk_back":32.09561830298622},"rail-007609":{"out":5.811955824284021,"back":5.811955824284021,"walk_out":19.373186080946738,"walk_back":19.373186080946738},"rail-007595":{"out":7.079299334035279,"back":7.079299334035279,"walk_out":23.597664446784265,"walk_back":23.597664446784265},"rail-007607":{"out":5.577863793179291,"back":5.577863793179291,"walk_out":18.592879310597635,"walk_back":18.592879310597635},"rail-007486":{"out":14.100633358476593,"back":14.100633358476593,"walk_out":47.00211119492197,"walk_back":47.00211119492197},"shinimamiya":{"out":17.003181435397234,"back":17.003181435397234,"walk_out":56.67727145132411,"walk_back":56.67727145132411},"rail-007427":{"out":16.97040058548862,"back":16.97040058548862,"walk_out":56.56800195162873,"walk_back":56.56800195162873},"rail-007523":{"out":28.546043171700802,"back":28.546043171700802,"walk_out":95.15347723900267,"walk_back":95.15347723900267},"rail-007690":{"out":21.438155767871,"back":21.438155767871,"walk_out":71.46051922623667,"walk_back":71.46051922623667},"nipponbashi":{"out":24.578873049104452,"back":24.578873049104452,"walk_out":81.92957683034817,"walk_back":81.92957683034817},"rail-007499":{"out":12.828394469361687,"back":12.828394469361687,"walk_out":42.76131489787229,"walk_back":42.76131489787229},"rail-007370":{"out":26.726722685503724,"back":26.726722685503724,"walk_out":89.08907561834575,"walk_back":89.08907561834575},"rail-007406":{"out":19.041629981940137,"back":19.041629981940137,"walk_out":63.47209993980045,"walk_back":63.47209993980045},"rail-007623":{"out":9.530944340689171,"back":9.530944340689171,"walk_out":31.769814468963904,"walk_back":31.769814468963904},"rail-007500":{"out":10.710813893025334,"back":10.710813893025334,"walk_out":35.70271297675111,"walk_back":35.70271297675111},"rail-007699":{"out":23.80161211500722,"back":23.80161211500722,"walk_out":79.33870705002407,"walk_back":79.33870705002407},"rail-007525":{"out":6.534026086347576,"back":6.534026086347576,"walk_out":21.78008695449192,"walk_back":21.78008695449192},"rail-007553":{"out":2.552586385757616,"back":2.552586385757616,"walk_out":8.50862128585872,"walk_back":8.50862128585872},"rail-007479":{"out":20.16511758549915,"back":20.16511758549915,"walk_out":67.2170586183305,"walk_back":67.2170586183305},"rail-007250":{"out":28.991373166940484,"back":28.991373166940484,"walk_out":96.63791055646827,"walk_back":96.63791055646827},"rail-007472":{"out":12.40872882186346,"back":12.40872882186346,"walk_out":41.36242940621153,"walk_back":41.36242940621153},"rail-007487":{"out":12.092315664422307,"back":12.092315664422307,"walk_out":40.30771888140769,"walk_back":40.30771888140769},"rail-007380":{"out":24.306329297827997,"back":24.306329297827997,"walk_out":81.02109765942666,"walk_back":81.02109765942666},"sakuragawa":{"out":24.96199765444278,"back":24.96199765444278,"walk_out":83.2066588481426,"walk_back":83.2066588481426},"rail-007303":{"out":24.61359858371375,"back":24.61359858371375,"walk_out":82.04532861237917,"walk_back":82.04532861237917},"rail-007587":{"out":3.2360824543338578,"back":3.2360824543338578,"walk_out":10.786941514446193,"walk_back":10.786941514446193},"rail-007639":{"out":19.83050704636656,"back":19.83050704636656,"walk_out":66.1016901545552,"walk_back":66.1016901545552},"rail-007668":{"out":29.00096819883398,"back":29.00096819883398,"walk_out":96.66989399611326,"walk_back":96.66989399611326},"rail-007470":{"out":17.279471263095974,"back":17.279471263095974,"walk_out":57.59823754365325,"walk_back":57.59823754365325},"rail-007442":{"out":15.728748755028022,"back":15.728748755028022,"walk_out":52.42916251676007,"walk_back":52.42916251676007},"rail-007641":{"out":12.673200950563333,"back":12.673200950563333,"walk_out":42.244003168544445,"walk_back":42.244003168544445},"rail-007630":{"out":10.172647212368428,"back":10.172647212368428,"walk_out":33.908824041228094,"walk_back":33.908824041228094},"rail-007683":{"out":22.02651504913536,"back":22.02651504913536,"walk_out":73.42171683045119,"walk_back":73.42171683045119},"rail-007533":{"out":5.190656592973317,"back":5.190656592973317,"walk_out":17.302188643244392,"walk_back":17.302188643244392},"rail-007519":{"out":14.041318490186505,"back":14.041318490186505,"walk_out":46.80439496728835,"walk_back":46.80439496728835},"rail-007733":{"out":28.811572333294187,"back":28.811572333294187,"walk_out":96.03857444431395,"walk_back":96.03857444431395},"rail-007709":{"out":24.026488484832708,"back":24.026488484832708,"walk_out":80.08829494944236,"walk_back":80.08829494944236},"rail-007704":{"out":23.11107723864573,"back":23.11107723864573,"walk_out":77.0369241288191,"walk_back":77.0369241288191},"rail-007590":{"out":15.204987021866353,"back":15.204987021866353,"walk_out":50.683290072887836,"walk_back":50.683290072887836},"rail-007714":{"out":28.813504822915682,"back":28.813504822915682,"walk_out":96.04501607638561,"walk_back":96.04501607638561},"rail-007706":{"out":26.15798940297499,"back":26.15798940297499,"walk_out":87.19329800991663,"walk_back":87.19329800991663},"rail-007707":{"out":27.614101459328833,"back":27.614101459328833,"walk_out":92.04700486442944,"walk_back":92.04700486442944},"rail-007564":{"out":2.226106500306924,"back":2.226106500306924,"walk_out":7.42035500102308,"walk_back":7.42035500102308},"rail-007640":{"out":12.744632056671303,"back":12.744632056671303,"walk_out":42.48210685557101,"walk_back":42.48210685557101},"rail-007554":{"out":2.493597430923257,"back":2.493597430923257,"walk_out":8.311991436410857,"walk_back":8.311991436410857},"rail-007579":{"out":1.2980230596981788,"back":1.2980230596981788,"walk_out":4.326743532327263,"walk_back":4.326743532327263},"rail-007635":{"out":11.4205849071629,"back":11.4205849071629,"walk_out":38.06861635720966,"walk_back":38.06861635720966},"rail-007475":{"out":16.39112014529473,"back":16.39112014529473,"walk_out":54.63706715098244,"walk_back":54.63706715098244},"rail-007498":{"out":9.520799400969183,"back":9.520799400969183,"walk_out":31.735998003230613,"walk_back":31.735998003230613},"rail-007379":{"out":20.52283623794246,"back":20.52283623794246,"walk_out":68.40945412647487,"walk_back":68.40945412647487},"rail-007371":{"out":21.46960401953997,"back":21.46960401953997,"walk_out":71.5653467317999,"walk_back":71.5653467317999},"rail-007454":{"out":14.191345201985929,"back":14.191345201985929,"walk_out":47.30448400661976,"walk_back":47.30448400661976},"rail-007650":{"out":14.76868111929648,"back":14.76868111929648,"walk_out":49.2289370643216,"walk_back":49.2289370643216},"rail-007452":{"out":14.929774549559466,"back":14.929774549559466,"walk_out":49.76591516519822,"walk_back":49.76591516519822},"rail-007477":{"out":29.749162844211344,"back":29.749162844211344,"walk_out":99.16387614737114,"walk_back":99.16387614737114},"rail-007249":{"out":28.042243997082878,"back":28.042243997082878,"walk_out":93.47414665694292,"walk_back":93.47414665694292},"rail-007476":{"out":11.65393578985907,"back":11.65393578985907,"walk_out":38.84645263286356,"walk_back":38.84645263286356},"rail-007540":{"out":9.342742226966106,"back":9.342742226966106,"walk_out":31.142474089887024,"walk_back":31.142474089887024},"rail-007246":{"out":27.39099671690207,"back":27.39099671690207,"walk_out":91.30332238967357,"walk_back":91.30332238967357},"tanimachi9":{"out":25.76450157976137,"back":25.76450157976137,"walk_out":85.8816719325379,"walk_back":85.8816719325379},"tanimachi6":{"out":29.337139928696434,"back":29.337139928696434,"walk_out":97.79046642898811,"walk_back":97.79046642898811},"rail-007317":{"out":24.70212529156716,"back":24.70212529156716,"walk_out":82.3404176385572,"walk_back":82.3404176385572},"rail-007562":{"out":15.089158483930657,"back":15.089158483930657,"walk_out":50.29719494643552,"walk_back":50.29719494643552},"nagahoribashi":{"out":28.420390634308852,"back":28.420390634308852,"walk_out":94.73463544769616,"walk_back":94.73463544769616},"nagai":{"out":7.986935456730592,"back":7.986935456730592,"walk_out":26.623118189101973,"walk_back":26.623118189101973},"rail-007460":{"out":14.869039528681629,"back":14.869039528681629,"walk_out":49.56346509560543,"walk_back":49.56346509560543},"rail-007543":{"out":15.388344225229504,"back":15.388344225229504,"walk_out":51.29448075076502,"walk_back":51.29448075076502},"rail-007669":{"out":25.761097063800108,"back":25.761097063800108,"walk_out":85.87032354600035,"walk_back":85.87032354600035},"rail-007628":{"out":10.121797698131347,"back":10.121797698131347,"walk_out":33.73932566043783,"walk_back":33.73932566043783},"rail-007556":{"out":9.440048648143689,"back":9.440048648143689,"walk_out":31.466828827145626,"walk_back":31.466828827145626},"tsuruhashi":{"out":27.496354153156116,"back":27.496354153156116,"walk_out":91.65451384385372,"walk_back":91.65451384385372}}}},{"type":"Feature","geometry":{"type":"Point","coordinates":[135.4922,34.6125]},"properties":{"id":"osaka-info-11144","name":"住吉大社 観月祭","venue":"第一本殿、反り橋","address":"大阪市住吉区住吉2丁目9-89","category":"伝統行事","date":"2026-09-25","end_date":"2026-09-25","start":null,"end":null,"schedule":"中秋の名月 18:00～20:30","url":"https://osaka-info.jp/event/sumiyoshitaisha-kangetsusai/","source":"OSAKA-INFO（大阪観光局）","source_category":"伝統行事","source_updated":"2026-04-28","fetched_at":"2026-09-13T05:27:23.764Z","coordinate_source":"https://osaka-info.jp/event/sumiyoshitaisha-kangetsusai/","fictional":false,"access":{"namba":{"out":24.052333989203916,"back":24.052333989203916,"walk_out":80.17444663067972,"walk_back":80.17444663067972},"rail-007283":{"out":26.178269943216023,"back":26.178269943216023,"walk_out":87.26089981072008,"walk_back":87.26089981072008},"rail-007280":{"out":26.377985608109267,"back":26.377985608109267,"walk_out":87.92661869369755,"walk_back":87.92661869369755},"rail-007552":{"out":21.178312112109754,"back":21.178312112109754,"walk_out":70.59437370703252,"walk_back":70.59437370703252},"rail-007507":{"out":24.52584277488889,"back":24.52584277488889,"walk_out":81.75280924962964,"walk_back":81.75280924962964},"rail-007506":{"out":26.709347856682157,"back":26.709347856682157,"walk_out":89.03115952227387,"walk_back":89.03115952227387},"rail-007626":{"out":9.996012814679911,"back":9.996012814679911,"walk_out":33.320042715599705,"walk_back":33.320042715599705},"rail-007693":{"out":20.594386475254883,"back":20.594386475254883,"walk_out":68.64795491751627,"walk_back":68.64795491751627},"rail-007735":{"out":28.545446081456955,"back":28.545446081456955,"walk_out":95.15148693818985,"walk_back":95.15148693818985},"rail-007494":{"out":29.048293767879805,"back":29.048293767879805,"walk_out":96.82764589293268,"walk_back":96.82764589293268},"nakamozu":{"out":25.488415341535763,"back":25.488415341535763,"walk_out":84.96138447178588,"walk_back":84.96138447178588},"kujo":{"out":27.877891760886936,"back":27.877891760886936,"walk_out":92.92630586962312,"walk_back":92.92630586962312},"rail-007407":{"out":18.474238443389083,"back":18.474238443389083,"walk_out":61.580794811296954,"walk_back":61.580794811296954},"rail-007402":{"out":19.14681227122924,"back":19.14681227122924,"walk_out":63.82270757076413,"walk_back":63.82270757076413},"rail-007529":{"out":15.504382212081008,"back":15.504382212081008,"walk_out":51.68127404027003,"walk_back":51.68127404027003},"rail-007450":{"out":15.204187409134901,"back":15.204187409134901,"walk_out":50.68062469711634,"walk_back":50.68062469711634},"rail-007459":{"out":13.991813289098006,"back":13.991813289098006,"walk_out":46.63937763032669,"walk_back":46.63937763032669},"rail-007593":{"out":3.729394637810388,"back":3.729394637810388,"walk_out":12.43131545936796,"walk_back":12.43131545936796},"rail-007580":{"out":7.172821937187635,"back":7.172821937187635,"walk_out":23.909406457292114,"walk_back":23.909406457292114},"rail-007567":{"out":0.6621893294656085,"back":0.6621893294656085,"walk_out":2.207297764885362,"walk_back":2.207297764885362},"rail-007573":{"out":0.7347071567116685,"back":0.7347071567116685,"walk_out":2.449023855705562,"walk_back":2.449023855705562},"rail-007572":{"out":2.006619705069099,"back":2.006619705069099,"walk_out":6.688732350230329,"walk_back":6.688732350230329},"rail-007574":{"out":0.36499170864622904,"back":0.36499170864622904,"walk_out":1.2166390288207634,"walk_back":1.2166390288207634},"rail-007582":{"out":26.855290918806222,"back":26.855290918806222,"walk_out":89.51763639602075,"walk_back":89.51763639602075},"rail-007524":{"out":28.025164046482672,"back":28.025164046482672,"walk_out":93.41721348827556,"walk_back":93.41721348827556},"dobutsuen":{"out":16.249180933705393,"back":16.249180933705393,"walk_out":54.16393644568465,"walk_back":54.16393644568465},"rail-007544":{"out":6.116316608664427,"back":6.116316608664427,"walk_out":20.387722028881424,"walk_back":20.387722028881424},"rail-007485":{"out":10.989694198699803,"back":10.989694198699803,"walk_out":36.63231399566601,"walk_back":36.63231399566601},"rail-007412":{"out":29.275326366224274,"back":29.275326366224274,"walk_out":97.58442122074757,"walk_back":97.58442122074757},"rail-007502":{"out":16.00906943257227,"back":16.00906943257227,"walk_out":53.3635647752409,"walk_back":53.3635647752409},"rail-007522":{"out":8.184017498953073,"back":8.184017498953073,"walk_out":27.280058329843577,"walk_back":27.280058329843577},"rail-007647":{"out":16.01803551002291,"back":16.01803551002291,"walk_out":53.39345170007636,"walk_back":53.39345170007636},"rail-007462":{"out":26.077179569505937,"back":26.077179569505937,"walk_out":86.92393189835312,"walk_back":86.92393189835312},"rail-007570":{"out":16.967743361569624,"back":16.967743361569624,"walk_out":56.55914453856541,"walk_back":56.55914453856541},"rail-007571":{"out":19.73161836845998,"back":19.73161836845998,"walk_out":65.77206122819993,"walk_back":65.77206122819993},"rail-007531":{"out":11.996133563369991,"back":11.996133563369991,"walk_out":39.98711187789997,"walk_back":39.98711187789997},"rail-007581":{"out":21.973130755085368,"back":21.973130755085368,"walk_out":73.2437691836179,"walk_back":73.2437691836179},"rail-007268":{"out":27.377864618536368,"back":27.377864618536368,"walk_out":91.25954872845456,"walk_back":91.25954872845456},"rail-007382":{"out":21.94772196795345,"back":21.94772196795345,"walk_out":73.1590732265115,"walk_back":73.1590732265115},"rail-007649":{"out":16.14198127811309,"back":16.14198127811309,"walk_out":53.806604260376965,"walk_back":53.806604260376965},"rail-007660":{"out":15.693755620734226,"back":15.693755620734226,"walk_out":52.31251873578075,"walk_back":52.31251873578075},"rail-007667":{"out":16.509039966119808,"back":16.509039966119808,"walk_out":55.03013322039936,"walk_back":55.03013322039936},"rail-007534":{"out":4.995550620826385,"back":4.995550620826385,"walk_out":16.651835402754614,"walk_back":16.651835402754614},"rail-007622":{"out":8.181889619559206,"back":8.181889619559206,"walk_out":27.272965398530683,"walk_back":27.272965398530683},"rail-007395":{"out":19.58897504156143,"back":19.58897504156143,"walk_out":65.29658347187143,"walk_back":65.29658347187143},"rail-007654":{"out":16.193237435518952,"back":16.193237435518952,"walk_out":53.977458118396505,"walk_back":53.977458118396505},"taisho":{"out":23.99928902560122,"back":23.99928902560122,"walk_out":79.9976300853374,"walk_back":79.9976300853374},"uehommachi":{"out":25.85840025345258,"back":25.85840025345258,"walk_out":86.1946675115086,"walk_back":86.1946675115086},"osakako":{"out":28.053518009446158,"back":28.053518009446158,"walk_out":93.51172669815386,"walk_back":93.51172669815386},"rail-007451":{"out":16.844626262084404,"back":16.844626262084404,"walk_out":56.14875420694801,"walk_back":56.14875420694801},"rail-007483":{"out":11.051745217616563,"back":11.051745217616563,"walk_out":36.83915072538854,"walk_back":36.83915072538854},"tennoji":{"out":17.09394378796797,"back":17.09394378796797,"walk_out":56.9798126265599,"walk_back":56.9798126265599},"rail-007447":{"out":16.82190904263834,"back":16.82190904263834,"walk_out":56.07303014212779,"walk_back":56.07303014212779},"rail-007515":{"out":7.691508336249598,"back":7.691508336249598,"walk_out":25.638361120831995,"walk_back":25.638361120831995},"rail-007646":{"out":13.7331069854215,"back":13.7331069854215,"walk_out":45.777023284738334,"walk_back":45.777023284738334},"rail-007532":{"out":6.537838924069738,"back":6.537838924069738,"walk_out":21.792796413565792,"walk_back":21.792796413565792},"rail-007592":{"out":3.225116905546211,"back":3.225116905546211,"walk_out":10.750389685154037,"walk_back":10.750389685154037},"rail-007666":{"out":17.67250644268239,"back":17.67250644268239,"walk_out":58.908354808941304,"walk_back":58.908354808941304},"rail-007673":{"out":19.201421223852556,"back":19.201421223852556,"walk_out":64.00473741284185,"walk_back":64.00473741284185},"rail-007434":{"out":19.50729585264814,"back":19.50729585264814,"walk_out":65.02431950882713,"walk_back":65.02431950882713},"rail-007493":{"out":9.669482864194217,"back":9.669482864194217,"walk_out":32.23160954731406,"walk_back":32.23160954731406},"rail-007517":{"out":7.33053821245028,"back":7.33053821245028,"walk_out":24.435127374834266,"walk_back":24.435127374834266},"rail-007657":{"out":23.160992066739762,"back":23.160992066739762,"walk_out":77.20330688913253,"walk_back":77.20330688913253},"rail-007538":{"out":4.768049927337035,"back":4.768049927337035,"walk_out":15.893499757790115,"walk_back":15.893499757790115},"rail-007547":{"out":4.758832158545488,"back":4.758832158545488,"walk_out":15.86277386181829,"walk_back":15.86277386181829},"rail-007559":{"out":3.3670488084519725,"back":3.3670488084519725,"walk_out":11.223496028173242,"walk_back":11.223496028173242},"rail-007575":{"out":12.347158717676068,"back":12.347158717676068,"walk_out":41.157195725586895,"walk_back":41.157195725586895},"rail-007505":{"out":23.03556447271985,"back":23.03556447271985,"walk_out":76.78521490906617,"walk_back":76.78521490906617},"rail-007546":{"out":21.011362267768824,"back":21.011362267768824,"walk_out":70.03787422589608,"walk_back":70.03787422589608},"bentencho":{"out":27.874281557911704,"back":27.874281557911704,"walk_out":92.91427185970568,"walk_back":92.91427185970568},"rail-007682":{"out":20.781474495364858,"back":20.781474495364858,"walk_out":69.2715816512162,"walk_back":69.2715816512162},"shinsaibashi":{"out":27.692754800791747,"back":27.692754800791747,"walk_out":92.30918266930583,"walk_back":92.30918266930583},"rail-007399":{"out":18.89675721722873,"back":18.89675721722873,"walk_out":62.989190724095764,"walk_back":62.989190724095764},"rail-007611":{"out":9.628685490895865,"back":9.628685490895865,"walk_out":32.09561830298622,"walk_back":32.09561830298622},"rail-007609":{"out":5.811955824284021,"back":5.811955824284021,"walk_out":19.373186080946738,"walk_back":19.373186080946738},"rail-007595":{"out":7.079299334035279,"back":7.079299334035279,"walk_out":23.597664446784265,"walk_back":23.597664446784265},"rail-007607":{"out":5.577863793179291,"back":5.577863793179291,"walk_out":18.592879310597635,"walk_back":18.592879310597635},"rail-007486":{"out":14.100633358476593,"back":14.100633358476593,"walk_out":47.00211119492197,"walk_back":47.00211119492197},"shinimamiya":{"out":17.003181435397234,"back":17.003181435397234,"walk_out":56.67727145132411,"walk_back":56.67727145132411},"rail-007427":{"out":16.97040058548862,"back":16.97040058548862,"walk_out":56.56800195162873,"walk_back":56.56800195162873},"rail-007523":{"out":28.546043171700802,"back":28.546043171700802,"walk_out":95.15347723900267,"walk_back":95.15347723900267},"rail-007690":{"out":21.438155767871,"back":21.438155767871,"walk_out":71.46051922623667,"walk_back":71.46051922623667},"nipponbashi":{"out":24.578873049104452,"back":24.578873049104452,"walk_out":81.92957683034817,"walk_back":81.92957683034817},"rail-007499":{"out":12.828394469361687,"back":12.828394469361687,"walk_out":42.76131489787229,"walk_back":42.76131489787229},"rail-007370":{"out":26.726722685503724,"back":26.726722685503724,"walk_out":89.08907561834575,"walk_back":89.08907561834575},"rail-007406":{"out":19.041629981940137,"back":19.041629981940137,"walk_out":63.47209993980045,"walk_back":63.47209993980045},"rail-007623":{"out":9.530944340689171,"back":9.530944340689171,"walk_out":31.769814468963904,"walk_back":31.769814468963904},"rail-007500":{"out":10.710813893025334,"back":10.710813893025334,"walk_out":35.70271297675111,"walk_back":35.70271297675111},"rail-007699":{"out":23.80161211500722,"back":23.80161211500722,"walk_out":79.33870705002407,"walk_back":79.33870705002407},"rail-007525":{"out":6.534026086347576,"back":6.534026086347576,"walk_out":21.78008695449192,"walk_back":21.78008695449192},"rail-007553":{"out":2.552586385757616,"back":2.552586385757616,"walk_out":8.50862128585872,"walk_back":8.50862128585872},"rail-007479":{"out":20.16511758549915,"back":20.16511758549915,"walk_out":67.2170586183305,"walk_back":67.2170586183305},"rail-007250":{"out":28.991373166940484,"back":28.991373166940484,"walk_out":96.63791055646827,"walk_back":96.63791055646827},"rail-007472":{"out":12.40872882186346,"back":12.40872882186346,"walk_out":41.36242940621153,"walk_back":41.36242940621153},"rail-007487":{"out":12.092315664422307,"back":12.092315664422307,"walk_out":40.30771888140769,"walk_back":40.30771888140769},"rail-007380":{"out":24.306329297827997,"back":24.306329297827997,"walk_out":81.02109765942666,"walk_back":81.02109765942666},"sakuragawa":{"out":24.96199765444278,"back":24.96199765444278,"walk_out":83.2066588481426,"walk_back":83.2066588481426},"rail-007303":{"out":24.61359858371375,"back":24.61359858371375,"walk_out":82.04532861237917,"walk_back":82.04532861237917},"rail-007587":{"out":3.2360824543338578,"back":3.2360824543338578,"walk_out":10.786941514446193,"walk_back":10.786941514446193},"rail-007639":{"out":19.83050704636656,"back":19.83050704636656,"walk_out":66.1016901545552,"walk_back":66.1016901545552},"rail-007668":{"out":29.00096819883398,"back":29.00096819883398,"walk_out":96.66989399611326,"walk_back":96.66989399611326},"rail-007470":{"out":17.279471263095974,"back":17.279471263095974,"walk_out":57.59823754365325,"walk_back":57.59823754365325},"rail-007442":{"out":15.728748755028022,"back":15.728748755028022,"walk_out":52.42916251676007,"walk_back":52.42916251676007},"rail-007641":{"out":12.673200950563333,"back":12.673200950563333,"walk_out":42.244003168544445,"walk_back":42.244003168544445},"rail-007630":{"out":10.172647212368428,"back":10.172647212368428,"walk_out":33.908824041228094,"walk_back":33.908824041228094},"rail-007683":{"out":22.02651504913536,"back":22.02651504913536,"walk_out":73.42171683045119,"walk_back":73.42171683045119},"rail-007533":{"out":5.190656592973317,"back":5.190656592973317,"walk_out":17.302188643244392,"walk_back":17.302188643244392},"rail-007519":{"out":14.041318490186505,"back":14.041318490186505,"walk_out":46.80439496728835,"walk_back":46.80439496728835},"rail-007733":{"out":28.811572333294187,"back":28.811572333294187,"walk_out":96.03857444431395,"walk_back":96.03857444431395},"rail-007709":{"out":24.026488484832708,"back":24.026488484832708,"walk_out":80.08829494944236,"walk_back":80.08829494944236},"rail-007704":{"out":23.11107723864573,"back":23.11107723864573,"walk_out":77.0369241288191,"walk_back":77.0369241288191},"rail-007590":{"out":15.204987021866353,"back":15.204987021866353,"walk_out":50.683290072887836,"walk_back":50.683290072887836},"rail-007714":{"out":28.813504822915682,"back":28.813504822915682,"walk_out":96.04501607638561,"walk_back":96.04501607638561},"rail-007706":{"out":26.15798940297499,"back":26.15798940297499,"walk_out":87.19329800991663,"walk_back":87.19329800991663},"rail-007707":{"out":27.614101459328833,"back":27.614101459328833,"walk_out":92.04700486442944,"walk_back":92.04700486442944},"rail-007564":{"out":2.226106500306924,"back":2.226106500306924,"walk_out":7.42035500102308,"walk_back":7.42035500102308},"rail-007640":{"out":12.744632056671303,"back":12.744632056671303,"walk_out":42.48210685557101,"walk_back":42.48210685557101},"rail-007554":{"out":2.493597430923257,"back":2.493597430923257,"walk_out":8.311991436410857,"walk_back":8.311991436410857},"rail-007579":{"out":1.2980230596981788,"back":1.2980230596981788,"walk_out":4.326743532327263,"walk_back":4.326743532327263},"rail-007635":{"out":11.4205849071629,"back":11.4205849071629,"walk_out":38.06861635720966,"walk_back":38.06861635720966},"rail-007475":{"out":16.39112014529473,"back":16.39112014529473,"walk_out":54.63706715098244,"walk_back":54.63706715098244},"rail-007498":{"out":9.520799400969183,"back":9.520799400969183,"walk_out":31.735998003230613,"walk_back":31.735998003230613},"rail-007379":{"out":20.52283623794246,"back":20.52283623794246,"walk_out":68.40945412647487,"walk_back":68.40945412647487},"rail-007371":{"out":21.46960401953997,"back":21.46960401953997,"walk_out":71.5653467317999,"walk_back":71.5653467317999},"rail-007454":{"out":14.191345201985929,"back":14.191345201985929,"walk_out":47.30448400661976,"walk_back":47.30448400661976},"rail-007650":{"out":14.76868111929648,"back":14.76868111929648,"walk_out":49.2289370643216,"walk_back":49.2289370643216},"rail-007452":{"out":14.929774549559466,"back":14.929774549559466,"walk_out":49.76591516519822,"walk_back":49.76591516519822},"rail-007477":{"out":29.749162844211344,"back":29.749162844211344,"walk_out":99.16387614737114,"walk_back":99.16387614737114},"rail-007249":{"out":28.042243997082878,"back":28.042243997082878,"walk_out":93.47414665694292,"walk_back":93.47414665694292},"rail-007476":{"out":11.65393578985907,"back":11.65393578985907,"walk_out":38.84645263286356,"walk_back":38.84645263286356},"rail-007540":{"out":9.342742226966106,"back":9.342742226966106,"walk_out":31.142474089887024,"walk_back":31.142474089887024},"rail-007246":{"out":27.39099671690207,"back":27.39099671690207,"walk_out":91.30332238967357,"walk_back":91.30332238967357},"tanimachi9":{"out":25.76450157976137,"back":25.76450157976137,"walk_out":85.8816719325379,"walk_back":85.8816719325379},"tanimachi6":{"out":29.337139928696434,"back":29.337139928696434,"walk_out":97.79046642898811,"walk_back":97.79046642898811},"rail-007317":{"out":24.70212529156716,"back":24.70212529156716,"walk_out":82.3404176385572,"walk_back":82.3404176385572},"rail-007562":{"out":15.089158483930657,"back":15.089158483930657,"walk_out":50.29719494643552,"walk_back":50.29719494643552},"nagahoribashi":{"out":28.420390634308852,"back":28.420390634308852,"walk_out":94.73463544769616,"walk_back":94.73463544769616},"nagai":{"out":7.986935456730592,"back":7.986935456730592,"walk_out":26.623118189101973,"walk_back":26.623118189101973},"rail-007460":{"out":14.869039528681629,"back":14.869039528681629,"walk_out":49.56346509560543,"walk_back":49.56346509560543},"rail-007543":{"out":15.388344225229504,"back":15.388344225229504,"walk_out":51.29448075076502,"walk_back":51.29448075076502},"rail-007669":{"out":25.761097063800108,"back":25.761097063800108,"walk_out":85.87032354600035,"walk_back":85.87032354600035},"rail-007628":{"out":10.121797698131347,"back":10.121797698131347,"walk_out":33.73932566043783,"walk_back":33.73932566043783},"rail-007556":{"out":9.440048648143689,"back":9.440048648143689,"walk_out":31.466828827145626,"walk_back":31.466828827145626},"tsuruhashi":{"out":27.496354153156116,"back":27.496354153156116,"walk_out":91.65451384385372,"walk_back":91.65451384385372}}}},{"type":"Feature","geometry":{"type":"Point","coordinates":[135.493023,34.613379]},"properties":{"id":"osaka-info-11139","name":"住吉大社 御結鎮神事","venue":"第一本宮前、特設射場","address":"大阪市住吉区住吉2丁目9-89","category":"伝統行事","date":"2027-01-13","end_date":"2027-01-13","start":null,"end":null,"schedule":"1月13日 10:00～","url":"https://osaka-info.jp/event/sumiyoshitaisha-mikechishinji/","source":"OSAKA-INFO（大阪観光局）","source_category":"伝統行事","source_updated":"2026-04-28","fetched_at":"2026-09-13T05:27:23.764Z","coordinate_source":"https://osaka-info.jp/event/sumiyoshitaisha-mikechishinji/","fictional":false,"access":{"namba":{"out":23.628697030076086,"back":23.628697030076086,"walk_out":78.76232343358696,"walk_back":78.76232343358696},"rail-007283":{"out":25.853501331723542,"back":25.853501331723542,"walk_out":86.17833777241181,"walk_back":86.17833777241181},"rail-007280":{"out":26.049564396750053,"back":26.049564396750053,"walk_out":86.83188132250018,"walk_back":86.83188132250018},"rail-007552":{"out":21.42489360750139,"back":21.42489360750139,"walk_out":71.41631202500463,"walk_back":71.41631202500463},"rail-007507":{"out":24.683870995874077,"back":24.683870995874077,"walk_out":82.27956998624693,"walk_back":82.27956998624693},"rail-007506":{"out":26.880334429637678,"back":26.880334429637678,"walk_out":89.60111476545892,"walk_back":89.60111476545892},"rail-007626":{"out":10.478845533909581,"back":10.478845533909581,"walk_out":34.92948511303194,"walk_back":34.92948511303194},"rail-007693":{"out":20.98449524380124,"back":20.98449524380124,"walk_out":69.94831747933748,"walk_back":69.94831747933748},"rail-007735":{"out":28.985570070509638,"back":28.985570070509638,"walk_out":96.61856690169878,"walk_back":96.61856690169878},"rail-007494":{"out":29.20816961994161,"back":29.20816961994161,"walk_out":97.36056539980537,"walk_back":97.36056539980537},"nakamozu":{"out":25.81285143636981,"back":25.81285143636981,"walk_out":86.0428381212327,"walk_back":86.0428381212327},"kujo":{"out":27.570535097621686,"back":27.570535097621686,"walk_out":91.90178365873895,"walk_back":91.90178365873895},"rail-007407":{"out":18.082979415926832,"back":18.082979415926832,"walk_out":60.276598053089444,"walk_back":60.276598053089444},"rail-007402":{"out":18.70984339566256,"back":18.70984339566256,"walk_out":62.36614465220854,"walk_back":62.36614465220854},"rail-007529":{"out":15.07477541017699,"back":15.07477541017699,"walk_out":50.24925136725663,"walk_back":50.24925136725663},"rail-007450":{"out":14.753089320398104,"back":14.753089320398104,"walk_out":49.17696440132701,"walk_back":49.17696440132701},"rail-007459":{"out":13.539632072785112,"back":13.539632072785112,"walk_out":45.132106909283706,"walk_back":45.132106909283706},"rail-007593":{"out":4.219665353532691,"back":4.219665353532691,"walk_out":14.065551178442304,"walk_back":14.065551178442304},"rail-007580":{"out":7.560910522125857,"back":7.560910522125857,"walk_out":25.203035073752854,"walk_back":25.203035073752854},"rail-007567":{"out":0.5314833835762801,"back":0.5314833835762801,"walk_out":1.7716112785876004,"walk_back":1.7716112785876004},"rail-007573":{"out":1.0952360617080126,"back":1.0952360617080126,"walk_out":3.650786872360042,"walk_back":3.650786872360042},"rail-007572":{"out":1.6681283722359037,"back":1.6681283722359037,"walk_out":5.560427907453012,"walk_back":5.560427907453012},"rail-007574":{"out":0.7625077546043549,"back":0.7625077546043549,"walk_out":2.54169251534785,"walk_back":2.54169251534785},"rail-007582":{"out":26.580004256176398,"back":26.580004256176398,"walk_out":88.60001418725466,"walk_back":88.60001418725466},"rail-007524":{"out":27.64426715055687,"back":27.64426715055687,"walk_out":92.14755716852291,"walk_back":92.14755716852291},"dobutsuen":{"out":15.796564802786179,"back":15.796564802786179,"walk_out":52.65521600928726,"walk_back":52.65521600928726},"rail-007544":{"out":6.117740031501329,"back":6.117740031501329,"walk_out":20.392466771671096,"walk_back":20.392466771671096},"rail-007485":{"out":10.534249223833152,"back":10.534249223833152,"walk_out":35.11416407944384,"walk_back":35.11416407944384},"rail-007412":{"out":28.796859203309474,"back":28.796859203309474,"walk_out":95.98953067769826,"walk_back":95.98953067769826},"rail-007502":{"out":15.544717403388997,"back":15.544717403388997,"walk_out":51.81572467796333,"walk_back":51.81572467796333},"rail-007522":{"out":7.6905556692890995,"back":7.6905556692890995,"walk_out":25.635185564297,"walk_back":25.635185564297},"rail-007647":{"out":16.183854208968786,"back":16.183854208968786,"walk_out":53.94618069656262,"walk_back":53.94618069656262},"rail-007462":{"out":25.617732389273467,"back":25.617732389273467,"walk_out":85.39244129757823,"walk_back":85.39244129757823},"rail-007570":{"out":17.25987085018889,"back":17.25987085018889,"walk_out":57.532902833962964,"walk_back":57.532902833962964},"rail-007571":{"out":20.025178857952632,"back":20.025178857952632,"walk_out":66.75059619317544,"walk_back":66.75059619317544},"rail-007531":{"out":11.544868569137448,"back":11.544868569137448,"walk_out":38.482895230458155,"walk_back":38.482895230458155},"rail-007581":{"out":21.702493626082077,"back":21.702493626082077,"walk_out":72.3416454202736,"walk_back":72.3416454202736},"rail-007268":{"out":26.970751000810008,"back":26.970751000810008,"walk_out":89.90250333603336,"walk_back":89.90250333603336},"rail-007382":{"out":21.47398988714972,"back":21.47398988714972,"walk_out":71.57996629049907,"walk_back":71.57996629049907},"rail-007649":{"out":16.633475726081077,"back":16.633475726081077,"walk_out":55.44491908693693,"walk_back":55.44491908693693},"rail-007660":{"out":16.03872323048632,"back":16.03872323048632,"walk_out":53.46241076828773,"walk_back":53.46241076828773},"rail-007667":{"out":16.944576070419817,"back":16.944576070419817,"walk_out":56.481920234732726,"walk_back":56.481920234732726},"rail-007534":{"out":4.563209439151839,"back":4.563209439151839,"walk_out":15.210698130506128,"walk_back":15.210698130506128},"rail-007622":{"out":8.636764240940833,"back":8.636764240940833,"walk_out":28.789214136469443,"walk_back":28.789214136469443},"rail-007395":{"out":19.1700946764991,"back":19.1700946764991,"walk_out":63.90031558833033,"walk_back":63.90031558833033},"rail-007654":{"out":16.672489291417953,"back":16.672489291417953,"walk_out":55.574964304726514,"walk_back":55.574964304726514},"taisho":{"out":23.6740714879978,"back":23.6740714879978,"walk_out":78.91357162665933,"walk_back":78.91357162665933},"uehommachi":{"out":25.378315604633546,"back":25.378315604633546,"walk_out":84.59438534877849,"walk_back":84.59438534877849},"osakako":{"out":28.028759076987914,"back":28.028759076987914,"walk_out":93.42919692329305,"walk_back":93.42919692329305},"rail-007451":{"out":16.35680870455999,"back":16.35680870455999,"walk_out":54.52269568186664,"walk_back":54.52269568186664},"rail-007483":{"out":10.620681167402324,"back":10.620681167402324,"walk_out":35.40227055800775,"walk_back":35.40227055800775},"tennoji":{"out":16.60673537725859,"back":16.60673537725859,"walk_out":55.35578459086197,"walk_back":55.35578459086197},"rail-007447":{"out":16.33719824802302,"back":16.33719824802302,"walk_out":54.45732749341008,"walk_back":54.45732749341008},"rail-007515":{"out":7.237782000972117,"back":7.237782000972117,"walk_out":24.12594000324039,"walk_back":24.12594000324039},"rail-007646":{"out":14.206903697484424,"back":14.206903697484424,"walk_out":47.35634565828142,"walk_back":47.35634565828142},"rail-007532":{"out":6.044274132742308,"back":6.044274132742308,"walk_out":20.14758044247436,"walk_back":20.14758044247436},"rail-007592":{"out":3.682230014311987,"back":3.682230014311987,"walk_out":12.274100047706623,"walk_back":12.274100047706623},"rail-007666":{"out":18.153984684316757,"back":18.153984684316757,"walk_out":60.51328228105585,"walk_back":60.51328228105585},"rail-007673":{"out":19.68476219595879,"back":19.68476219595879,"walk_out":65.6158739865293,"walk_back":65.6158739865293},"rail-007434":{"out":19.013906085395952,"back":19.013906085395952,"walk_out":63.37968695131983,"walk_back":63.37968695131983},"rail-007493":{"out":9.265136706351381,"back":9.265136706351381,"walk_out":30.883789021171268,"walk_back":30.883789021171268},"rail-007517":{"out":6.8914750883558575,"back":6.8914750883558575,"walk_out":22.97158362785286,"walk_back":22.97158362785286},"rail-007657":{"out":23.201430160292954,"back":23.201430160292954,"walk_out":77.33810053430985,"walk_back":77.33810053430985},"rail-007538":{"out":4.281937560093414,"back":4.281937560093414,"walk_out":14.273125200311382,"walk_back":14.273125200311382},"rail-007547":{"out":4.266289495681821,"back":4.266289495681821,"walk_out":14.220964985606072,"walk_back":14.220964985606072},"rail-007559":{"out":2.882004374926433,"back":2.882004374926433,"walk_out":9.606681249754775,"walk_back":9.606681249754775},"rail-007575":{"out":12.679862811301975,"back":12.679862811301975,"walk_out":42.26620937100658,"walk_back":42.26620937100658},"rail-007505":{"out":22.616400413477233,"back":22.616400413477233,"walk_out":75.38800137825744,"walk_back":75.38800137825744},"rail-007546":{"out":20.646691963971428,"back":20.646691963971428,"walk_out":68.82230654657143,"walk_back":68.82230654657143},"bentencho":{"out":27.638228786716372,"back":27.638228786716372,"walk_out":92.12742928905458,"walk_back":92.12742928905458},"rail-007682":{"out":21.266291158686602,"back":21.266291158686602,"walk_out":70.887637195622,"walk_back":70.887637195622},"shinsaibashi":{"out":27.272864505188934,"back":27.272864505188934,"walk_out":90.90954835062978,"walk_back":90.90954835062978},"rail-007399":{"out":18.444558241890167,"back":18.444558241890167,"walk_out":61.48186080630056,"walk_back":61.48186080630056},"rail-007611":{"out":9.64883483916776,"back":9.64883483916776,"walk_out":32.162782797225866,"walk_back":32.162782797225866},"rail-007609":{"out":6.109408859426961,"back":6.109408859426961,"walk_out":20.36469619808987,"walk_back":20.36469619808987},"rail-007595":{"out":7.116055067460466,"back":7.116055067460466,"walk_out":23.720183558201555,"walk_back":23.720183558201555},"rail-007607":{"out":6.030373687291567,"back":6.030373687291567,"walk_out":20.10124562430522,"walk_back":20.10124562430522},"rail-007486":{"out":13.609002595570312,"back":13.609002595570312,"walk_out":45.36334198523437,"walk_back":45.36334198523437},"shinimamiya":{"out":16.55984656643273,"back":16.55984656643273,"walk_out":55.19948855477576,"walk_back":55.19948855477576},"rail-007427":{"out":16.519557049735738,"back":16.519557049735738,"walk_out":55.06519016578579,"walk_back":55.06519016578579},"rail-007523":{"out":28.16471780975482,"back":28.16471780975482,"walk_out":93.88239269918273,"walk_back":93.88239269918273},"rail-007690":{"out":21.683016659975443,"back":21.683016659975443,"walk_out":72.27672219991814,"walk_back":72.27672219991814},"nipponbashi":{"out":24.134809171669325,"back":24.134809171669325,"walk_out":80.44936390556443,"walk_back":80.44936390556443},"rail-007499":{"out":12.3388141649466,"back":12.3388141649466,"walk_out":41.129380549822,"walk_back":41.129380549822},"rail-007370":{"out":26.59629118622735,"back":26.59629118622735,"walk_out":88.65430395409116,"walk_back":88.65430395409116},"rail-007406":{"out":18.712998259729183,"back":18.712998259729183,"walk_out":62.376660865763945,"walk_back":62.376660865763945},"rail-007623":{"out":9.77106191885248,"back":9.77106191885248,"walk_out":32.57020639617493,"walk_back":32.57020639617493},"rail-007500":{"out":10.21837786431016,"back":10.21837786431016,"walk_out":34.06125954770053,"walk_back":34.06125954770053},"rail-007699":{"out":24.28690091776912,"back":24.28690091776912,"walk_out":80.95633639256374,"walk_back":80.95633639256374},"rail-007525":{"out":6.092012886449199,"back":6.092012886449199,"walk_out":20.30670962149733,"walk_back":20.30670962149733},"rail-007553":{"out":2.1634430503611015,"back":2.1634430503611015,"walk_out":7.211476834537005,"walk_back":7.211476834537005},"rail-007479":{"out":19.69631397776689,"back":19.69631397776689,"walk_out":65.65437992588963,"walk_back":65.65437992588963},"rail-007250":{"out":28.536895481958407,"back":28.536895481958407,"walk_out":95.12298493986135,"walk_back":95.12298493986135},"rail-007472":{"out":11.954960948012516,"back":11.954960948012516,"walk_out":39.849869826708385,"walk_back":39.849869826708385},"rail-007487":{"out":11.600978217560701,"back":11.600978217560701,"walk_out":38.669927391869,"walk_back":38.669927391869},"rail-007380":{"out":23.814683771699734,"back":23.814683771699734,"walk_out":79.3822792389991,"walk_back":79.3822792389991},"sakuragawa":{"out":24.599696220095304,"back":24.599696220095304,"walk_out":81.99898740031769,"walk_back":81.99898740031769},"rail-007303":{"out":24.253243961777887,"back":24.253243961777887,"walk_out":80.84414653925963,"walk_back":80.84414653925963},"rail-007587":{"out":3.4397943628671603,"back":3.4397943628671603,"walk_out":11.465981209557201,"walk_back":11.465981209557201},"rail-007639":{"out":19.829618046536666,"back":19.829618046536666,"walk_out":66.09872682178889,"walk_back":66.09872682178889},"rail-007668":{"out":28.97884095315079,"back":28.97884095315079,"walk_out":96.59613651050263,"walk_back":96.59613651050263},"rail-007470":{"out":16.787927493538916,"back":16.787927493538916,"walk_out":55.959758311796385,"walk_back":55.959758311796385},"rail-007442":{"out":15.413804995690581,"back":15.413804995690581,"walk_out":51.379349985635265,"walk_back":51.379349985635265},"rail-007641":{"out":12.963234193021409,"back":12.963234193021409,"walk_out":43.210780643404696,"walk_back":43.210780643404696},"rail-007630":{"out":10.579099314375235,"back":10.579099314375235,"walk_out":35.263664381250784,"walk_back":35.263664381250784},"rail-007683":{"out":22.517980753283013,"back":22.517980753283013,"walk_out":75.05993584427671,"walk_back":75.05993584427671},"rail-007533":{"out":4.851240761658946,"back":4.851240761658946,"walk_out":16.170802538863157,"walk_back":16.170802538863157},"rail-007519":{"out":13.584134023257167,"back":13.584134023257167,"walk_out":45.280446744190556,"walk_back":45.280446744190556},"rail-007733":{"out":29.109853692350438,"back":29.109853692350438,"walk_out":97.03284564116812,"walk_back":97.03284564116812},"rail-007709":{"out":24.43271586547125,"back":24.43271586547125,"walk_out":81.44238621823749,"walk_back":81.44238621823749},"rail-007704":{"out":23.473352771833934,"back":23.473352771833934,"walk_out":78.24450923944644,"walk_back":78.24450923944644},"rail-007590":{"out":14.991225553998802,"back":14.991225553998802,"walk_out":49.97075184666267,"walk_back":49.97075184666267},"rail-007714":{"out":29.300529907844435,"back":29.300529907844435,"walk_out":97.66843302614812,"walk_back":97.66843302614812},"rail-007706":{"out":26.644213400397533,"back":26.644213400397533,"walk_out":88.81404466799177,"walk_back":88.81404466799177},"rail-007707":{"out":28.104534507810566,"back":28.104534507810566,"walk_out":93.68178169270189,"walk_back":93.68178169270189},"rail-007564":{"out":1.743473485696476,"back":1.743473485696476,"walk_out":5.81157828565492,"walk_back":5.81157828565492},"rail-007640":{"out":13.21517326690242,"back":13.21517326690242,"walk_out":44.0505775563414,"walk_back":44.0505775563414},"rail-007554":{"out":2.152255462594057,"back":2.152255462594057,"walk_out":7.174184875313524,"walk_back":7.174184875313524},"rail-007579":{"out":1.768668195141799,"back":1.768668195141799,"walk_out":5.895560650472664,"walk_back":5.895560650472664},"rail-007635":{"out":11.883147735431175,"back":11.883147735431175,"walk_out":39.61049245143725,"walk_back":39.61049245143725},"rail-007475":{"out":15.901580211434142,"back":15.901580211434142,"walk_out":53.00526737144714,"walk_back":53.00526737144714},"rail-007498":{"out":9.063087300131777,"back":9.063087300131777,"walk_out":30.210291000439256,"walk_back":30.210291000439256},"rail-007379":{"out":20.15117153655603,"back":20.15117153655603,"walk_out":67.1705717885201,"walk_back":67.1705717885201},"rail-007371":{"out":21.113662052331915,"back":21.113662052331915,"walk_out":70.37887350777305,"walk_back":70.37887350777305},"rail-007454":{"out":13.771428849197266,"back":13.771428849197266,"walk_out":45.90476283065755,"walk_back":45.90476283065755},"rail-007650":{"out":15.245147478275898,"back":15.245147478275898,"walk_out":50.817158260919655,"walk_back":50.817158260919655},"rail-007452":{"out":14.495628729521322,"back":14.495628729521322,"walk_out":48.31876243173774,"walk_back":48.31876243173774},"rail-007477":{"out":29.32080463725365,"back":29.32080463725365,"walk_out":97.73601545751218,"walk_back":97.73601545751218},"rail-007249":{"out":27.64694206040821,"back":27.64694206040821,"walk_out":92.15647353469403,"walk_back":92.15647353469403},"rail-007476":{"out":11.298110992681071,"back":11.298110992681071,"walk_out":37.66036997560357,"walk_back":37.66036997560357},"rail-007540":{"out":8.903966714925337,"back":8.903966714925337,"walk_out":29.679889049751125,"walk_back":29.679889049751125},"rail-007246":{"out":27.02384027841994,"back":27.02384027841994,"walk_out":90.07946759473313,"walk_back":90.07946759473313},"tanimachi9":{"out":25.295570840730527,"back":25.295570840730527,"walk_out":84.31856946910176,"walk_back":84.31856946910176},"tanimachi6":{"out":28.872502787139076,"back":28.872502787139076,"walk_out":96.24167595713025,"walk_back":96.24167595713025},"rail-007317":{"out":24.25803858567288,"back":24.25803858567288,"walk_out":80.86012861890961,"walk_back":80.86012861890961},"rail-007562":{"out":14.742246459412206,"back":14.742246459412206,"walk_out":49.140821531374016,"walk_back":49.140821531374016},"rail-007594":{"out":29.950737772957105,"back":29.950737772957105,"walk_out":99.83579257652369,"walk_back":99.83579257652369},"nagahoribashi":{"out":27.981616926743243,"back":27.981616926743243,"walk_out":93.27205642247748,"walk_back":93.27205642247748},"nagai":{"out":7.754993299770737,"back":7.754993299770737,"walk_out":25.849977665902458,"walk_back":25.849977665902458},"rail-007460":{"out":14.38143487172783,"back":14.38143487172783,"walk_out":47.938116239092764,"walk_back":47.938116239092764},"rail-007543":{"out":14.99829732600662,"back":14.99829732600662,"walk_out":49.99432442002207,"walk_back":49.99432442002207},"rail-007669":{"out":25.78721287047066,"back":25.78721287047066,"walk_out":85.9573762349022,"walk_back":85.9573762349022},"rail-007628":{"out":10.577746272320518,"back":10.577746272320518,"walk_out":35.259154241068394,"walk_back":35.259154241068394},"rail-007556":{"out":9.052299562489544,"back":9.052299562489544,"walk_out":30.17433187496515,"walk_back":30.17433187496515},"tsuruhashi":{"out":27.006636215736577,"back":27.006636215736577,"walk_out":90.02212071912193,"walk_back":90.02212071912193}}}},{"type":"Feature","geometry":{"type":"Point","coordinates":[135.493023,34.613379]},"properties":{"id":"osaka-info-11137","name":"住吉大社 踏歌神事","venue":"第一本宮前","address":"大阪市住吉区住吉2丁目9-89","category":"伝統行事","date":"2027-01-04","end_date":"2027-01-04","start":null,"end":null,"schedule":"1月4日 13:00～","url":"https://osaka-info.jp/event/sumiyoshitaisha-tokashinji/","source":"OSAKA-INFO（大阪観光局）","source_category":"伝統行事","source_updated":"2026-04-28","fetched_at":"2026-09-13T05:27:23.764Z","coordinate_source":"https://osaka-info.jp/event/sumiyoshitaisha-tokashinji/","fictional":false,"access":{"namba":{"out":23.628697030076086,"back":23.628697030076086,"walk_out":78.76232343358696,"walk_back":78.76232343358696},"rail-007283":{"out":25.853501331723542,"back":25.853501331723542,"walk_out":86.17833777241181,"walk_back":86.17833777241181},"rail-007280":{"out":26.049564396750053,"back":26.049564396750053,"walk_out":86.83188132250018,"walk_back":86.83188132250018},"rail-007552":{"out":21.42489360750139,"back":21.42489360750139,"walk_out":71.41631202500463,"walk_back":71.41631202500463},"rail-007507":{"out":24.683870995874077,"back":24.683870995874077,"walk_out":82.27956998624693,"walk_back":82.27956998624693},"rail-007506":{"out":26.880334429637678,"back":26.880334429637678,"walk_out":89.60111476545892,"walk_back":89.60111476545892},"rail-007626":{"out":10.478845533909581,"back":10.478845533909581,"walk_out":34.92948511303194,"walk_back":34.92948511303194},"rail-007693":{"out":20.98449524380124,"back":20.98449524380124,"walk_out":69.94831747933748,"walk_back":69.94831747933748},"rail-007735":{"out":28.985570070509638,"back":28.985570070509638,"walk_out":96.61856690169878,"walk_back":96.61856690169878},"rail-007494":{"out":29.20816961994161,"back":29.20816961994161,"walk_out":97.36056539980537,"walk_back":97.36056539980537},"nakamozu":{"out":25.81285143636981,"back":25.81285143636981,"walk_out":86.0428381212327,"walk_back":86.0428381212327},"kujo":{"out":27.570535097621686,"back":27.570535097621686,"walk_out":91.90178365873895,"walk_back":91.90178365873895},"rail-007407":{"out":18.082979415926832,"back":18.082979415926832,"walk_out":60.276598053089444,"walk_back":60.276598053089444},"rail-007402":{"out":18.70984339566256,"back":18.70984339566256,"walk_out":62.36614465220854,"walk_back":62.36614465220854},"rail-007529":{"out":15.07477541017699,"back":15.07477541017699,"walk_out":50.24925136725663,"walk_back":50.24925136725663},"rail-007450":{"out":14.753089320398104,"back":14.753089320398104,"walk_out":49.17696440132701,"walk_back":49.17696440132701},"rail-007459":{"out":13.539632072785112,"back":13.539632072785112,"walk_out":45.132106909283706,"walk_back":45.132106909283706},"rail-007593":{"out":4.219665353532691,"back":4.219665353532691,"walk_out":14.065551178442304,"walk_back":14.065551178442304},"rail-007580":{"out":7.560910522125857,"back":7.560910522125857,"walk_out":25.203035073752854,"walk_back":25.203035073752854},"rail-007567":{"out":0.5314833835762801,"back":0.5314833835762801,"walk_out":1.7716112785876004,"walk_back":1.7716112785876004},"rail-007573":{"out":1.0952360617080126,"back":1.0952360617080126,"walk_out":3.650786872360042,"walk_back":3.650786872360042},"rail-007572":{"out":1.6681283722359037,"back":1.6681283722359037,"walk_out":5.560427907453012,"walk_back":5.560427907453012},"rail-007574":{"out":0.7625077546043549,"back":0.7625077546043549,"walk_out":2.54169251534785,"walk_back":2.54169251534785},"rail-007582":{"out":26.580004256176398,"back":26.580004256176398,"walk_out":88.60001418725466,"walk_back":88.60001418725466},"rail-007524":{"out":27.64426715055687,"back":27.64426715055687,"walk_out":92.14755716852291,"walk_back":92.14755716852291},"dobutsuen":{"out":15.796564802786179,"back":15.796564802786179,"walk_out":52.65521600928726,"walk_back":52.65521600928726},"rail-007544":{"out":6.117740031501329,"back":6.117740031501329,"walk_out":20.392466771671096,"walk_back":20.392466771671096},"rail-007485":{"out":10.534249223833152,"back":10.534249223833152,"walk_out":35.11416407944384,"walk_back":35.11416407944384},"rail-007412":{"out":28.796859203309474,"back":28.796859203309474,"walk_out":95.98953067769826,"walk_back":95.98953067769826},"rail-007502":{"out":15.544717403388997,"back":15.544717403388997,"walk_out":51.81572467796333,"walk_back":51.81572467796333},"rail-007522":{"out":7.6905556692890995,"back":7.6905556692890995,"walk_out":25.635185564297,"walk_back":25.635185564297},"rail-007647":{"out":16.183854208968786,"back":16.183854208968786,"walk_out":53.94618069656262,"walk_back":53.94618069656262},"rail-007462":{"out":25.617732389273467,"back":25.617732389273467,"walk_out":85.39244129757823,"walk_back":85.39244129757823},"rail-007570":{"out":17.25987085018889,"back":17.25987085018889,"walk_out":57.532902833962964,"walk_back":57.532902833962964},"rail-007571":{"out":20.025178857952632,"back":20.025178857952632,"walk_out":66.75059619317544,"walk_back":66.75059619317544},"rail-007531":{"out":11.544868569137448,"back":11.544868569137448,"walk_out":38.482895230458155,"walk_back":38.482895230458155},"rail-007581":{"out":21.702493626082077,"back":21.702493626082077,"walk_out":72.3416454202736,"walk_back":72.3416454202736},"rail-007268":{"out":26.970751000810008,"back":26.970751000810008,"walk_out":89.90250333603336,"walk_back":89.90250333603336},"rail-007382":{"out":21.47398988714972,"back":21.47398988714972,"walk_out":71.57996629049907,"walk_back":71.57996629049907},"rail-007649":{"out":16.633475726081077,"back":16.633475726081077,"walk_out":55.44491908693693,"walk_back":55.44491908693693},"rail-007660":{"out":16.03872323048632,"back":16.03872323048632,"walk_out":53.46241076828773,"walk_back":53.46241076828773},"rail-007667":{"out":16.944576070419817,"back":16.944576070419817,"walk_out":56.481920234732726,"walk_back":56.481920234732726},"rail-007534":{"out":4.563209439151839,"back":4.563209439151839,"walk_out":15.210698130506128,"walk_back":15.210698130506128},"rail-007622":{"out":8.636764240940833,"back":8.636764240940833,"walk_out":28.789214136469443,"walk_back":28.789214136469443},"rail-007395":{"out":19.1700946764991,"back":19.1700946764991,"walk_out":63.90031558833033,"walk_back":63.90031558833033},"rail-007654":{"out":16.672489291417953,"back":16.672489291417953,"walk_out":55.574964304726514,"walk_back":55.574964304726514},"taisho":{"out":23.6740714879978,"back":23.6740714879978,"walk_out":78.91357162665933,"walk_back":78.91357162665933},"uehommachi":{"out":25.378315604633546,"back":25.378315604633546,"walk_out":84.59438534877849,"walk_back":84.59438534877849},"osakako":{"out":28.028759076987914,"back":28.028759076987914,"walk_out":93.42919692329305,"walk_back":93.42919692329305},"rail-007451":{"out":16.35680870455999,"back":16.35680870455999,"walk_out":54.52269568186664,"walk_back":54.52269568186664},"rail-007483":{"out":10.620681167402324,"back":10.620681167402324,"walk_out":35.40227055800775,"walk_back":35.40227055800775},"tennoji":{"out":16.60673537725859,"back":16.60673537725859,"walk_out":55.35578459086197,"walk_back":55.35578459086197},"rail-007447":{"out":16.33719824802302,"back":16.33719824802302,"walk_out":54.45732749341008,"walk_back":54.45732749341008},"rail-007515":{"out":7.237782000972117,"back":7.237782000972117,"walk_out":24.12594000324039,"walk_back":24.12594000324039},"rail-007646":{"out":14.206903697484424,"back":14.206903697484424,"walk_out":47.35634565828142,"walk_back":47.35634565828142},"rail-007532":{"out":6.044274132742308,"back":6.044274132742308,"walk_out":20.14758044247436,"walk_back":20.14758044247436},"rail-007592":{"out":3.682230014311987,"back":3.682230014311987,"walk_out":12.274100047706623,"walk_back":12.274100047706623},"rail-007666":{"out":18.153984684316757,"back":18.153984684316757,"walk_out":60.51328228105585,"walk_back":60.51328228105585},"rail-007673":{"out":19.68476219595879,"back":19.68476219595879,"walk_out":65.6158739865293,"walk_back":65.6158739865293},"rail-007434":{"out":19.013906085395952,"back":19.013906085395952,"walk_out":63.37968695131983,"walk_back":63.37968695131983},"rail-007493":{"out":9.265136706351381,"back":9.265136706351381,"walk_out":30.883789021171268,"walk_back":30.883789021171268},"rail-007517":{"out":6.8914750883558575,"back":6.8914750883558575,"walk_out":22.97158362785286,"walk_back":22.97158362785286},"rail-007657":{"out":23.201430160292954,"back":23.201430160292954,"walk_out":77.33810053430985,"walk_back":77.33810053430985},"rail-007538":{"out":4.281937560093414,"back":4.281937560093414,"walk_out":14.273125200311382,"walk_back":14.273125200311382},"rail-007547":{"out":4.266289495681821,"back":4.266289495681821,"walk_out":14.220964985606072,"walk_back":14.220964985606072},"rail-007559":{"out":2.882004374926433,"back":2.882004374926433,"walk_out":9.606681249754775,"walk_back":9.606681249754775},"rail-007575":{"out":12.679862811301975,"back":12.679862811301975,"walk_out":42.26620937100658,"walk_back":42.26620937100658},"rail-007505":{"out":22.616400413477233,"back":22.616400413477233,"walk_out":75.38800137825744,"walk_back":75.38800137825744},"rail-007546":{"out":20.646691963971428,"back":20.646691963971428,"walk_out":68.82230654657143,"walk_back":68.82230654657143},"bentencho":{"out":27.638228786716372,"back":27.638228786716372,"walk_out":92.12742928905458,"walk_back":92.12742928905458},"rail-007682":{"out":21.266291158686602,"back":21.266291158686602,"walk_out":70.887637195622,"walk_back":70.887637195622},"shinsaibashi":{"out":27.272864505188934,"back":27.272864505188934,"walk_out":90.90954835062978,"walk_back":90.90954835062978},"rail-007399":{"out":18.444558241890167,"back":18.444558241890167,"walk_out":61.48186080630056,"walk_back":61.48186080630056},"rail-007611":{"out":9.64883483916776,"back":9.64883483916776,"walk_out":32.162782797225866,"walk_back":32.162782797225866},"rail-007609":{"out":6.109408859426961,"back":6.109408859426961,"walk_out":20.36469619808987,"walk_back":20.36469619808987},"rail-007595":{"out":7.116055067460466,"back":7.116055067460466,"walk_out":23.720183558201555,"walk_back":23.720183558201555},"rail-007607":{"out":6.030373687291567,"back":6.030373687291567,"walk_out":20.10124562430522,"walk_back":20.10124562430522},"rail-007486":{"out":13.609002595570312,"back":13.609002595570312,"walk_out":45.36334198523437,"walk_back":45.36334198523437},"shinimamiya":{"out":16.55984656643273,"back":16.55984656643273,"walk_out":55.19948855477576,"walk_back":55.19948855477576},"rail-007427":{"out":16.519557049735738,"back":16.519557049735738,"walk_out":55.06519016578579,"walk_back":55.06519016578579},"rail-007523":{"out":28.16471780975482,"back":28.16471780975482,"walk_out":93.88239269918273,"walk_back":93.88239269918273},"rail-007690":{"out":21.683016659975443,"back":21.683016659975443,"walk_out":72.27672219991814,"walk_back":72.27672219991814},"nipponbashi":{"out":24.134809171669325,"back":24.134809171669325,"walk_out":80.44936390556443,"walk_back":80.44936390556443},"rail-007499":{"out":12.3388141649466,"back":12.3388141649466,"walk_out":41.129380549822,"walk_back":41.129380549822},"rail-007370":{"out":26.59629118622735,"back":26.59629118622735,"walk_out":88.65430395409116,"walk_back":88.65430395409116},"rail-007406":{"out":18.712998259729183,"back":18.712998259729183,"walk_out":62.376660865763945,"walk_back":62.376660865763945},"rail-007623":{"out":9.77106191885248,"back":9.77106191885248,"walk_out":32.57020639617493,"walk_back":32.57020639617493},"rail-007500":{"out":10.21837786431016,"back":10.21837786431016,"walk_out":34.06125954770053,"walk_back":34.06125954770053},"rail-007699":{"out":24.28690091776912,"back":24.28690091776912,"walk_out":80.95633639256374,"walk_back":80.95633639256374},"rail-007525":{"out":6.092012886449199,"back":6.092012886449199,"walk_out":20.30670962149733,"walk_back":20.30670962149733},"rail-007553":{"out":2.1634430503611015,"back":2.1634430503611015,"walk_out":7.211476834537005,"walk_back":7.211476834537005},"rail-007479":{"out":19.69631397776689,"back":19.69631397776689,"walk_out":65.65437992588963,"walk_back":65.65437992588963},"rail-007250":{"out":28.536895481958407,"back":28.536895481958407,"walk_out":95.12298493986135,"walk_back":95.12298493986135},"rail-007472":{"out":11.954960948012516,"back":11.954960948012516,"walk_out":39.849869826708385,"walk_back":39.849869826708385},"rail-007487":{"out":11.600978217560701,"back":11.600978217560701,"walk_out":38.669927391869,"walk_back":38.669927391869},"rail-007380":{"out":23.814683771699734,"back":23.814683771699734,"walk_out":79.3822792389991,"walk_back":79.3822792389991},"sakuragawa":{"out":24.599696220095304,"back":24.599696220095304,"walk_out":81.99898740031769,"walk_back":81.99898740031769},"rail-007303":{"out":24.253243961777887,"back":24.253243961777887,"walk_out":80.84414653925963,"walk_back":80.84414653925963},"rail-007587":{"out":3.4397943628671603,"back":3.4397943628671603,"walk_out":11.465981209557201,"walk_back":11.465981209557201},"rail-007639":{"out":19.829618046536666,"back":19.829618046536666,"walk_out":66.09872682178889,"walk_back":66.09872682178889},"rail-007668":{"out":28.97884095315079,"back":28.97884095315079,"walk_out":96.59613651050263,"walk_back":96.59613651050263},"rail-007470":{"out":16.787927493538916,"back":16.787927493538916,"walk_out":55.959758311796385,"walk_back":55.959758311796385},"rail-007442":{"out":15.413804995690581,"back":15.413804995690581,"walk_out":51.379349985635265,"walk_back":51.379349985635265},"rail-007641":{"out":12.963234193021409,"back":12.963234193021409,"walk_out":43.210780643404696,"walk_back":43.210780643404696},"rail-007630":{"out":10.579099314375235,"back":10.579099314375235,"walk_out":35.263664381250784,"walk_back":35.263664381250784},"rail-007683":{"out":22.517980753283013,"back":22.517980753283013,"walk_out":75.05993584427671,"walk_back":75.05993584427671},"rail-007533":{"out":4.851240761658946,"back":4.851240761658946,"walk_out":16.170802538863157,"walk_back":16.170802538863157},"rail-007519":{"out":13.584134023257167,"back":13.584134023257167,"walk_out":45.280446744190556,"walk_back":45.280446744190556},"rail-007733":{"out":29.109853692350438,"back":29.109853692350438,"walk_out":97.03284564116812,"walk_back":97.03284564116812},"rail-007709":{"out":24.43271586547125,"back":24.43271586547125,"walk_out":81.44238621823749,"walk_back":81.44238621823749},"rail-007704":{"out":23.473352771833934,"back":23.473352771833934,"walk_out":78.24450923944644,"walk_back":78.24450923944644},"rail-007590":{"out":14.991225553998802,"back":14.991225553998802,"walk_out":49.97075184666267,"walk_back":49.97075184666267},"rail-007714":{"out":29.300529907844435,"back":29.300529907844435,"walk_out":97.66843302614812,"walk_back":97.66843302614812},"rail-007706":{"out":26.644213400397533,"back":26.644213400397533,"walk_out":88.81404466799177,"walk_back":88.81404466799177},"rail-007707":{"out":28.104534507810566,"back":28.104534507810566,"walk_out":93.68178169270189,"walk_back":93.68178169270189},"rail-007564":{"out":1.743473485696476,"back":1.743473485696476,"walk_out":5.81157828565492,"walk_back":5.81157828565492},"rail-007640":{"out":13.21517326690242,"back":13.21517326690242,"walk_out":44.0505775563414,"walk_back":44.0505775563414},"rail-007554":{"out":2.152255462594057,"back":2.152255462594057,"walk_out":7.174184875313524,"walk_back":7.174184875313524},"rail-007579":{"out":1.768668195141799,"back":1.768668195141799,"walk_out":5.895560650472664,"walk_back":5.895560650472664},"rail-007635":{"out":11.883147735431175,"back":11.883147735431175,"walk_out":39.61049245143725,"walk_back":39.61049245143725},"rail-007475":{"out":15.901580211434142,"back":15.901580211434142,"walk_out":53.00526737144714,"walk_back":53.00526737144714},"rail-007498":{"out":9.063087300131777,"back":9.063087300131777,"walk_out":30.210291000439256,"walk_back":30.210291000439256},"rail-007379":{"out":20.15117153655603,"back":20.15117153655603,"walk_out":67.1705717885201,"walk_back":67.1705717885201},"rail-007371":{"out":21.113662052331915,"back":21.113662052331915,"walk_out":70.37887350777305,"walk_back":70.37887350777305},"rail-007454":{"out":13.771428849197266,"back":13.771428849197266,"walk_out":45.90476283065755,"walk_back":45.90476283065755},"rail-007650":{"out":15.245147478275898,"back":15.245147478275898,"walk_out":50.817158260919655,"walk_back":50.817158260919655},"rail-007452":{"out":14.495628729521322,"back":14.495628729521322,"walk_out":48.31876243173774,"walk_back":48.31876243173774},"rail-007477":{"out":29.32080463725365,"back":29.32080463725365,"walk_out":97.73601545751218,"walk_back":97.73601545751218},"rail-007249":{"out":27.64694206040821,"back":27.64694206040821,"walk_out":92.15647353469403,"walk_back":92.15647353469403},"rail-007476":{"out":11.298110992681071,"back":11.298110992681071,"walk_out":37.66036997560357,"walk_back":37.66036997560357},"rail-007540":{"out":8.903966714925337,"back":8.903966714925337,"walk_out":29.679889049751125,"walk_back":29.679889049751125},"rail-007246":{"out":27.02384027841994,"back":27.02384027841994,"walk_out":90.07946759473313,"walk_back":90.07946759473313},"tanimachi9":{"out":25.295570840730527,"back":25.295570840730527,"walk_out":84.31856946910176,"walk_back":84.31856946910176},"tanimachi6":{"out":28.872502787139076,"back":28.872502787139076,"walk_out":96.24167595713025,"walk_back":96.24167595713025},"rail-007317":{"out":24.25803858567288,"back":24.25803858567288,"walk_out":80.86012861890961,"walk_back":80.86012861890961},"rail-007562":{"out":14.742246459412206,"back":14.742246459412206,"walk_out":49.140821531374016,"walk_back":49.140821531374016},"rail-007594":{"out":29.950737772957105,"back":29.950737772957105,"walk_out":99.83579257652369,"walk_back":99.83579257652369},"nagahoribashi":{"out":27.981616926743243,"back":27.981616926743243,"walk_out":93.27205642247748,"walk_back":93.27205642247748},"nagai":{"out":7.754993299770737,"back":7.754993299770737,"walk_out":25.849977665902458,"walk_back":25.849977665902458},"rail-007460":{"out":14.38143487172783,"back":14.38143487172783,"walk_out":47.938116239092764,"walk_back":47.938116239092764},"rail-007543":{"out":14.99829732600662,"back":14.99829732600662,"walk_out":49.99432442002207,"walk_back":49.99432442002207},"rail-007669":{"out":25.78721287047066,"back":25.78721287047066,"walk_out":85.9573762349022,"walk_back":85.9573762349022},"rail-007628":{"out":10.577746272320518,"back":10.577746272320518,"walk_out":35.259154241068394,"walk_back":35.259154241068394},"rail-007556":{"out":9.052299562489544,"back":9.052299562489544,"walk_out":30.17433187496515,"walk_back":30.17433187496515},"tsuruhashi":{"out":27.006636215736577,"back":27.006636215736577,"walk_out":90.02212071912193,"walk_back":90.02212071912193}}}},{"type":"Feature","geometry":{"type":"Point","coordinates":[135.493023,34.613379]},"properties":{"id":"osaka-info-11138","name":"住吉大社 白馬神事","venue":"第一本宮前","address":"大阪市住吉区住吉2丁目9-89","category":"伝統行事","date":"2027-01-07","end_date":"2027-01-07","start":null,"end":null,"schedule":"1月7日 11:00～","url":"https://osaka-info.jp/event/sumiyoshitaisha-hakubashinji/","source":"OSAKA-INFO（大阪観光局）","source_category":"伝統行事","source_updated":"2026-04-28","fetched_at":"2026-09-13T05:27:23.764Z","coordinate_source":"https://osaka-info.jp/event/sumiyoshitaisha-hakubashinji/","fictional":false,"access":{"namba":{"out":23.628697030076086,"back":23.628697030076086,"walk_out":78.76232343358696,"walk_back":78.76232343358696},"rail-007283":{"out":25.853501331723542,"back":25.853501331723542,"walk_out":86.17833777241181,"walk_back":86.17833777241181},"rail-007280":{"out":26.049564396750053,"back":26.049564396750053,"walk_out":86.83188132250018,"walk_back":86.83188132250018},"rail-007552":{"out":21.42489360750139,"back":21.42489360750139,"walk_out":71.41631202500463,"walk_back":71.41631202500463},"rail-007507":{"out":24.683870995874077,"back":24.683870995874077,"walk_out":82.27956998624693,"walk_back":82.27956998624693},"rail-007506":{"out":26.880334429637678,"back":26.880334429637678,"walk_out":89.60111476545892,"walk_back":89.60111476545892},"rail-007626":{"out":10.478845533909581,"back":10.478845533909581,"walk_out":34.92948511303194,"walk_back":34.92948511303194},"rail-007693":{"out":20.98449524380124,"back":20.98449524380124,"walk_out":69.94831747933748,"walk_back":69.94831747933748},"rail-007735":{"out":28.985570070509638,"back":28.985570070509638,"walk_out":96.61856690169878,"walk_back":96.61856690169878},"rail-007494":{"out":29.20816961994161,"back":29.20816961994161,"walk_out":97.36056539980537,"walk_back":97.36056539980537},"nakamozu":{"out":25.81285143636981,"back":25.81285143636981,"walk_out":86.0428381212327,"walk_back":86.0428381212327},"kujo":{"out":27.570535097621686,"back":27.570535097621686,"walk_out":91.90178365873895,"walk_back":91.90178365873895},"rail-007407":{"out":18.082979415926832,"back":18.082979415926832,"walk_out":60.276598053089444,"walk_back":60.276598053089444},"rail-007402":{"out":18.70984339566256,"back":18.70984339566256,"walk_out":62.36614465220854,"walk_back":62.36614465220854},"rail-007529":{"out":15.07477541017699,"back":15.07477541017699,"walk_out":50.24925136725663,"walk_back":50.24925136725663},"rail-007450":{"out":14.753089320398104,"back":14.753089320398104,"walk_out":49.17696440132701,"walk_back":49.17696440132701},"rail-007459":{"out":13.539632072785112,"back":13.539632072785112,"walk_out":45.132106909283706,"walk_back":45.132106909283706},"rail-007593":{"out":4.219665353532691,"back":4.219665353532691,"walk_out":14.065551178442304,"walk_back":14.065551178442304},"rail-007580":{"out":7.560910522125857,"back":7.560910522125857,"walk_out":25.203035073752854,"walk_back":25.203035073752854},"rail-007567":{"out":0.5314833835762801,"back":0.5314833835762801,"walk_out":1.7716112785876004,"walk_back":1.7716112785876004},"rail-007573":{"out":1.0952360617080126,"back":1.0952360617080126,"walk_out":3.650786872360042,"walk_back":3.650786872360042},"rail-007572":{"out":1.6681283722359037,"back":1.6681283722359037,"walk_out":5.560427907453012,"walk_back":5.560427907453012},"rail-007574":{"out":0.7625077546043549,"back":0.7625077546043549,"walk_out":2.54169251534785,"walk_back":2.54169251534785},"rail-007582":{"out":26.580004256176398,"back":26.580004256176398,"walk_out":88.60001418725466,"walk_back":88.60001418725466},"rail-007524":{"out":27.64426715055687,"back":27.64426715055687,"walk_out":92.14755716852291,"walk_back":92.14755716852291},"dobutsuen":{"out":15.796564802786179,"back":15.796564802786179,"walk_out":52.65521600928726,"walk_back":52.65521600928726},"rail-007544":{"out":6.117740031501329,"back":6.117740031501329,"walk_out":20.392466771671096,"walk_back":20.392466771671096},"rail-007485":{"out":10.534249223833152,"back":10.534249223833152,"walk_out":35.11416407944384,"walk_back":35.11416407944384},"rail-007412":{"out":28.796859203309474,"back":28.796859203309474,"walk_out":95.98953067769826,"walk_back":95.98953067769826},"rail-007502":{"out":15.544717403388997,"back":15.544717403388997,"walk_out":51.81572467796333,"walk_back":51.81572467796333},"rail-007522":{"out":7.6905556692890995,"back":7.6905556692890995,"walk_out":25.635185564297,"walk_back":25.635185564297},"rail-007647":{"out":16.183854208968786,"back":16.183854208968786,"walk_out":53.94618069656262,"walk_back":53.94618069656262},"rail-007462":{"out":25.617732389273467,"back":25.617732389273467,"walk_out":85.39244129757823,"walk_back":85.39244129757823},"rail-007570":{"out":17.25987085018889,"back":17.25987085018889,"walk_out":57.532902833962964,"walk_back":57.532902833962964},"rail-007571":{"out":20.025178857952632,"back":20.025178857952632,"walk_out":66.75059619317544,"walk_back":66.75059619317544},"rail-007531":{"out":11.544868569137448,"back":11.544868569137448,"walk_out":38.482895230458155,"walk_back":38.482895230458155},"rail-007581":{"out":21.702493626082077,"back":21.702493626082077,"walk_out":72.3416454202736,"walk_back":72.3416454202736},"rail-007268":{"out":26.970751000810008,"back":26.970751000810008,"walk_out":89.90250333603336,"walk_back":89.90250333603336},"rail-007382":{"out":21.47398988714972,"back":21.47398988714972,"walk_out":71.57996629049907,"walk_back":71.57996629049907},"rail-007649":{"out":16.633475726081077,"back":16.633475726081077,"walk_out":55.44491908693693,"walk_back":55.44491908693693},"rail-007660":{"out":16.03872323048632,"back":16.03872323048632,"walk_out":53.46241076828773,"walk_back":53.46241076828773},"rail-007667":{"out":16.944576070419817,"back":16.944576070419817,"walk_out":56.481920234732726,"walk_back":56.481920234732726},"rail-007534":{"out":4.563209439151839,"back":4.563209439151839,"walk_out":15.210698130506128,"walk_back":15.210698130506128},"rail-007622":{"out":8.636764240940833,"back":8.636764240940833,"walk_out":28.789214136469443,"walk_back":28.789214136469443},"rail-007395":{"out":19.1700946764991,"back":19.1700946764991,"walk_out":63.90031558833033,"walk_back":63.90031558833033},"rail-007654":{"out":16.672489291417953,"back":16.672489291417953,"walk_out":55.574964304726514,"walk_back":55.574964304726514},"taisho":{"out":23.6740714879978,"back":23.6740714879978,"walk_out":78.91357162665933,"walk_back":78.91357162665933},"uehommachi":{"out":25.378315604633546,"back":25.378315604633546,"walk_out":84.59438534877849,"walk_back":84.59438534877849},"osakako":{"out":28.028759076987914,"back":28.028759076987914,"walk_out":93.42919692329305,"walk_back":93.42919692329305},"rail-007451":{"out":16.35680870455999,"back":16.35680870455999,"walk_out":54.52269568186664,"walk_back":54.52269568186664},"rail-007483":{"out":10.620681167402324,"back":10.620681167402324,"walk_out":35.40227055800775,"walk_back":35.40227055800775},"tennoji":{"out":16.60673537725859,"back":16.60673537725859,"walk_out":55.35578459086197,"walk_back":55.35578459086197},"rail-007447":{"out":16.33719824802302,"back":16.33719824802302,"walk_out":54.45732749341008,"walk_back":54.45732749341008},"rail-007515":{"out":7.237782000972117,"back":7.237782000972117,"walk_out":24.12594000324039,"walk_back":24.12594000324039},"rail-007646":{"out":14.206903697484424,"back":14.206903697484424,"walk_out":47.35634565828142,"walk_back":47.35634565828142},"rail-007532":{"out":6.044274132742308,"back":6.044274132742308,"walk_out":20.14758044247436,"walk_back":20.14758044247436},"rail-007592":{"out":3.682230014311987,"back":3.682230014311987,"walk_out":12.274100047706623,"walk_back":12.274100047706623},"rail-007666":{"out":18.153984684316757,"back":18.153984684316757,"walk_out":60.51328228105585,"walk_back":60.51328228105585},"rail-007673":{"out":19.68476219595879,"back":19.68476219595879,"walk_out":65.6158739865293,"walk_back":65.6158739865293},"rail-007434":{"out":19.013906085395952,"back":19.013906085395952,"walk_out":63.37968695131983,"walk_back":63.37968695131983},"rail-007493":{"out":9.265136706351381,"back":9.265136706351381,"walk_out":30.883789021171268,"walk_back":30.883789021171268},"rail-007517":{"out":6.8914750883558575,"back":6.8914750883558575,"walk_out":22.97158362785286,"walk_back":22.97158362785286},"rail-007657":{"out":23.201430160292954,"back":23.201430160292954,"walk_out":77.33810053430985,"walk_back":77.33810053430985},"rail-007538":{"out":4.281937560093414,"back":4.281937560093414,"walk_out":14.273125200311382,"walk_back":14.273125200311382},"rail-007547":{"out":4.266289495681821,"back":4.266289495681821,"walk_out":14.220964985606072,"walk_back":14.220964985606072},"rail-007559":{"out":2.882004374926433,"back":2.882004374926433,"walk_out":9.606681249754775,"walk_back":9.606681249754775},"rail-007575":{"out":12.679862811301975,"back":12.679862811301975,"walk_out":42.26620937100658,"walk_back":42.26620937100658},"rail-007505":{"out":22.616400413477233,"back":22.616400413477233,"walk_out":75.38800137825744,"walk_back":75.38800137825744},"rail-007546":{"out":20.646691963971428,"back":20.646691963971428,"walk_out":68.82230654657143,"walk_back":68.82230654657143},"bentencho":{"out":27.638228786716372,"back":27.638228786716372,"walk_out":92.12742928905458,"walk_back":92.12742928905458},"rail-007682":{"out":21.266291158686602,"back":21.266291158686602,"walk_out":70.887637195622,"walk_back":70.887637195622},"shinsaibashi":{"out":27.272864505188934,"back":27.272864505188934,"walk_out":90.90954835062978,"walk_back":90.90954835062978},"rail-007399":{"out":18.444558241890167,"back":18.444558241890167,"walk_out":61.48186080630056,"walk_back":61.48186080630056},"rail-007611":{"out":9.64883483916776,"back":9.64883483916776,"walk_out":32.162782797225866,"walk_back":32.162782797225866},"rail-007609":{"out":6.109408859426961,"back":6.109408859426961,"walk_out":20.36469619808987,"walk_back":20.36469619808987},"rail-007595":{"out":7.116055067460466,"back":7.116055067460466,"walk_out":23.720183558201555,"walk_back":23.720183558201555},"rail-007607":{"out":6.030373687291567,"back":6.030373687291567,"walk_out":20.10124562430522,"walk_back":20.10124562430522},"rail-007486":{"out":13.609002595570312,"back":13.609002595570312,"walk_out":45.36334198523437,"walk_back":45.36334198523437},"shinimamiya":{"out":16.55984656643273,"back":16.55984656643273,"walk_out":55.19948855477576,"walk_back":55.19948855477576},"rail-007427":{"out":16.519557049735738,"back":16.519557049735738,"walk_out":55.06519016578579,"walk_back":55.06519016578579},"rail-007523":{"out":28.16471780975482,"back":28.16471780975482,"walk_out":93.88239269918273,"walk_back":93.88239269918273},"rail-007690":{"out":21.683016659975443,"back":21.683016659975443,"walk_out":72.27672219991814,"walk_back":72.27672219991814},"nipponbashi":{"out":24.134809171669325,"back":24.134809171669325,"walk_out":80.44936390556443,"walk_back":80.44936390556443},"rail-007499":{"out":12.3388141649466,"back":12.3388141649466,"walk_out":41.129380549822,"walk_back":41.129380549822},"rail-007370":{"out":26.59629118622735,"back":26.59629118622735,"walk_out":88.65430395409116,"walk_back":88.65430395409116},"rail-007406":{"out":18.712998259729183,"back":18.712998259729183,"walk_out":62.376660865763945,"walk_back":62.376660865763945},"rail-007623":{"out":9.77106191885248,"back":9.77106191885248,"walk_out":32.57020639617493,"walk_back":32.57020639617493},"rail-007500":{"out":10.21837786431016,"back":10.21837786431016,"walk_out":34.06125954770053,"walk_back":34.06125954770053},"rail-007699":{"out":24.28690091776912,"back":24.28690091776912,"walk_out":80.95633639256374,"walk_back":80.95633639256374},"rail-007525":{"out":6.092012886449199,"back":6.092012886449199,"walk_out":20.30670962149733,"walk_back":20.30670962149733},"rail-007553":{"out":2.1634430503611015,"back":2.1634430503611015,"walk_out":7.211476834537005,"walk_back":7.211476834537005},"rail-007479":{"out":19.69631397776689,"back":19.69631397776689,"walk_out":65.65437992588963,"walk_back":65.65437992588963},"rail-007250":{"out":28.536895481958407,"back":28.536895481958407,"walk_out":95.12298493986135,"walk_back":95.12298493986135},"rail-007472":{"out":11.954960948012516,"back":11.954960948012516,"walk_out":39.849869826708385,"walk_back":39.849869826708385},"rail-007487":{"out":11.600978217560701,"back":11.600978217560701,"walk_out":38.669927391869,"walk_back":38.669927391869},"rail-007380":{"out":23.814683771699734,"back":23.814683771699734,"walk_out":79.3822792389991,"walk_back":79.3822792389991},"sakuragawa":{"out":24.599696220095304,"back":24.599696220095304,"walk_out":81.99898740031769,"walk_back":81.99898740031769},"rail-007303":{"out":24.253243961777887,"back":24.253243961777887,"walk_out":80.84414653925963,"walk_back":80.84414653925963},"rail-007587":{"out":3.4397943628671603,"back":3.4397943628671603,"walk_out":11.465981209557201,"walk_back":11.465981209557201},"rail-007639":{"out":19.829618046536666,"back":19.829618046536666,"walk_out":66.09872682178889,"walk_back":66.09872682178889},"rail-007668":{"out":28.97884095315079,"back":28.97884095315079,"walk_out":96.59613651050263,"walk_back":96.59613651050263},"rail-007470":{"out":16.787927493538916,"back":16.787927493538916,"walk_out":55.959758311796385,"walk_back":55.959758311796385},"rail-007442":{"out":15.413804995690581,"back":15.413804995690581,"walk_out":51.379349985635265,"walk_back":51.379349985635265},"rail-007641":{"out":12.963234193021409,"back":12.963234193021409,"walk_out":43.210780643404696,"walk_back":43.210780643404696},"rail-007630":{"out":10.579099314375235,"back":10.579099314375235,"walk_out":35.263664381250784,"walk_back":35.263664381250784},"rail-007683":{"out":22.517980753283013,"back":22.517980753283013,"walk_out":75.05993584427671,"walk_back":75.05993584427671},"rail-007533":{"out":4.851240761658946,"back":4.851240761658946,"walk_out":16.170802538863157,"walk_back":16.170802538863157},"rail-007519":{"out":13.584134023257167,"back":13.584134023257167,"walk_out":45.280446744190556,"walk_back":45.280446744190556},"rail-007733":{"out":29.109853692350438,"back":29.109853692350438,"walk_out":97.03284564116812,"walk_back":97.03284564116812},"rail-007709":{"out":24.43271586547125,"back":24.43271586547125,"walk_out":81.44238621823749,"walk_back":81.44238621823749},"rail-007704":{"out":23.473352771833934,"back":23.473352771833934,"walk_out":78.24450923944644,"walk_back":78.24450923944644},"rail-007590":{"out":14.991225553998802,"back":14.991225553998802,"walk_out":49.97075184666267,"walk_back":49.97075184666267},"rail-007714":{"out":29.300529907844435,"back":29.300529907844435,"walk_out":97.66843302614812,"walk_back":97.66843302614812},"rail-007706":{"out":26.644213400397533,"back":26.644213400397533,"walk_out":88.81404466799177,"walk_back":88.81404466799177},"rail-007707":{"out":28.104534507810566,"back":28.104534507810566,"walk_out":93.68178169270189,"walk_back":93.68178169270189},"rail-007564":{"out":1.743473485696476,"back":1.743473485696476,"walk_out":5.81157828565492,"walk_back":5.81157828565492},"rail-007640":{"out":13.21517326690242,"back":13.21517326690242,"walk_out":44.0505775563414,"walk_back":44.0505775563414},"rail-007554":{"out":2.152255462594057,"back":2.152255462594057,"walk_out":7.174184875313524,"walk_back":7.174184875313524},"rail-007579":{"out":1.768668195141799,"back":1.768668195141799,"walk_out":5.895560650472664,"walk_back":5.895560650472664},"rail-007635":{"out":11.883147735431175,"back":11.883147735431175,"walk_out":39.61049245143725,"walk_back":39.61049245143725},"rail-007475":{"out":15.901580211434142,"back":15.901580211434142,"walk_out":53.00526737144714,"walk_back":53.00526737144714},"rail-007498":{"out":9.063087300131777,"back":9.063087300131777,"walk_out":30.210291000439256,"walk_back":30.210291000439256},"rail-007379":{"out":20.15117153655603,"back":20.15117153655603,"walk_out":67.1705717885201,"walk_back":67.1705717885201},"rail-007371":{"out":21.113662052331915,"back":21.113662052331915,"walk_out":70.37887350777305,"walk_back":70.37887350777305},"rail-007454":{"out":13.771428849197266,"back":13.771428849197266,"walk_out":45.90476283065755,"walk_back":45.90476283065755},"rail-007650":{"out":15.245147478275898,"back":15.245147478275898,"walk_out":50.817158260919655,"walk_back":50.817158260919655},"rail-007452":{"out":14.495628729521322,"back":14.495628729521322,"walk_out":48.31876243173774,"walk_back":48.31876243173774},"rail-007477":{"out":29.32080463725365,"back":29.32080463725365,"walk_out":97.73601545751218,"walk_back":97.73601545751218},"rail-007249":{"out":27.64694206040821,"back":27.64694206040821,"walk_out":92.15647353469403,"walk_back":92.15647353469403},"rail-007476":{"out":11.298110992681071,"back":11.298110992681071,"walk_out":37.66036997560357,"walk_back":37.66036997560357},"rail-007540":{"out":8.903966714925337,"back":8.903966714925337,"walk_out":29.679889049751125,"walk_back":29.679889049751125},"rail-007246":{"out":27.02384027841994,"back":27.02384027841994,"walk_out":90.07946759473313,"walk_back":90.07946759473313},"tanimachi9":{"out":25.295570840730527,"back":25.295570840730527,"walk_out":84.31856946910176,"walk_back":84.31856946910176},"tanimachi6":{"out":28.872502787139076,"back":28.872502787139076,"walk_out":96.24167595713025,"walk_back":96.24167595713025},"rail-007317":{"out":24.25803858567288,"back":24.25803858567288,"walk_out":80.86012861890961,"walk_back":80.86012861890961},"rail-007562":{"out":14.742246459412206,"back":14.742246459412206,"walk_out":49.140821531374016,"walk_back":49.140821531374016},"rail-007594":{"out":29.950737772957105,"back":29.950737772957105,"walk_out":99.83579257652369,"walk_back":99.83579257652369},"nagahoribashi":{"out":27.981616926743243,"back":27.981616926743243,"walk_out":93.27205642247748,"walk_back":93.27205642247748},"nagai":{"out":7.754993299770737,"back":7.754993299770737,"walk_out":25.849977665902458,"walk_back":25.849977665902458},"rail-007460":{"out":14.38143487172783,"back":14.38143487172783,"walk_out":47.938116239092764,"walk_back":47.938116239092764},"rail-007543":{"out":14.99829732600662,"back":14.99829732600662,"walk_out":49.99432442002207,"walk_back":49.99432442002207},"rail-007669":{"out":25.78721287047066,"back":25.78721287047066,"walk_out":85.9573762349022,"walk_back":85.9573762349022},"rail-007628":{"out":10.577746272320518,"back":10.577746272320518,"walk_out":35.259154241068394,"walk_back":35.259154241068394},"rail-007556":{"out":9.052299562489544,"back":9.052299562489544,"walk_out":30.17433187496515,"walk_back":30.17433187496515},"tsuruhashi":{"out":27.006636215736577,"back":27.006636215736577,"walk_out":90.02212071912193,"walk_back":90.02212071912193}}}},{"type":"Feature","geometry":{"type":"Point","coordinates":[135.493023,34.613379]},"properties":{"id":"osaka-info-11136","name":"住吉大社 若水の儀","venue":"若水の儀･･･第四本殿前井戸歳旦祭･･･第一本宮前","address":"大阪市住吉区住吉2丁目9-89","category":"伝統行事","date":"2027-01-01","end_date":"2027-01-01","start":null,"end":null,"schedule":"元旦若水の儀･･･5:00～歳旦祭･･･初日の出の時刻～","url":"https://osaka-info.jp/event/sumiyoshitaisha-wakamizunogi/","source":"OSAKA-INFO（大阪観光局）","source_category":"伝統行事","source_updated":"2026-04-28","fetched_at":"2026-09-13T05:27:23.764Z","coordinate_source":"https://osaka-info.jp/event/sumiyoshitaisha-wakamizunogi/","fictional":false,"access":{"namba":{"out":23.628697030076086,"back":23.628697030076086,"walk_out":78.76232343358696,"walk_back":78.76232343358696},"rail-007283":{"out":25.853501331723542,"back":25.853501331723542,"walk_out":86.17833777241181,"walk_back":86.17833777241181},"rail-007280":{"out":26.049564396750053,"back":26.049564396750053,"walk_out":86.83188132250018,"walk_back":86.83188132250018},"rail-007552":{"out":21.42489360750139,"back":21.42489360750139,"walk_out":71.41631202500463,"walk_back":71.41631202500463},"rail-007507":{"out":24.683870995874077,"back":24.683870995874077,"walk_out":82.27956998624693,"walk_back":82.27956998624693},"rail-007506":{"out":26.880334429637678,"back":26.880334429637678,"walk_out":89.60111476545892,"walk_back":89.60111476545892},"rail-007626":{"out":10.478845533909581,"back":10.478845533909581,"walk_out":34.92948511303194,"walk_back":34.92948511303194},"rail-007693":{"out":20.98449524380124,"back":20.98449524380124,"walk_out":69.94831747933748,"walk_back":69.94831747933748},"rail-007735":{"out":28.985570070509638,"back":28.985570070509638,"walk_out":96.61856690169878,"walk_back":96.61856690169878},"rail-007494":{"out":29.20816961994161,"back":29.20816961994161,"walk_out":97.36056539980537,"walk_back":97.36056539980537},"nakamozu":{"out":25.81285143636981,"back":25.81285143636981,"walk_out":86.0428381212327,"walk_back":86.0428381212327},"kujo":{"out":27.570535097621686,"back":27.570535097621686,"walk_out":91.90178365873895,"walk_back":91.90178365873895},"rail-007407":{"out":18.082979415926832,"back":18.082979415926832,"walk_out":60.276598053089444,"walk_back":60.276598053089444},"rail-007402":{"out":18.70984339566256,"back":18.70984339566256,"walk_out":62.36614465220854,"walk_back":62.36614465220854},"rail-007529":{"out":15.07477541017699,"back":15.07477541017699,"walk_out":50.24925136725663,"walk_back":50.24925136725663},"rail-007450":{"out":14.753089320398104,"back":14.753089320398104,"walk_out":49.17696440132701,"walk_back":49.17696440132701},"rail-007459":{"out":13.539632072785112,"back":13.539632072785112,"walk_out":45.132106909283706,"walk_back":45.132106909283706},"rail-007593":{"out":4.219665353532691,"back":4.219665353532691,"walk_out":14.065551178442304,"walk_back":14.065551178442304},"rail-007580":{"out":7.560910522125857,"back":7.560910522125857,"walk_out":25.203035073752854,"walk_back":25.203035073752854},"rail-007567":{"out":0.5314833835762801,"back":0.5314833835762801,"walk_out":1.7716112785876004,"walk_back":1.7716112785876004},"rail-007573":{"out":1.0952360617080126,"back":1.0952360617080126,"walk_out":3.650786872360042,"walk_back":3.650786872360042},"rail-007572":{"out":1.6681283722359037,"back":1.6681283722359037,"walk_out":5.560427907453012,"walk_back":5.560427907453012},"rail-007574":{"out":0.7625077546043549,"back":0.7625077546043549,"walk_out":2.54169251534785,"walk_back":2.54169251534785},"rail-007582":{"out":26.580004256176398,"back":26.580004256176398,"walk_out":88.60001418725466,"walk_back":88.60001418725466},"rail-007524":{"out":27.64426715055687,"back":27.64426715055687,"walk_out":92.14755716852291,"walk_back":92.14755716852291},"dobutsuen":{"out":15.796564802786179,"back":15.796564802786179,"walk_out":52.65521600928726,"walk_back":52.65521600928726},"rail-007544":{"out":6.117740031501329,"back":6.117740031501329,"walk_out":20.392466771671096,"walk_back":20.392466771671096},"rail-007485":{"out":10.534249223833152,"back":10.534249223833152,"walk_out":35.11416407944384,"walk_back":35.11416407944384},"rail-007412":{"out":28.796859203309474,"back":28.796859203309474,"walk_out":95.98953067769826,"walk_back":95.98953067769826},"rail-007502":{"out":15.544717403388997,"back":15.544717403388997,"walk_out":51.81572467796333,"walk_back":51.81572467796333},"rail-007522":{"out":7.6905556692890995,"back":7.6905556692890995,"walk_out":25.635185564297,"walk_back":25.635185564297},"rail-007647":{"out":16.183854208968786,"back":16.183854208968786,"walk_out":53.94618069656262,"walk_back":53.94618069656262},"rail-007462":{"out":25.617732389273467,"back":25.617732389273467,"walk_out":85.39244129757823,"walk_back":85.39244129757823},"rail-007570":{"out":17.25987085018889,"back":17.25987085018889,"walk_out":57.532902833962964,"walk_back":57.532902833962964},"rail-007571":{"out":20.025178857952632,"back":20.025178857952632,"walk_out":66.75059619317544,"walk_back":66.75059619317544},"rail-007531":{"out":11.544868569137448,"back":11.544868569137448,"walk_out":38.482895230458155,"walk_back":38.482895230458155},"rail-007581":{"out":21.702493626082077,"back":21.702493626082077,"walk_out":72.3416454202736,"walk_back":72.3416454202736},"rail-007268":{"out":26.970751000810008,"back":26.970751000810008,"walk_out":89.90250333603336,"walk_back":89.90250333603336},"rail-007382":{"out":21.47398988714972,"back":21.47398988714972,"walk_out":71.57996629049907,"walk_back":71.57996629049907},"rail-007649":{"out":16.633475726081077,"back":16.633475726081077,"walk_out":55.44491908693693,"walk_back":55.44491908693693},"rail-007660":{"out":16.03872323048632,"back":16.03872323048632,"walk_out":53.46241076828773,"walk_back":53.46241076828773},"rail-007667":{"out":16.944576070419817,"back":16.944576070419817,"walk_out":56.481920234732726,"walk_back":56.481920234732726},"rail-007534":{"out":4.563209439151839,"back":4.563209439151839,"walk_out":15.210698130506128,"walk_back":15.210698130506128},"rail-007622":{"out":8.636764240940833,"back":8.636764240940833,"walk_out":28.789214136469443,"walk_back":28.789214136469443},"rail-007395":{"out":19.1700946764991,"back":19.1700946764991,"walk_out":63.90031558833033,"walk_back":63.90031558833033},"rail-007654":{"out":16.672489291417953,"back":16.672489291417953,"walk_out":55.574964304726514,"walk_back":55.574964304726514},"taisho":{"out":23.6740714879978,"back":23.6740714879978,"walk_out":78.91357162665933,"walk_back":78.91357162665933},"uehommachi":{"out":25.378315604633546,"back":25.378315604633546,"walk_out":84.59438534877849,"walk_back":84.59438534877849},"osakako":{"out":28.028759076987914,"back":28.028759076987914,"walk_out":93.42919692329305,"walk_back":93.42919692329305},"rail-007451":{"out":16.35680870455999,"back":16.35680870455999,"walk_out":54.52269568186664,"walk_back":54.52269568186664},"rail-007483":{"out":10.620681167402324,"back":10.620681167402324,"walk_out":35.40227055800775,"walk_back":35.40227055800775},"tennoji":{"out":16.60673537725859,"back":16.60673537725859,"walk_out":55.35578459086197,"walk_back":55.35578459086197},"rail-007447":{"out":16.33719824802302,"back":16.33719824802302,"walk_out":54.45732749341008,"walk_back":54.45732749341008},"rail-007515":{"out":7.237782000972117,"back":7.237782000972117,"walk_out":24.12594000324039,"walk_back":24.12594000324039},"rail-007646":{"out":14.206903697484424,"back":14.206903697484424,"walk_out":47.35634565828142,"walk_back":47.35634565828142},"rail-007532":{"out":6.044274132742308,"back":6.044274132742308,"walk_out":20.14758044247436,"walk_back":20.14758044247436},"rail-007592":{"out":3.682230014311987,"back":3.682230014311987,"walk_out":12.274100047706623,"walk_back":12.274100047706623},"rail-007666":{"out":18.153984684316757,"back":18.153984684316757,"walk_out":60.51328228105585,"walk_back":60.51328228105585},"rail-007673":{"out":19.68476219595879,"back":19.68476219595879,"walk_out":65.6158739865293,"walk_back":65.6158739865293},"rail-007434":{"out":19.013906085395952,"back":19.013906085395952,"walk_out":63.37968695131983,"walk_back":63.37968695131983},"rail-007493":{"out":9.265136706351381,"back":9.265136706351381,"walk_out":30.883789021171268,"walk_back":30.883789021171268},"rail-007517":{"out":6.8914750883558575,"back":6.8914750883558575,"walk_out":22.97158362785286,"walk_back":22.97158362785286},"rail-007657":{"out":23.201430160292954,"back":23.201430160292954,"walk_out":77.33810053430985,"walk_back":77.33810053430985},"rail-007538":{"out":4.281937560093414,"back":4.281937560093414,"walk_out":14.273125200311382,"walk_back":14.273125200311382},"rail-007547":{"out":4.266289495681821,"back":4.266289495681821,"walk_out":14.220964985606072,"walk_back":14.220964985606072},"rail-007559":{"out":2.882004374926433,"back":2.882004374926433,"walk_out":9.606681249754775,"walk_back":9.606681249754775},"rail-007575":{"out":12.679862811301975,"back":12.679862811301975,"walk_out":42.26620937100658,"walk_back":42.26620937100658},"rail-007505":{"out":22.616400413477233,"back":22.616400413477233,"walk_out":75.38800137825744,"walk_back":75.38800137825744},"rail-007546":{"out":20.646691963971428,"back":20.646691963971428,"walk_out":68.82230654657143,"walk_back":68.82230654657143},"bentencho":{"out":27.638228786716372,"back":27.638228786716372,"walk_out":92.12742928905458,"walk_back":92.12742928905458},"rail-007682":{"out":21.266291158686602,"back":21.266291158686602,"walk_out":70.887637195622,"walk_back":70.887637195622},"shinsaibashi":{"out":27.272864505188934,"back":27.272864505188934,"walk_out":90.90954835062978,"walk_back":90.90954835062978},"rail-007399":{"out":18.444558241890167,"back":18.444558241890167,"walk_out":61.48186080630056,"walk_back":61.48186080630056},"rail-007611":{"out":9.64883483916776,"back":9.64883483916776,"walk_out":32.162782797225866,"walk_back":32.162782797225866},"rail-007609":{"out":6.109408859426961,"back":6.109408859426961,"walk_out":20.36469619808987,"walk_back":20.36469619808987},"rail-007595":{"out":7.116055067460466,"back":7.116055067460466,"walk_out":23.720183558201555,"walk_back":23.720183558201555},"rail-007607":{"out":6.030373687291567,"back":6.030373687291567,"walk_out":20.10124562430522,"walk_back":20.10124562430522},"rail-007486":{"out":13.609002595570312,"back":13.609002595570312,"walk_out":45.36334198523437,"walk_back":45.36334198523437},"shinimamiya":{"out":16.55984656643273,"back":16.55984656643273,"walk_out":55.19948855477576,"walk_back":55.19948855477576},"rail-007427":{"out":16.519557049735738,"back":16.519557049735738,"walk_out":55.06519016578579,"walk_back":55.06519016578579},"rail-007523":{"out":28.16471780975482,"back":28.16471780975482,"walk_out":93.88239269918273,"walk_back":93.88239269918273},"rail-007690":{"out":21.683016659975443,"back":21.683016659975443,"walk_out":72.27672219991814,"walk_back":72.27672219991814},"nipponbashi":{"out":24.134809171669325,"back":24.134809171669325,"walk_out":80.44936390556443,"walk_back":80.44936390556443},"rail-007499":{"out":12.3388141649466,"back":12.3388141649466,"walk_out":41.129380549822,"walk_back":41.129380549822},"rail-007370":{"out":26.59629118622735,"back":26.59629118622735,"walk_out":88.65430395409116,"walk_back":88.65430395409116},"rail-007406":{"out":18.712998259729183,"back":18.712998259729183,"walk_out":62.376660865763945,"walk_back":62.376660865763945},"rail-007623":{"out":9.77106191885248,"back":9.77106191885248,"walk_out":32.57020639617493,"walk_back":32.57020639617493},"rail-007500":{"out":10.21837786431016,"back":10.21837786431016,"walk_out":34.06125954770053,"walk_back":34.06125954770053},"rail-007699":{"out":24.28690091776912,"back":24.28690091776912,"walk_out":80.95633639256374,"walk_back":80.95633639256374},"rail-007525":{"out":6.092012886449199,"back":6.092012886449199,"walk_out":20.30670962149733,"walk_back":20.30670962149733},"rail-007553":{"out":2.1634430503611015,"back":2.1634430503611015,"walk_out":7.211476834537005,"walk_back":7.211476834537005},"rail-007479":{"out":19.69631397776689,"back":19.69631397776689,"walk_out":65.65437992588963,"walk_back":65.65437992588963},"rail-007250":{"out":28.536895481958407,"back":28.536895481958407,"walk_out":95.12298493986135,"walk_back":95.12298493986135},"rail-007472":{"out":11.954960948012516,"back":11.954960948012516,"walk_out":39.849869826708385,"walk_back":39.849869826708385},"rail-007487":{"out":11.600978217560701,"back":11.600978217560701,"walk_out":38.669927391869,"walk_back":38.669927391869},"rail-007380":{"out":23.814683771699734,"back":23.814683771699734,"walk_out":79.3822792389991,"walk_back":79.3822792389991},"sakuragawa":{"out":24.599696220095304,"back":24.599696220095304,"walk_out":81.99898740031769,"walk_back":81.99898740031769},"rail-007303":{"out":24.253243961777887,"back":24.253243961777887,"walk_out":80.84414653925963,"walk_back":80.84414653925963},"rail-007587":{"out":3.4397943628671603,"back":3.4397943628671603,"walk_out":11.465981209557201,"walk_back":11.465981209557201},"rail-007639":{"out":19.829618046536666,"back":19.829618046536666,"walk_out":66.09872682178889,"walk_back":66.09872682178889},"rail-007668":{"out":28.97884095315079,"back":28.97884095315079,"walk_out":96.59613651050263,"walk_back":96.59613651050263},"rail-007470":{"out":16.787927493538916,"back":16.787927493538916,"walk_out":55.959758311796385,"walk_back":55.959758311796385},"rail-007442":{"out":15.413804995690581,"back":15.413804995690581,"walk_out":51.379349985635265,"walk_back":51.379349985635265},"rail-007641":{"out":12.963234193021409,"back":12.963234193021409,"walk_out":43.210780643404696,"walk_back":43.210780643404696},"rail-007630":{"out":10.579099314375235,"back":10.579099314375235,"walk_out":35.263664381250784,"walk_back":35.263664381250784},"rail-007683":{"out":22.517980753283013,"back":22.517980753283013,"walk_out":75.05993584427671,"walk_back":75.05993584427671},"rail-007533":{"out":4.851240761658946,"back":4.851240761658946,"walk_out":16.170802538863157,"walk_back":16.170802538863157},"rail-007519":{"out":13.584134023257167,"back":13.584134023257167,"walk_out":45.280446744190556,"walk_back":45.280446744190556},"rail-007733":{"out":29.109853692350438,"back":29.109853692350438,"walk_out":97.03284564116812,"walk_back":97.03284564116812},"rail-007709":{"out":24.43271586547125,"back":24.43271586547125,"walk_out":81.44238621823749,"walk_back":81.44238621823749},"rail-007704":{"out":23.473352771833934,"back":23.473352771833934,"walk_out":78.24450923944644,"walk_back":78.24450923944644},"rail-007590":{"out":14.991225553998802,"back":14.991225553998802,"walk_out":49.97075184666267,"walk_back":49.97075184666267},"rail-007714":{"out":29.300529907844435,"back":29.300529907844435,"walk_out":97.66843302614812,"walk_back":97.66843302614812},"rail-007706":{"out":26.644213400397533,"back":26.644213400397533,"walk_out":88.81404466799177,"walk_back":88.81404466799177},"rail-007707":{"out":28.104534507810566,"back":28.104534507810566,"walk_out":93.68178169270189,"walk_back":93.68178169270189},"rail-007564":{"out":1.743473485696476,"back":1.743473485696476,"walk_out":5.81157828565492,"walk_back":5.81157828565492},"rail-007640":{"out":13.21517326690242,"back":13.21517326690242,"walk_out":44.0505775563414,"walk_back":44.0505775563414},"rail-007554":{"out":2.152255462594057,"back":2.152255462594057,"walk_out":7.174184875313524,"walk_back":7.174184875313524},"rail-007579":{"out":1.768668195141799,"back":1.768668195141799,"walk_out":5.895560650472664,"walk_back":5.895560650472664},"rail-007635":{"out":11.883147735431175,"back":11.883147735431175,"walk_out":39.61049245143725,"walk_back":39.61049245143725},"rail-007475":{"out":15.901580211434142,"back":15.901580211434142,"walk_out":53.00526737144714,"walk_back":53.00526737144714},"rail-007498":{"out":9.063087300131777,"back":9.063087300131777,"walk_out":30.210291000439256,"walk_back":30.210291000439256},"rail-007379":{"out":20.15117153655603,"back":20.15117153655603,"walk_out":67.1705717885201,"walk_back":67.1705717885201},"rail-007371":{"out":21.113662052331915,"back":21.113662052331915,"walk_out":70.37887350777305,"walk_back":70.37887350777305},"rail-007454":{"out":13.771428849197266,"back":13.771428849197266,"walk_out":45.90476283065755,"walk_back":45.90476283065755},"rail-007650":{"out":15.245147478275898,"back":15.245147478275898,"walk_out":50.817158260919655,"walk_back":50.817158260919655},"rail-007452":{"out":14.495628729521322,"back":14.495628729521322,"walk_out":48.31876243173774,"walk_back":48.31876243173774},"rail-007477":{"out":29.32080463725365,"back":29.32080463725365,"walk_out":97.73601545751218,"walk_back":97.73601545751218},"rail-007249":{"out":27.64694206040821,"back":27.64694206040821,"walk_out":92.15647353469403,"walk_back":92.15647353469403},"rail-007476":{"out":11.298110992681071,"back":11.298110992681071,"walk_out":37.66036997560357,"walk_back":37.66036997560357},"rail-007540":{"out":8.903966714925337,"back":8.903966714925337,"walk_out":29.679889049751125,"walk_back":29.679889049751125},"rail-007246":{"out":27.02384027841994,"back":27.02384027841994,"walk_out":90.07946759473313,"walk_back":90.07946759473313},"tanimachi9":{"out":25.295570840730527,"back":25.295570840730527,"walk_out":84.31856946910176,"walk_back":84.31856946910176},"tanimachi6":{"out":28.872502787139076,"back":28.872502787139076,"walk_out":96.24167595713025,"walk_back":96.24167595713025},"rail-007317":{"out":24.25803858567288,"back":24.25803858567288,"walk_out":80.86012861890961,"walk_back":80.86012861890961},"rail-007562":{"out":14.742246459412206,"back":14.742246459412206,"walk_out":49.140821531374016,"walk_back":49.140821531374016},"rail-007594":{"out":29.950737772957105,"back":29.950737772957105,"walk_out":99.83579257652369,"walk_back":99.83579257652369},"nagahoribashi":{"out":27.981616926743243,"back":27.981616926743243,"walk_out":93.27205642247748,"walk_back":93.27205642247748},"nagai":{"out":7.754993299770737,"back":7.754993299770737,"walk_out":25.849977665902458,"walk_back":25.849977665902458},"rail-007460":{"out":14.38143487172783,"back":14.38143487172783,"walk_out":47.938116239092764,"walk_back":47.938116239092764},"rail-007543":{"out":14.99829732600662,"back":14.99829732600662,"walk_out":49.99432442002207,"walk_back":49.99432442002207},"rail-007669":{"out":25.78721287047066,"back":25.78721287047066,"walk_out":85.9573762349022,"walk_back":85.9573762349022},"rail-007628":{"out":10.577746272320518,"back":10.577746272320518,"walk_out":35.259154241068394,"walk_back":35.259154241068394},"rail-007556":{"out":9.052299562489544,"back":9.052299562489544,"walk_out":30.17433187496515,"walk_back":30.17433187496515},"tsuruhashi":{"out":27.006636215736577,"back":27.006636215736577,"walk_out":90.02212071912193,"walk_back":90.02212071912193}}}},{"type":"Feature","geometry":{"type":"Point","coordinates":[135.5359242206797,34.809088633585226]},"properties":{"id":"osaka-info-11105","name":"万博記念公園 EXPO'70パビリオン企画展 1970年大阪万博ビフォー・アフター展 ～あのパビリオンはいまどこに？～ 2026","venue":"EXPO’70パビリオン","address":"吹田市千里万博公園","category":"アート","date":"2026-03-14","end_date":"2027-02-28","start":null,"end":null,"schedule":"【期間】2026年3月14日(土)～ 2027年2月28日(日)※別イベント開催のため、2026年8月3日(月)～8月28日(金)休止※休園日・別イベントの開催などによる休止日がございます。【時間】10:00～17:00(入館は16:30まで)","url":"https://osaka-info.jp/event/expo70-before-after/","source":"OSAKA-INFO（大阪観光局）","source_category":"展覧会 / 特別公開","source_updated":"2026-04-21","fetched_at":"2026-09-13T05:27:23.764Z","coordinate_source":"https://osaka-info.jp/event/expo70-before-after/","fictional":false,"access":{"rail-006498":{"out":17.52457533748063,"back":17.52457533748063,"walk_out":58.41525112493544,"walk_back":58.41525112493544},"rail-006860":{"out":29.11916570968359,"back":29.11916570968359,"walk_out":97.0638856989453,"walk_back":97.0638856989453},"rail-006601":{"out":2.342158669198666,"back":2.342158669198666,"walk_out":7.8071955639955535,"walk_back":7.8071955639955535},"rail-006833":{"out":26.274054938209417,"back":26.274054938209417,"walk_out":87.58018312736472,"walk_back":87.58018312736472},"rail-006849":{"out":28.484066430359263,"back":28.484066430359263,"walk_out":94.94688810119754,"walk_back":94.94688810119754},"rail-006797":{"out":22.170436837800956,"back":22.170436837800956,"walk_out":73.90145612600318,"walk_back":73.90145612600318},"rail-006584":{"out":1.4976408352301953,"back":1.4976408352301953,"walk_out":4.992136117433984,"walk_back":4.992136117433984},"rail-006543":{"out":10.285075664662072,"back":10.285075664662072,"walk_out":34.283585548873575,"walk_back":34.283585548873575},"rail-006672":{"out":9.663913292448758,"back":9.663913292448758,"walk_out":32.21304430816253,"walk_back":32.21304430816253},"rail-006587":{"out":14.895466126876748,"back":14.895466126876748,"walk_out":49.65155375625582,"walk_back":49.65155375625582},"rail-006716":{"out":17.399675142159417,"back":17.399675142159417,"walk_out":57.99891714053139,"walk_back":57.99891714053139},"rail-006668":{"out":12.390835433665703,"back":12.390835433665703,"walk_out":41.30278477888568,"walk_back":41.30278477888568},"rail-006836":{"out":28.008893399581023,"back":28.008893399581023,"walk_out":93.36297799860341,"walk_back":93.36297799860341},"rail-006769":{"out":22.953055262048508,"back":22.953055262048508,"walk_out":76.51018420682836,"walk_back":76.51018420682836},"rail-006612":{"out":11.056592066589799,"back":11.056592066589799,"walk_out":36.85530688863266,"walk_back":36.85530688863266},"rail-006798":{"out":23.03742382847413,"back":23.03742382847413,"walk_out":76.79141276158043,"walk_back":76.79141276158043},"suita":{"out":20.879373280527968,"back":20.879373280527968,"walk_out":69.59791093509322,"walk_back":69.59791093509322},"rail-006596":{"out":6.792474062715565,"back":6.792474062715565,"walk_out":22.64158020905188,"walk_back":22.64158020905188},"rail-006475":{"out":23.756716443002656,"back":23.756716443002656,"walk_out":79.18905481000886,"walk_back":79.18905481000886},"rail-006608":{"out":22.228790068133552,"back":22.228790068133552,"walk_out":74.09596689377851,"walk_back":74.09596689377851},"rail-006604":{"out":7.773023590088586,"back":7.773023590088586,"walk_out":25.91007863362862,"walk_back":25.91007863362862},"rail-006717":{"out":29.15184860781864,"back":29.15184860781864,"walk_out":97.1728286927288,"walk_back":97.1728286927288},"rail-006721":{"out":14.436717874268897,"back":14.436717874268897,"walk_out":48.12239291422966,"walk_back":48.12239291422966},"rail-006427":{"out":20.999997764672997,"back":20.999997764672997,"walk_out":69.99999254890999,"walk_back":69.99999254890999},"rail-006713":{"out":15.933034121052167,"back":15.933034121052167,"walk_out":53.11011373684056,"walk_back":53.11011373684056},"rail-006467":{"out":24.516488415084005,"back":24.516488415084005,"walk_out":81.72162805028002,"walk_back":81.72162805028002},"rail-006695":{"out":12.007996657123984,"back":12.007996657123984,"walk_out":40.02665552374661,"walk_back":40.02665552374661},"rail-006627":{"out":28.47579756965381,"back":28.47579756965381,"walk_out":94.91932523217938,"walk_back":94.91932523217938},"rail-006664":{"out":15.794824958058731,"back":15.794824958058731,"walk_out":52.64941652686244,"walk_back":52.64941652686244},"rail-006560":{"out":27.63035313586522,"back":27.63035313586522,"walk_out":92.10117711955074,"walk_back":92.10117711955074},"rail-006726":{"out":15.373908504913235,"back":15.373908504913235,"walk_out":51.24636168304412,"walk_back":51.24636168304412},"rail-006800":{"out":26.504582554200166,"back":26.504582554200166,"walk_out":88.34860851400056,"walk_back":88.34860851400056},"rail-006662":{"out":12.85636212571294,"back":12.85636212571294,"walk_out":42.85454041904313,"walk_back":42.85454041904313},"rail-006527":{"out":26.35790067626496,"back":26.35790067626496,"walk_out":87.85966892088321,"walk_back":87.85966892088321},"rail-006824":{"out":25.534348361191206,"back":25.534348361191206,"walk_out":85.11449453730403,"walk_back":85.11449453730403},"rail-006807":{"out":22.927296680849675,"back":22.927296680849675,"walk_out":76.42432226949892,"walk_back":76.42432226949892},"rail-006481":{"out":27.150172769887046,"back":27.150172769887046,"walk_out":90.50057589962348,"walk_back":90.50057589962348},"rail-010184":{"out":17.583158674655,"back":17.583158674655,"walk_out":58.61052891551667,"walk_back":58.61052891551667},"rail-010183":{"out":19.815820704872056,"back":19.815820704872056,"walk_out":66.05273568290686,"walk_back":66.05273568290686},"rail-006508":{"out":19.571094196846897,"back":19.571094196846897,"walk_out":65.23698065615632,"walk_back":65.23698065615632},"rail-006728":{"out":21.27535424676092,"back":21.27535424676092,"walk_out":70.91784748920306,"walk_back":70.91784748920306},"ibaraki":{"out":9.917753237751644,"back":9.917753237751644,"walk_out":33.05917745917215,"walk_back":33.05917745917215},"ibaraki_shi":{"out":14.887332176645792,"back":14.887332176645792,"walk_out":49.624440588819304,"walk_back":49.624440588819304},"toyonaka":{"out":28.698114417333212,"back":28.698114417333212,"walk_out":95.6603813911107,"walk_back":95.6603813911107},"rail-006478":{"out":11.832033978309603,"back":11.832033978309603,"walk_out":39.44011326103201,"walk_back":39.44011326103201},"rail-006772":{"out":22.129617213372082,"back":22.129617213372082,"walk_out":73.76539071124027,"walk_back":73.76539071124027},"rail-006740":{"out":20.17185198148898,"back":20.17185198148898,"walk_out":67.23950660496327,"walk_back":67.23950660496327},"rail-006550":{"out":4.736740336774943,"back":4.736740336774943,"walk_out":15.789134455916477,"walk_back":15.789134455916477}}}}]}
